Date,BBAS3.SA,BPAC11.SA,CURY3.SA,ENGI11.SA,GOOGL,ITUB4.SA,MBRF3.SA,MSFT,MULT3.SA,NVDA,PRIO3.SA,RAIL3.SA,RDOR3.SA,RENT3.SA,SUZB3.SA,TEND3.SA,WEGE3.SA,IBOVESPA,CDI
2021-03-29,9.954352378845215,19.941884994506836,5.582015514373779,30.81916618347168,101.32532501220703,17.826940536499023,10.73994255065918,224.81578063964844,19.231088638305664,12.886242866516113,18.84972381591797,18.795978546142578,51.028995513916016,48.30108642578125,63.77745819091797,22.868268966674805,32.04042434692383,115419.0,100.03114023182104
2021-03-30,10.261667251586914,21.18811798095703,5.747999668121338,31.23990821838379,101.3590087890625,18.11918830871582,10.648147583007812,221.57594299316406,20.310386657714844,12.810108184814453,18.424407958984375,18.975168228149414,52.401641845703125,50.26338195800781,61.66435623168945,23.566394805908203,33.35137939453125,116850.0,100.0415224638657
2021-03-31,10.171478271484375,21.107648849487305,5.987757205963135,31.716739654541016,102.15393829345703,17.76976776123047,10.776659965515137,225.322265625,20.024208068847656,13.284327507019043,18.426403045654297,19.097768783569336,53.998897552490234,50.20454788208008,59.85685729980469,23.262083053588867,33.13361740112305,116634.0,100.05190577348225
2021-04-01,10.004457473754883,20.563913345336914,5.8832478523254395,31.008502960205078,105.48524475097656,17.226274490356445,10.935770034790039,231.61065673828125,19.778915405273438,13.745607376098633,18.166820526123047,19.012889862060547,53.57830047607422,50.465110778808594,60.468082427978516,23.00252342224121,33.35580825805664,115253.0,100.06229016078248
2021-04-05,9.991096496582031,21.41213607788086,6.0553812980651855,31.085634231567383,109.90221405029297,17.44876480102539,10.721583366394043,238.03286743164062,20.07326889038086,13.920513153076172,18.09493637084961,19.55988883972168,53.94475555419922,51.71749496459961,60.468082427978516,23.324737548828125,34.17794418334961,117518.0,100.07267562587828
2021-04-06,9.870842933654785,21.44911003112793,6.067676544189453,31.2679500579834,109.4217758178711,17.24534034729004,10.764421463012695,236.8765106201172,19.844324111938477,13.795120239257812,18.66801643371582,19.739078521728516,55.43559646606445,52.415130615234375,61.341270446777344,24.157123565673828,34.26236343383789,117499.0,100.08306216888147
2021-04-07,9.80737590789795,21.488258361816406,6.030789852142334,30.559709548950195,110.89625549316406,17.092784881591797,10.911293029785156,238.8260955810547,19.615381240844727,14.075770378112793,18.889659881591797,19.097768783569336,56.268470764160156,52.44874954223633,60.99198532104492,24.398784637451172,33.84463882446289,117624.0,100.093449789904
2021-04-08,9.723864555358887,21.69922637939453,6.086118698120117,30.538667678833008,111.46086883544922,16.959304809570312,11.094880104064941,242.02764892578125,19.116619110107422,14.248437881469727,18.919612884521484,19.28639030456543,55.1357536315918,53.45737838745117,61.498443603515625,24.058671951293945,33.97794723510742,118313.0,100.10383848905771
2021-04-09,9.750589370727539,21.433887481689453,6.270545482635498,30.145978927612305,112.46334075927734,16.933874130249023,11.22339153289795,244.51243591308594,19.378267288208008,14.331038475036621,18.86769676208496,19.154354095458984,54.910892486572266,52.94465637207031,62.32796859741211,24.810503005981445,33.55579376220703,117670.0,100.11422826645449
2021-04-12,9.870842933654785,21.58612823486328,6.1906280517578125,30.48958969116211,111.1731185913086,17.35340690612793,11.28768539428711,244.5697784423828,19.239267349243164,15.136163711547852,19.350919723510742,19.314682006835938,57.467777252197266,52.936256408691406,62.869346618652344,24.74785041809082,33.55579376220703,118812.0,100.12461912220627
2021-04-13,9.870842933654785,21.444761276245117,6.129150867462158,30.538667678833008,111.65898895263672,17.347049713134766,11.052522659301758,247.03546142578125,19.460031509399414,15.604410171508789,20.067768096923828,19.12606430053711,57.99250030517578,53.12117385864258,63.21862030029297,24.756799697875977,33.32025909423828,119297.0,100.13501105642497
2021-04-14,9.887545585632324,21.65789794921875,6.184478759765625,30.174028396606445,111.03888702392578,17.569536209106445,11.665178298950195,244.26394653320312,19.034852981567383,15.203838348388672,20.327350616455078,19.192079544067383,57.88423538208008,53.49940490722656,62.30177307128906,24.604644775390625,33.87575149536133,120295.0,100.14540406922252
2021-04-15,9.900906562805176,21.581783294677734,6.209070205688477,30.167015075683594,113.18545532226562,17.569536209106445,11.943656921386719,248.00067138671875,19.394617080688477,16.059967041015625,19.488698959350586,19.4278564453125,57.71764373779297,53.45737838745117,62.9566650390625,24.73889923095703,34.79563522338867,120701.0,100.15579816071087
2021-04-16,9.94433307647705,22.153785705566406,6.37505578994751,30.167015075683594,113.06163024902344,17.766586303710938,11.980788230895996,249.18569946289062,19.50090980529785,15.836297035217285,19.596525192260742,19.814523696899414,58.3006477355957,53.94489288330078,62.100948333740234,24.649396896362305,34.24014663696289,121114.0,100.16619333100198
2021-04-19,9.894224166870117,21.69487762451172,6.448825836181641,30.742029190063477,113.4088363647461,17.499610900878906,12.25307846069336,247.2743682861328,19.558151245117188,15.28818130493164,19.169212341308594,19.625905990600586,57.95084762573242,52.48236846923828,62.9566650390625,24.210826873779297,33.68466567993164,120934.0,100.1765895802078
2021-04-20,10.054564476013184,21.379512786865234,6.424237251281738,30.92435073852539,112.87640380859375,17.41061782836914,12.81622314453125,246.81568908691406,19.56632423400879,15.098596572875977,18.562185287475586,19.588180541992188,57.32620620727539,51.92762756347656,63.12257766723633,23.745407104492188,32.82698440551758,120062.0,100.18698690844035
2021-04-21,10.054564476013184,21.379512786865234,6.424237251281738,30.92435073852539,112.84371948242188,17.41061782836914,12.81622314453125,249.0328369140625,19.56632423400879,15.286937713623047,18.562185287475586,19.588180541992188,57.32620620727539,51.92762756347656,63.12257766723633,23.745407104492188,32.82698440551758,120062.0,100.18698690844035
2021-04-22,9.964373588562012,21.2250919342041,6.252102851867676,30.538667678833008,111.56438446044922,17.41697883605957,12.946182250976562,245.77395629882812,18.887672424316406,14.779132843017578,18.164823532104492,19.616472244262695,56.218482971191406,51.16273880004883,60.730045318603516,23.58429718017578,32.387046813964844,119371.0,100.19738531581157
2021-04-23,10.044543266296387,21.61005210876465,6.1475934982299805,30.847213745117188,113.91253662109375,17.499610900878906,12.680079460144043,249.57757568359375,19.27197265625,15.192146301269531,18.34054183959961,19.861679077148438,57.7592887878418,51.86038589477539,61.1666374206543,23.951263427734375,33.42247009277344,120530.0,100.20778480243351
2021-04-26,10.054564476013184,22.14943504333496,6.430847644805908,30.566726684570312,114.40782928466797,17.486902236938477,12.612007141113281,249.95986938476562,19.623563766479492,15.403878211975098,18.031038284301758,19.50330352783203,57.817588806152344,52.04530334472656,60.56413650512695,23.825960159301758,33.16472244262695,120595.0,100.21818536841816
2021-04-27,9.94433307647705,22.7584171295166,6.251680850982666,30.95240020751953,113.46925354003906,17.219913482666016,12.370657920837402,250.3612823486328,19.321027755737305,15.308087348937988,17.987110137939453,19.258094787597656,57.16794967651367,51.30563735961914,61.882652282714844,23.458993911743164,32.89365005493164,119388.0,100.22858701387756
2021-04-28,10.121371269226074,23.14772605895996,6.213286876678467,31.366127014160156,116.84017181396484,17.96931266784668,11.788945198059082,243.2795867919922,19.58268165588379,15.203588485717773,18.424407958984375,19.55988883972168,57.692649841308594,53.05392837524414,58.974937438964844,23.548498153686523,32.44038391113281,121053.0,100.23898973892373
2021-04-29,9.900906562805176,23.104232788085938,6.200489044189453,31.660640716552734,118.51029205322266,17.40239906311035,12.005541801452637,241.32044982910156,19.157501220703125,15.251360893249512,18.49030113220215,19.399559020996094,57.88423538208008,53.26406478881836,59.062255859375,23.450042724609375,31.542709350585938,120066.0,100.24939354366876
2021-04-30,9.900906562805176,23.271699905395508,6.290073871612549,30.938371658325195,116.56580352783203,17.536174774169922,11.99935245513916,241.00506591796875,18.8304443359375,14.93761920928955,18.28662872314453,18.861995697021484,59.88310623168945,54.045745849609375,59.961631774902344,23.181529998779297,31.116092681884766,118894.0,100.25979842822466
2021-05-03,9.93764877319336,24.33523941040039,6.270875453948975,30.62983512878418,116.0497055053711,17.781545639038086,11.677555084228516,240.69927978515625,19.623563766479492,14.765698432922363,18.342538833618164,19.682491302490234,57.96750259399414,53.906219482421875,59.114646911621094,23.395793914794922,30.61838150024414,119209.0,100.27020439270353
2021-05-04,9.810714721679688,23.391321182250977,6.258077621459961,30.552698135375977,114.2542953491211,17.023120880126953,11.937468528747559,236.8096160888672,19.33738136291504,14.282525062561035,19.021448135375977,19.50330352783203,57.259559631347656,52.7542724609375,59.03606414794922,23.053329467773438,29.951801300048828,117712.0,100.28061143721744
2021-05-05,9.773971557617188,23.924175262451172,6.30286979675293,30.763065338134766,114.64755249023438,17.507492065429688,12.25307846069336,235.54812622070312,19.35373878479004,14.38925838470459,19.36888885498047,19.663631439208984,57.96750259399414,51.795719146728516,59.08845520019531,23.224563598632812,30.84946632385254,119564.0,100.29101956187851
2021-05-06,9.757268905639648,24.31131362915039,6.347663402557373,30.685930252075195,115.76591491699219,17.399145126342773,11.887961387634277,238.66363525390625,19.468210220336914,14.453449249267578,19.169212341308594,19.522165298461914,59.050235748291016,51.938655853271484,58.90508270263672,23.098390579223633,29.97846221923828,119921.0,100.30432717726418
2021-05-07,10.001118659973145,24.33740997314453,6.456443786621094,31.218868255615234,116.48802947998047,17.60945701599121,12.092179298400879,241.2726593017578,20.294034957885742,14.741315841674805,19.1791934967041,20.125747680664062,59.624916076660156,53.149471282958984,58.870155334472656,23.350730895996094,29.70293426513672,122038.0,100.31763655843733
2021-05-10,10.131391525268555,24.430931091308594,6.558825492858887,30.65087127685547,113.50740814208984,17.870771408081055,12.51298999786377,236.2266387939453,20.473915100097656,14.197431564331055,18.45036506652832,20.21062660217285,60.29954147338867,52.93084716796875,59.7869987487793,23.044315338134766,28.71640396118164,121909.0,100.33094770563227
2021-05-11,10.20488166809082,23.982898712158203,6.526831150054932,30.749040603637695,112.43311309814453,17.83252716064453,12.822412490844727,235.3187255859375,20.302207946777344,14.237738609313965,18.1408634185791,19.993717193603516,59.666542053222656,52.838356018066406,59.65602111816406,22.71086311340332,28.698623657226562,122964.0,100.34426061908334
2021-05-12,10.138073921203613,23.45004653930664,6.258077621459961,29.809389114379883,108.97551727294922,17.57122230529785,11.83226490020752,228.40911865234375,19.026681900024414,13.692612648010254,17.78143882751465,19.06004524230957,60.14128494262695,49.02094268798828,59.74333572387695,22.043956756591797,27.792072296142578,119710.0,100.35757529902489
2021-05-13,10.40864372253418,24.36133575439453,6.354061603546143,30.917339324951172,110.40145111083984,18.081087112426758,11.386697769165039,232.26055908203125,19.378267288208008,13.599806785583496,17.302209854125977,19.663631439208984,60.782596588134766,49.43295669555664,58.33750534057617,22.269264221191406,28.263124465942383,120706.0,100.37089174569131
2021-05-14,10.40864372253418,24.424409866333008,6.50763463973999,31.730772018432617,112.84519958496094,18.48261070251465,11.491900444030762,237.15365600585938,19.795265197753906,14.174792289733887,18.290620803833008,19.7579402923584,61.38226318359375,49.43295669555664,56.888023376464844,22.963207244873047,28.529756546020508,121881.0,100.38420995931705
2021-05-17,10.592367172241211,25.200855255126953,6.456443786621094,31.878023147583008,113.36722564697266,18.469863891601562,11.430017471313477,234.31524658203125,20.114151000976562,14.097662925720215,18.779834747314453,19.522165298461914,63.29784393310547,50.38310241699219,58.08428955078125,23.01728057861328,28.591968536376953,122938.0,100.39752994013655
2021-05-18,10.739341735839844,24.881139755249023,6.398852348327637,31.41520881652832,112.05718231201172,18.431621551513672,11.306248664855957,232.30833435058594,19.96697425842285,13.948629379272461,18.60012435913086,19.465576171875,59.93328094482422,51.291202545166016,58.03189468383789,22.53061866760254,28.796390533447266,122980.0,100.41085168838431
2021-05-19,10.923067092895508,25.155181884765625,6.2388834953308105,31.88504409790039,112.50444030761719,18.565458297729492,11.758004188537598,232.8830108642578,20.089616775512695,13.998391151428223,18.2307186126709,19.069477081298828,60.08332824707031,50.248565673828125,57.57783889770508,22.224201202392578,28.085369110107422,122636.0,100.42417520429483
2021-05-20,10.956467628479004,25.949031829833984,6.206887245178223,32.200592041015625,114.26023864746094,18.66743278503418,11.782756805419922,236.10159301757812,20.531150817871094,14.542521476745605,17.701568603515625,19.06004524230957,61.45037078857422,52.52724075317383,55.167850494384766,22.215190887451172,28.31644630432129,122701.0,100.4375004881027
2021-05-21,11.04999828338623,25.798959732055664,6.021321773529053,32.25668716430664,113.62527465820312,18.75666046142578,11.170103073120117,234.8467559814453,20.048734664916992,14.919955253601074,17.991104125976562,18.833702087402344,62.017189025878906,52.87199401855469,56.626068115234375,21.494211196899414,28.183128356933594,122592.0,100.45082754004247
2021-05-24,11.122542381286621,26.65805435180664,5.957332611083984,32.81066131591797,116.93923950195312,18.705669403076172,11.13297176361084,240.22055053710938,20.130504608154297,15.53723430633545,19.169212341308594,19.616472244262695,60.97522735595703,54.0239372253418,56.14582061767578,21.51223373413086,29.018579483032227,124032.0,100.46415636034875
2021-05-25,10.973699569702148,26.492759704589844,5.842154026031494,32.78261184692383,117.0298843383789,18.513355255126953,11.15772819519043,241.12095642089844,20.424856185913086,15.572813987731934,18.7998046875,19.550457000732422,61.592079162597656,53.14105224609375,56.46016311645508,21.782604217529297,29.30299949645996,122988.0,100.4774869492562
2021-05-26,11.156366348266602,26.31659507751465,5.835753917694092,32.62133026123047,117.89366912841797,18.768714904785156,11.467147827148438,240.90061950683594,20.621095657348633,15.624815940856934,18.819772720336914,19.616472244262695,61.26698684692383,53.309226989746094,54.329593658447266,21.719514846801758,29.151899337768555,123989.0,100.49081930699953
2021-05-27,11.30859088897705,26.686328887939453,6.040515899658203,32.85975646972656,117.02046966552734,18.60909652709961,11.300061225891113,238.81243896484375,20.751914978027344,15.41383171081543,19.299001693725586,19.663631439208984,59.18307113647461,51.9134407043457,54.66140365600586,21.854698181152344,29.160783767700195,124367.0,100.50415343381339
2021-05-28,11.345804214477539,26.738529205322266,6.072511196136475,33.1121940612793,116.7317123413086,18.91554832458496,11.293872833251953,239.16683959960938,20.923620223999023,16.16670799255371,19.62847328186035,19.69192123413086,59.18307113647461,52.08159637451172,53.73582458496094,21.719514846801758,30.573938369750977,125561.0,100.5174893299325
2021-05-31,11.32889175415039,26.979948043823242,6.014922618865967,32.62133026123047,116.7317123413086,18.858081817626953,11.368133544921875,239.16683959960938,20.980857849121094,16.16670799255371,19.698360443115234,19.493871688842773,58.53289031982422,52.67860794067383,53.02854537963867,21.683467864990234,30.351743698120117,126216.0,100.53082699559171
2021-06-01,11.49464225769043,26.534088134765625,6.066112995147705,33.3295783996582,117.9367446899414,19.544702529907227,11.436206817626953,236.98287963867188,21.22614860534668,16.18661117553711,19.62847328186035,20.13517951965332,57.157508850097656,53.94826889038086,51.79735565185547,22.81900978088379,30.387304306030273,128267.0,100.54416643102574
2021-06-02,11.907341957092285,26.381839752197266,6.098106861114502,33.2384147644043,117.41223907470703,20.196195602416992,11.73324966430664,236.8870849609375,21.46327018737793,16.69789695739746,20.247480392456055,20.44640350341797,57.741004943847656,54.427547454833984,51.762428283691406,22.8911075592041,29.729604721069336,129601.0,100.55750763646947
2021-06-03,11.907341957092285,26.381839752197266,6.098106861114502,33.2384147644043,116.2725830078125,20.196195602416992,11.73324966430664,235.36398315429688,21.46327018737793,16.888484954833984,20.247480392456055,20.44640350341797,57.741004943847656,54.427547454833984,51.762428283691406,22.8911075592041,29.729604721069336,129601.0,100.55750763646947
2021-06-04,12.093392372131348,26.588455200195312,6.219685077667236,32.978965759277344,118.55039978027344,20.61774444580078,11.584728240966797,240.23008728027344,22.493505477905273,17.494070053100586,20.467126846313477,20.078594207763672,57.515953063964844,56.04195022583008,51.16865921020508,23.044315338134766,30.413969039916992,130126.0,100.57085061215776
2021-06-07,12.353867530822754,26.42316436767578,6.1812920570373535,34.2762451171875,118.98279571533203,21.103160858154297,11.324814796447754,243.12294006347656,22.68156623840332,17.534626007080078,19.66840934753418,19.91826629638672,57.09916305541992,56.336238861083984,51.954524993896484,23.25160026550293,30.333967208862305,130776.0,100.58419535832547
2021-06-08,12.279444694519043,26.86032485961914,6.187690734863281,34.430511474609375,118.79161834716797,20.956256866455078,11.238176345825195,241.93516540527344,22.223682403564453,17.373403549194336,19.289018630981445,20.012575149536133,57.515953063964844,56.10080337524414,50.71460723876953,23.549001693725586,30.236202239990234,129787.0,100.59754187520757
2021-06-09,12.042649269104004,26.41663932800293,6.245282173156738,33.85550308227539,119.26214599609375,21.243680953979492,11.405263900756836,242.91221618652344,21.602266311645508,17.279081344604492,18.969532012939453,19.63533592224121,57.4659309387207,55.108619689941406,52.12916946411133,23.386781692504883,30.440629959106445,129907.0,100.61089016303902
2021-06-10,12.008827209472656,26.2752685546875,6.251680850982666,34.241172790527344,120.60881805419922,21.167043685913086,11.541410446166992,246.4084930419922,21.716739654541016,17.345531463623047,19.488698959350586,19.889972686767578,58.407867431640625,54.990901947021484,51.2559814453125,23.143449783325195,30.156221389770508,130076.0,100.62424022205474
2021-06-11,11.974998474121094,25.725013732910156,6.379657745361328,33.85550308227539,120.3646469116211,20.917940139770508,11.516655921936035,247.03118896484375,21.05445098876953,17.74394989013672,19.65842628479004,19.40899085998535,58.10777282714844,53.84736633300781,51.48300552368164,22.74691390991211,30.40506362915039,129441.0,100.63759205248981
2021-06-14,12.107053756713867,25.764162063598633,6.4628424644470215,34.45155334472656,121.29132843017578,20.847684860229492,11.795134544372559,248.9469757080078,21.773975372314453,17.936565399169922,19.348920822143555,19.569320678710938,57.89104461669922,54.28459548950195,51.04641342163086,22.75592613220215,31.000553131103516,130208.0,100.65094565457926
2021-06-15,12.066267013549805,26.540611267089844,6.546027660369873,34.283260345458984,120.2750015258789,20.847684860229492,12.055048942565918,247.48133850097656,21.471445083618164,17.707372665405273,20.047800064086914,19.33354377746582,56.87410354614258,54.15007400512695,50.79319381713867,23.23357582092285,31.516050338745117,130091.0,100.66430102855817
2021-06-16,12.151238441467285,26.631956100463867,6.533227920532227,33.80641555786133,119.63409423828125,21.262842178344727,11.863205909729004,246.5426025390625,21.209796905517578,17.72901725769043,20.017847061157227,19.078907012939453,56.94913864135742,53.91463088989258,50.71460723876953,23.51295280456543,30.956119537353516,129259.0,100.67765817466166
2021-06-17,11.862327575683594,26.601505279541016,6.597217559814453,33.81342315673828,120.59595489501953,21.01373863220215,11.547597885131836,249.91436767578125,20.997209548950195,18.57215690612793,19.10930633544922,18.95630645751953,57.10749435424805,52.619728088378906,49.21272659301758,23.413820266723633,30.59170913696289,128057.0,100.69390452836132
2021-06-18,11.845333099365234,26.566709518432617,6.597217559814453,33.42774963378906,118.97883605957031,20.63051414489746,11.5352201461792,248.50634765625,21.062625885009766,18.553739547729492,18.969532012939453,19.173215866088867,55.798805236816406,52.8131217956543,49.77156448364258,23.52196502685547,31.276077270507812,128405.0,100.71015350373507
2021-06-21,11.753561973571777,26.747234344482422,6.6612067222595215,33.43476486206055,120.66429901123047,20.726322174072266,11.609480857849121,251.57164001464844,21.25068473815918,18.34320640563965,19.388858795166016,18.9185791015625,55.76545715332031,53.15786361694336,51.08134460449219,23.206539154052734,31.32940101623535,129265.0,100.72640510120596
2021-06-22,11.505441665649414,26.30137062072754,6.590818881988525,33.75031661987305,121.17741394042969,20.45806312561035,11.473336219787598,254.33030700683594,20.68650245666504,18.800609588623047,19.299001693725586,18.729961395263672,58.141117095947266,52.972877502441406,51.2559814453125,23.080366134643555,30.476181030273438,128767.0,100.74265932119717
2021-06-23,11.505441665649414,26.362266540527344,6.654807090759277,33.38567352294922,120.97582244873047,20.311166763305664,11.510466575622559,254.10044860839844,20.482088088989258,18.970335006713867,19.4587459564209,18.588497161865234,57.34923553466797,53.813724517822266,50.74080276489258,22.665800094604492,30.17398452758789,128428.0,100.75891616413182
2021-06-24,11.529233932495117,26.18609619140625,6.565223217010498,33.44878387451172,121.34530639648438,20.31755828857422,11.73324966430664,255.46063232421875,20.588380813598633,19.117908477783203,19.41880989074707,18.795978546142578,56.840763092041016,54.23414993286133,52.2601432800293,23.485918045043945,30.511735916137695,129514.0,100.77517563043324
2021-06-25,11.182539939880371,25.722841262817383,6.629212379455566,32.7475471496582,121.3537368774414,19.672439575195312,11.813699722290039,253.86090087890625,19.656269073486328,18.944204330444336,19.049402236938477,18.42816734313965,57.307456970214844,53.47739028930664,51.002750396728516,23.458881378173828,29.827375411987305,127256.0,100.79143772052473
2021-06-28,11.097565650939941,26.5253849029541,6.546027660369873,32.7475471496582,121.3809814453125,19.44889259338379,11.931281089782715,257.4050598144531,19.394617080688477,19.89385223388672,18.739900588989258,18.494186401367188,57.950050354003906,54.0239372253418,52.041847229003906,22.75592613220215,30.2369384765625,127429.0,100.80770243482971
2021-06-29,11.022787094116211,26.686328887939453,6.546027660369873,32.74053955078125,121.11994934082031,19.257278442382812,11.813699722290039,259.97222900390625,18.863143920898438,19.935413360595703,18.94956398010254,18.48475456237793,57.958396911621094,54.259368896484375,52.61814498901367,22.7288875579834,30.85945701599121,127327.0,100.82396977377161
2021-06-30,10.920821189880371,26.547136306762695,6.552425384521484,32.50914001464844,120.93869018554688,19.03373146057129,11.84464168548584,259.49334716796875,19.214738845825195,19.911270141601562,19.4587459564209,18.060359954833984,57.60788345336914,53.89389419555664,52.225223541259766,22.5756778717041,29.96123504638672,126802.0,100.84023973777401
2021-07-01,10.805258750915527,26.17739486694336,6.437246799468994,31.920101165771484,121.29033660888672,18.9730224609375,12.036483764648438,260.16387939453125,18.61785125732422,20.119813919067383,20.507062911987305,18.626220703125,57.84990310668945,52.630767822265625,52.67927169799805,22.341360092163086,30.45926284790039,125666.0,100.85651232726049
2021-07-02,10.924219131469727,27.369258880615234,6.430847644805908,32.018272399902344,124.07681274414062,19.177518844604492,11.918904304504395,265.9591064453125,18.92856216430664,20.393566131591797,21.225908279418945,18.626220703125,59.58574676513672,54.28126525878906,51.69257736206055,22.449506759643555,31.35747718811035,127622.0,100.87278754265476
2021-07-05,10.856244087219238,27.32575798034668,6.430847644805908,31.976200103759766,124.07681274414062,18.915504455566406,11.875584602355957,265.9591064453125,19.132972717285156,20.393566131591797,21.455537796020508,18.6639461517334,59.018245697021484,53.98652648925781,51.954524993896484,22.3143253326416,31.046220779418945,126920.0,100.88906538438052
2021-07-06,10.693090438842773,26.725475311279297,6.315668106079102,32.00424575805664,125.00054168701172,18.883563995361328,11.782756805419922,265.9687805175781,18.724145889282227,20.604097366333008,20.207542419433594,18.258413314819336,58.30056381225586,53.00128173828125,51.84101486206055,21.854698181152344,30.72604751586914,125095.0,100.90534585286161
2021-07-07,10.835847854614258,26.942970275878906,6.469242572784424,32.21461868286133,125.2818374633789,18.966629028320312,11.795134544372559,268.14306640625,18.8304443359375,20.278839111328125,19.808185577392578,19.11663246154785,59.193504333496094,55.87281036376953,53.22064971923828,22.269264221191406,32.068939208984375,127019.0,100.9216289485219
2021-07-08,10.805258750915527,26.473186492919922,6.386055946350098,31.62558364868164,123.8653335571289,18.7174072265625,11.70230770111084,265.73883056640625,18.854969024658203,19.81197738647461,19.548601150512695,18.861995697021484,58.91811752319336,55.16546630859375,53.24684524536133,21.80963706970215,30.886138916015625,125428.0,100.93791467178532
2021-07-09,10.805258750915527,26.473186492919922,6.386055946350098,31.62558364868164,124.33535766601562,18.7174072265625,11.70230770111084,266.2369079589844,18.854969024658203,19.958805084228516,19.548601150512695,18.861995697021484,58.91811752319336,55.16546630859375,53.24684524536133,21.80963706970215,30.886138916015625,125428.0,100.95420302307589
2021-07-12,11.08056926727295,26.716779708862305,6.533227920532227,31.821928024291992,125.77862548828125,18.9730224609375,11.5971040725708,265.6429443359375,19.460031509399414,20.418947219848633,19.40882682800293,18.984594345092773,58.375667572021484,55.67070770263672,52.784053802490234,22.296300888061523,31.642051696777344,127594.0,100.97049400281774
2021-07-13,11.03298568725586,27.099559783935547,6.398852348327637,31.681682586669922,126.14117431640625,19.088048934936523,11.547597885131836,269.14886474609375,20.01603126525879,20.157642364501953,19.538618087768555,19.239233016967773,58.250492095947266,55.72123718261719,51.92833709716797,22.33234977722168,31.286333084106445,128168.0,100.98678761143498
2021-07-14,11.107763290405273,27.569353103637695,6.49483585357666,31.89205551147461,127.02824401855469,19.11360740661621,11.559972763061523,270.61444091796875,20.39215087890625,19.751005172729492,19.3189697265625,19.578752517700195,58.40904998779297,57.75067901611328,51.325836181640625,22.584692001342773,31.1351375579834,128407.0,101.00308384935187
2021-07-15,10.93781566619873,28.004331588745117,6.386055946350098,31.225879669189453,125.80784606933594,18.883563995361328,11.473336219787598,269.19677734375,19.991504669189453,18.879749298095703,18.919612884521484,19.361839294433594,57.46601486206055,57.86014938354492,50.068450927734375,22.593704223632812,31.055103302001953,127468.0,101.01938271699262
2021-07-16,10.805258750915527,27.56064796447754,6.334863185882568,31.0786190032959,125.77318572998047,18.57681655883789,11.652802467346191,268.9285583496094,19.762561798095703,18.078170776367188,18.819772720336914,19.295820236206055,57.20731735229492,57.009639739990234,49.20399856567383,23.098390579223633,30.494834899902344,125960.0,101.03568421478167
2021-07-19,10.723679542541504,27.10826301574707,6.2388834953308105,31.064594268798828,123.40373229980469,18.468183517456055,11.677555084228516,265.34600830078125,19.54179573059082,18.694095611572266,18.170814514160156,19.682491302490234,55.788612365722656,56.63068771362305,48.7761344909668,22.8911075592041,30.397003173828125,124395.0,101.05198834314339
2021-07-20,10.91402530670166,27.49104881286621,6.258077621459961,31.19082260131836,125.01985168457031,18.711013793945312,12.172628402709961,267.55877685546875,19.909738540649414,18.52711296081543,18.769851684570312,20.13517951965332,55.64674377441406,56.84122085571289,49.42228698730469,22.846046447753906,30.72604751586914,125401.0,101.06829510250235
2021-07-21,11.022787094116211,27.708545684814453,6.232483386993408,31.19082260131836,126.34672546386719,18.787702560424805,12.055048942565918,269.55120849609375,19.83614730834961,19.32147789001465,18.969532012939453,20.46526527404785,55.30458068847656,56.26017761230469,49.518341064453125,22.656787872314453,30.63711929321289,125929.0,101.08460449328305
2021-07-22,10.859639167785645,27.54325294494629,6.296472072601318,31.69570541381836,127.21099853515625,18.59598731994629,12.457295417785645,274.0917053222656,19.844324111938477,19.50463104248047,19.029434204101562,20.229488372802734,58.35062789916992,57.514888763427734,49.77156448364258,22.62975311279297,31.21518898010254,126147.0,101.10091651591013
2021-07-23,10.801860809326172,27.56064796447754,6.130100727081299,31.085634231567383,131.76119995117188,18.54486846923828,12.426352500915527,277.4729919433594,19.386436462402344,19.468799591064453,18.919612884521484,20.13517951965332,57.749755859375,57.5317268371582,49.21272659301758,22.134078979492188,30.94838523864746,125053.0,101.11723117080831
2021-07-26,10.96840763092041,28.07393455505371,6.046915531158447,30.854228973388672,132.7716064453125,18.870769500732422,12.612007141113281,276.8790588378906,19.321027755737305,19.206005096435547,18.719932556152344,20.05973243713379,56.022274017333984,57.27910232543945,49.457218170166016,21.42211151123047,30.81498146057129,126004.0,101.13354845840234
2021-07-27,11.019389152526855,27.55194854736328,5.912539958953857,31.02953338623047,130.65670776367188,19.05609703063965,12.401598930358887,274.4748229980469,18.773208618164062,19.120399475097656,17.92121696472168,19.616472244262695,56.2142219543457,56.26017761230469,48.97697067260742,20.99853515625,30.58376121520996,124612.0,101.14986837911708
2021-07-28,11.182539939880371,26.98647117614746,5.963730335235596,31.141735076904297,134.81118774414062,19.675966262817383,12.420165061950684,274.1683349609375,18.748676300048828,19.414051055908203,17.971134185791016,19.908836364746094,56.51465606689453,55.69596862792969,48.65388870239258,20.674097061157227,33.08274841308594,126286.0,101.16619093337744
2021-07-29,11.0057954788208,26.664581298828125,5.957332611083984,30.770082473754883,134.49765014648438,19.573715209960938,12.432541847229004,274.4364013671875,19.754383087158203,19.57232666015625,18.35052490234375,19.72021484375,57.92503356933594,56.4959716796875,48.68008804321289,20.755205154418945,32.131187438964844,125675.0,101.18251612160836
2021-07-30,10.750873565673828,25.35962677001953,5.835753917694092,29.8164005279541,133.45655822753906,19.362834930419922,12.135498046875,272.9134521484375,19.09208869934082,19.410072326660156,17.82137680053711,19.484439849853516,57.58285903930664,52.336029052734375,47.213130950927734,20.2144718170166,31.757667541503906,121801.0,101.19884394423491
2021-08-02,10.897028923034668,25.69891357421875,5.9253387451171875,30.405441284179688,133.5833740234375,19.48111343383789,12.25307846069336,272.82720947265625,19.63991355895996,19.65992546081543,17.561792373657227,19.63533592224121,58.62602996826172,51.510772705078125,47.60606384277344,20.367679595947266,32.7386474609375,122516.0,101.21517440168219
2021-08-03,10.835847854614258,26.099102020263672,5.893343925476074,30.50360679626465,134.35154724121094,19.67292022705078,12.067424774169922,275.0303039550781,19.460031509399414,19.724628448486328,17.871295928955078,19.550457000732422,59.827762603759766,51.46024703979492,47.98153305053711,19.853979110717773,32.5331916809082,123577.0,101.23150749437542
2021-08-04,10.676095962524414,25.942508697509766,5.675782680511475,30.117935180664062,133.851806640625,19.123071670532227,11.795134544372559,274.4460754394531,19.222915649414062,20.181533813476562,17.27225685119629,19.135496139526367,58.81797790527344,49.81816482543945,48.11251449584961,19.781883239746094,32.22053909301758,121801.0,101.24784322273976
2021-08-05,10.485755920410156,25.85550880432129,5.694978713989258,29.599018096923828,134.96719360351562,19.180627822875977,11.652802467346191,277.3292541503906,18.993967056274414,20.542877197265625,17.242305755615234,18.94687271118164,58.69278335571289,49.26238250732422,47.649723052978516,18.970779418945312,32.032955169677734,121633.0,101.26802191789406
2021-08-06,10.805258750915527,26.31041145324707,5.714176177978516,29.662132263183594,134.45899963378906,19.717668533325195,11.652802467346191,277.2718811035156,18.969444274902344,20.273117065429688,17.441984176635742,19.04118537902832,58.32560729980469,49.05187225341797,47.41395950317383,19.29522132873535,32.37239456176758,122810.0,101.28820463466228
2021-08-09,10.706686973571777,27.38662338256836,5.598996639251709,29.77432632446289,135.6224365234375,19.947845458984375,12.079803466796875,276.1893310546875,19.263797760009766,20.20244026184082,17.551809310913086,18.833702087402344,58.18373489379883,49.34661102294922,49.22145462036133,19.646699905395508,32.30093765258789,123019.0,101.30839137384598
2021-08-10,10.434771537780762,27.202882766723633,5.50941276550293,29.178279876708984,135.5174560546875,19.57062339782715,12.104555130004883,274.3789978027344,18.87950325012207,19.845075607299805,18.689979553222656,18.465892791748047,58.36732864379883,48.361358642578125,49.62311935424805,19.142013549804688,32.23841857910156,122202.0,101.32858213624678
2021-08-11,10.332802772521973,26.555402755737305,5.471020221710205,29.129194259643555,134.99441528320312,19.788000106811523,12.185004234313965,274.8675842285156,18.814090728759766,19.609155654907227,18.270652770996094,18.522480010986328,58.35896301269531,48.32767105102539,49.3349723815918,18.790536880493164,32.2920036315918,122056.0,101.34877692266653
2021-08-12,10.108473777770996,25.785423278808594,5.202268600463867,28.855712890625,135.90081787109375,19.41718292236328,12.01172924041748,277.6070556640625,18.44614601135254,19.814218521118164,17.72153663635254,18.437599182128906,61.3382682800293,48.900291442871094,48.6451530456543,18.655351638793945,31.720312118530273,120701.0,101.36897573390723
2021-08-13,10.026898384094238,25.977922439575195,5.279054164886475,30.398427963256836,136.4293212890625,19.67930793762207,12.036483764648438,280.5190734863281,18.3807373046875,20.095930099487305,17.392065048217773,18.032068252563477,60.920989990234375,48.37819290161133,49.60565948486328,18.92572021484375,31.952560424804688,121194.0,101.38917857077101
2021-08-16,10.009902954101562,24.691713333129883,5.163874626159668,30.601783752441406,137.0057830810547,19.46365737915039,11.894150733947754,282.1954040527344,18.061851501464844,19.859012603759766,16.74310874938965,17.551088333129883,60.920989990234375,47.24136734008789,50.39152908325195,18.646339416503906,30.737693786621094,119180.0,101.40938543406017
2021-08-17,9.969114303588867,24.525468826293945,5.183072090148926,30.405441284179688,135.37332153320312,19.393091201782227,11.894150733947754,280.7393798828125,17.653026580810547,19.369253158569336,16.7231388092041,17.532224655151367,60.40357971191406,45.97823715209961,50.03351593017578,18.285850524902344,30.987810134887695,117904.0,101.42959632457718
2021-08-18,10.01669979095459,24.06173324584961,5.215064525604248,30.13491439819336,134.17227172851562,19.43159294128418,12.005541801452637,279.021484375,17.43226432800293,18.95315933227539,17.252290725708008,17.02294921875,61.238121032714844,46.491905212402344,49.01189422607422,18.078567504882812,29.996278762817383,116643.0,101.44981124312467
2021-08-19,10.084681510925293,24.8404598236084,5.189469337463379,31.060388565063477,134.40109252929688,19.1813907623291,12.345903396606445,284.81829833984375,17.587617874145508,19.707704544067383,18.070974349975586,17.221004486083984,61.30488204956055,48.9592399597168,48.618953704833984,17.988447189331055,31.43446159362793,117165.0,101.47003019050544
2021-08-20,10.098274230957031,24.7879581451416,5.195868492126465,31.501768112182617,136.1341094970703,19.11082649230957,12.475858688354492,292.10260009765625,17.74297332763672,20.7210636138916,18.001087188720703,17.08896827697754,63.174232482910156,49.45606994628906,49.64058303833008,18.33091163635254,32.14015197753906,118053.0,101.49025316752241
2021-08-23,10.190047264099121,24.472972869873047,5.176672458648682,31.231245040893555,138.7214813232422,19.31610870361328,12.902864456176758,292.38092041015625,17.38320541381836,21.857852935791016,18.65004539489746,17.381328582763672,63.29106140136719,47.519256591796875,50.190696716308594,17.81721305847168,31.93470001220703,117472.0,101.51048017497868
2021-08-24,10.523031234741211,25.076702117919922,5.400632381439209,32.0712890625,139.9299774169922,19.85498809814453,12.927616119384766,290.43267822265625,17.931028366088867,21.693599700927734,19.049402236938477,17.664257049560547,63.63323974609375,48.04135513305664,51.56159973144531,18.754487991333008,31.85430335998535,120211.0,101.53071121367756
2021-08-25,10.488642692565918,25.164199829101562,5.375036239624023,32.163841247558594,140.73974609375,19.88064193725586,12.939992904663086,289.84722900390625,17.824735641479492,22.1116886138916,18.889659881591797,17.796293258666992,63.624881744384766,48.445556640625,54.3645133972168,19.01584243774414,32.49745559692383,120818.0,101.55094628442245
2021-08-26,10.340770721435547,24.525468826293945,5.202268600463867,31.430580139160156,140.1072998046875,19.39950942993164,12.97093391418457,287.04486083984375,17.22784996032715,21.967355728149414,18.031038284301758,17.664257049560547,62.206172943115234,47.12347412109375,53.86680603027344,18.43004608154297,32.845829010009766,118724.0,101.57118538801694
2021-08-27,10.498960494995117,25.55793571472168,5.2726545333862305,31.70110321044922,142.6466064453125,19.733102798461914,12.995687484741211,287.64947509765625,17.563081741333008,22.532758712768555,19.36888885498047,17.928325653076172,63.224308013916016,49.09397506713867,54.05017852783203,18.81757354736328,32.96195983886719,120678.0,101.59142852526479
2021-08-30,10.399232864379883,25.146697998046875,5.119081974029541,31.70110321044922,143.22760009765625,19.59196662902832,12.977123260498047,291.3636474609375,17.34231948852539,22.58452033996582,19.26905059814453,17.77743148803711,61.171363830566406,47.788726806640625,53.718360900878906,18.61029052734375,32.765445709228516,119740.0,101.61167569696987
2021-08-31,10.464570999145508,24.875459671020508,5.029499530792236,31.587194442749023,143.3335723876953,19.84857177734375,12.680079460144043,289.7224426269531,17.25238800048828,22.286834716796875,19.139259338378906,17.654827117919922,57.432640075683594,46.70243453979492,53.264305114746094,18.20473861694336,31.764976501464844,118781.0,101.63192690393628
2021-09-01,10.47488784790039,24.472972869873047,5.0167012214660645,32.19231414794922,143.84671020507812,19.935216903686523,13.298919677734375,289.6744689941406,17.064319610595703,22.342586517333984,18.60012435913086,18.248979568481445,56.74831771850586,46.2898063659668,53.43894577026367,18.069555282592773,32.41706466674805,119396.0,101.65218214696823
2021-09-02,10.041583061218262,24.17548179626465,4.927116394042969,31.59432029724121,141.93638610839844,19.216373443603516,13.014254570007324,289.0218200683594,16.65549659729004,22.29778480529785,18.739900588989258,17.928325653076172,57.566162109375,45.658241271972656,53.03728103637695,17.763139724731445,31.92576026916504,116677.0,101.67244142687014
2021-09-03,10.017513275146484,24.044233322143555,4.927116394042969,31.18853187561035,142.38461303710938,19.107254028320312,13.206093788146973,289.0122985839844,16.49197006225586,22.742828369140625,18.120893478393555,17.90946388244629,57.16558837890625,46.13822937011719,53.88426971435547,17.465736389160156,32.381324768066406,116933.0,101.69270474444649
2021-09-06,10.19633674621582,24.44672203063965,4.818336486816406,31.49464988708496,142.38461303710938,19.351160049438477,13.546459197998047,289.0122985839844,16.794496536254883,22.742828369140625,18.500286102294922,17.8623104095459,59.518978118896484,46.67717361450195,53.68343734741211,17.60993194580078,32.49745559692383,117869.0,101.71297210050206
2021-09-07,10.19633674621582,24.44672203063965,4.818336486816406,31.49464988708496,142.92051696777344,19.351160049438477,13.546459197998047,288.0909118652344,16.794496536254883,22.562623977661133,18.500286102294922,17.8623104095459,59.518978118896484,46.67717361450195,53.68343734741211,17.60993194580078,32.49745559692383,117869.0,101.71297210050206
2021-09-08,9.766475677490234,23.256759643554688,4.549585342407227,30.63324546813965,142.33657836914062,18.433330535888672,13.52789306640625,288.11968994140625,16.058616638183594,22.241037368774414,18.2307186126709,17.192707061767578,58.41737747192383,50.424476623535156,54.65266799926758,16.91598892211914,32.59572219848633,113413.0,101.73324349584169
2021-09-09,9.938416481018066,24.14923095703125,4.76714563369751,31.508888244628906,142.18800354003906,18.677228927612305,13.880633354187012,285.2789611816406,16.75361442565918,22.079748153686523,19.748281478881836,17.503929138183594,59.0933723449707,50.52552795410156,54.35578536987305,17.069194793701172,34.69492721557617,115361.0,101.7535189312704
2021-09-10,9.969367980957031,23.56300163269043,4.600775718688965,30.725797653198242,139.548095703125,18.491106033325195,14.220996856689453,283.80096435546875,16.50832176208496,22.379426956176758,19.069372177124023,17.08896827697754,57.62715530395508,48.22661209106445,52.96742248535156,17.41166114807129,34.53413391113281,114286.0,101.77379840759342
2021-09-13,10.189458847045898,24.114233016967773,5.023099899291992,30.932249069213867,140.99087524414062,18.72216033935547,14.095991134643555,285.0293884277344,16.95802879333496,22.054853439331055,19.488698959350586,17.400190353393555,59.74580001831055,49.68344497680664,52.321266174316406,17.88930892944336,34.74852752685547,116404.0,101.79408192561606
2021-09-14,10.11496639251709,24.17548179626465,5.247059345245361,30.932249069213867,141.20086669921875,18.60663604736328,14.175071716308594,287.7165832519531,16.75361442565918,22.144458770751953,19.598520278930664,17.371896743774414,59.576316833496094,48.841346740722656,52.434776306152344,18.051530838012695,35.177303314208984,116181.0,101.81436948614382
2021-09-15,10.035378456115723,24.06173324584961,5.202268600463867,30.64748191833496,143.068115234375,18.30497169494629,14.109170913696289,292.54412841796875,16.532846450805664,22.24302864074707,21.056180953979492,17.173845291137695,59.033939361572266,48.336090087890625,50.749534606933594,17.862274169921875,35.58821105957031,115063.0,101.83466108998243
2021-09-16,10.198016166687012,23.921737670898438,5.163874626159668,30.76850700378418,142.25634765625,18.292137145996094,14.254151344299316,292.9280090332031,16.500146865844727,22.144458770751953,20.85650062561035,16.66457176208496,59.26274871826172,48.192935943603516,47.83309555053711,17.2224063873291,35.64179611206055,113794.0,101.85495673793766
2021-09-17,10.014615058898926,23.449251174926758,5.2726545333862305,30.98208236694336,139.4728240966797,17.85569190979004,13.983963012695312,287.7934265136719,16.467437744140625,21.803958892822266,20.03781509399414,16.532541275024414,58.50851821899414,47.9487190246582,45.93828201293945,17.682029724121094,35.00757598876953,111439.0,101.87525643081554
2021-09-20,9.6893310546875,22.548030853271484,5.151076793670654,30.32712745666504,137.41192626953125,17.451339721679688,13.740134239196777,282.4477844238281,16.352968215942383,21.020416259765625,18.89964485168457,16.325057983398438,57.3729248046875,46.68558883666992,44.846805572509766,17.33956527709961,34.739593505859375,108844.0,101.89556016942221
2021-09-21,9.93502140045166,22.959266662597656,5.362239360809326,30.989198684692383,137.72247314453125,17.406404495239258,13.997140884399414,282.9276428222656,16.925317764282227,21.15283203125,19.229114532470703,16.645708084106445,58.74580383300781,48.075042724609375,45.361976623535156,18.123628616333008,35.507816314697266,110250.0,101.91586795456398
2021-09-22,10.166875839233398,23.834238052368164,5.343042850494385,31.131576538085938,138.96119689941406,17.810752868652344,14.142121315002441,286.5553894042969,16.884441375732422,21.844783782958984,20.666805267333984,16.71172523498535,58.339019775390625,48.605560302734375,47.01230239868164,18.22276496887207,36.240299224853516,112282.0,101.93617978704732
2021-09-23,10.191097259521484,23.641742706298828,5.227863788604736,31.224132537841797,139.8849334716797,18.42691993713379,14.768172264099121,287.49591064453125,16.63914680480957,22.383405685424805,21.136051177978516,16.86262321472168,58.94072341918945,48.92554473876953,48.74993896484375,17.20438003540039,36.77626419067383,114064.0,101.96032540995346
2021-09-24,10.111507415771484,23.423004150390625,5.240660190582275,30.932249069213867,140.8744659423828,18.170185089111328,14.932921409606934,287.29437255859375,16.320261001586914,21.984172821044922,21.954736709594727,16.692867279052734,58.51699447631836,47.87294006347656,48.46178436279297,17.078208923339844,36.9281120300293,113283.0,101.98447675223332
2021-09-27,10.33643913269043,23.475502014160156,5.080688953399658,30.554933547973633,139.74227905273438,18.64515495300293,16.000497817993164,282.3230285644531,16.189434051513672,21.565013885498047,23.072940826416016,16.730588912963867,57.43223190307617,47.67083740234375,48.01646423339844,16.582534790039062,36.517635345458984,113583.0,102.00863381524161
2021-09-28,10.12535285949707,22.434288024902344,4.728753089904785,30.184743881225586,134.5496826171875,18.221532821655273,16.0400390625,272.1018371582031,15.543496131896973,20.60822868347168,21.894832611083984,16.18359375,56.516998291015625,46.76979446411133,46.75907897949219,16.068836212158203,36.34783172607422,110124.0,102.03279660033343
2021-09-29,10.180717468261719,22.67927360534668,4.671163082122803,31.209888458251953,133.08709716796875,18.548871994018555,16.68585777282715,272.5625915527344,15.388143539428711,20.427024841308594,22.813358306884766,16.01383399963379,56.67800521850586,46.10454559326172,47.152008056640625,15.744394302368164,35.632850646972656,111107.0,102.05696510886415
2021-09-30,10.000773429870605,21.874303817749023,4.61357307434082,31.345151901245117,132.41598510742188,18.568126678466797,16.909915924072266,270.5663757324219,15.55984878540039,20.625150680541992,24.979877471923828,15.834647178649902,57.55088806152344,45.96023941040039,47.60606384277344,15.87056827545166,35.41834259033203,110979.0,102.08113934218947
2021-10-01,10.225702285766602,22.766773223876953,4.6839599609375,31.622791290283203,135.2559356689453,19.052955627441406,17.002180099487305,277.4571838378906,16.04226303100586,20.65104103088379,26.3077449798584,16.325057983398438,58.144107818603516,47.08244705200195,45.8160400390625,16.149948120117188,35.90095901489258,112900.0,102.10531930166546
2021-10-04,10.104585647583008,21.629310607910156,4.523989200592041,31.402101516723633,132.39962768554688,15.630232810974121,17.035127639770508,271.70843505859375,15.674318313598633,19.645469665527344,26.01820945739746,16.032695770263672,56.86444091796875,44.80426788330078,44.81187057495117,15.302794456481934,34.658687591552734,110393.0,102.12950498864843
2021-10-05,10.585594177246094,21.078079223632812,4.5111918449401855,31.238370895385742,134.7408447265625,16.00910186767578,17.285547256469727,277.1308288574219,15.388143539428711,20.361316680908203,26.15798568725586,16.032695770263672,56.288177490234375,45.09959411621094,43.96487808227539,15.374894142150879,33.54151916503906,110458.0,102.1536964044951
2021-10-06,10.602893829345703,21.26181983947754,4.658365249633789,30.547819137573242,136.268310546875,16.06048011779785,17.160337448120117,281.3056945800781,15.527139663696289,20.609228134155273,26.207904815673828,17.192707061767578,56.80512619018555,45.27678298950195,43.38857650756836,15.050453186035156,33.523643493652344,110560.0,102.17789355056242
2021-10-07,10.49216079711914,21.349319458007812,4.754347801208496,30.83257293701172,137.9126739501953,15.720131874084473,16.942869186401367,282.9755554199219,15.576199531555176,20.98257827758789,26.657184600830078,16.63627815246582,55.51698303222656,44.542701721191406,43.16154861450195,15.17662525177002,33.56834411621094,110585.0,102.20209642820774
2021-10-08,10.713631629943848,22.443031311035156,4.907919883728027,31.693986892700195,138.46791076660156,15.835721015930176,17.23282814025879,282.9755554199219,16.55738067626953,20.739648818969727,26.97667121887207,17.202138900756836,56.33903121948242,46.44961929321289,43.056766510009766,15.753408432006836,34.542503356933594,112833.0,102.2263050387887
2021-10-11,10.63057804107666,21.08682632446289,4.82473611831665,32.199432373046875,137.60459899902344,15.559590339660645,17.371217727661133,282.38055419921875,16.279376983642578,20.604244232177734,27.745437622070312,17.13612174987793,54.847496032714844,46.12055206298828,43.83390808105469,15.591187477111816,34.51568603515625,112180.0,102.2505193836632
2021-10-12,10.63057804107666,21.08682632446289,4.82473611831665,32.199432373046875,135.162841796875,15.559590339660645,17.371217727661133,281.08489990234375,16.279376983642578,20.580350875854492,27.745437622070312,17.13612174987793,54.847496032714844,46.12055206298828,43.83390808105469,15.591187477111816,34.51568603515625,112180.0,102.2505193836632
2021-10-13,10.644420623779297,21.646808624267578,4.939914226531982,32.74760055541992,136.28515625,15.57886028289795,17.832517623901367,284.3768310546875,16.769968032836914,20.847171783447266,26.906784057617188,17.390758514404297,55.974613189697266,46.86307144165039,44.52372360229492,16.2220458984375,36.267391204833984,113456.0,102.27473946418964
2021-10-14,10.592514991760254,21.681808471679688,5.003903388977051,32.85438537597656,139.82049560546875,15.501795768737793,18.254276275634766,290.5574035644531,16.50832176208496,21.650636672973633,28.1048583984375,17.579376220703125,55.737308502197266,46.87995529174805,43.537017822265625,15.87056827545166,36.28527069091797,113185.0,102.29896528172651
2021-10-15,10.928176879882812,22.705524444580078,5.003903388977051,32.676414489746094,140.0354766845703,15.899937629699707,17.891826629638672,291.9586486816406,16.549203872680664,21.766128540039062,27.69551658630371,17.30588150024414,55.66953659057617,47.78278732299805,44.45386505126953,16.29414176940918,35.85627746582031,114648.0,102.32319683763278
2021-10-18,11.146188735961914,22.311786651611328,5.061492443084717,32.783199310302734,141.4321746826172,16.00910186767578,17.45688819885254,294.9146423339844,16.72908592224121,22.124553680419922,27.116445541381836,17.173845291137695,55.38139343261719,47.46214294433594,43.4846305847168,16.258092880249023,36.070777893066406,114428.0,102.3474341332677
2021-10-19,10.599432945251465,21.121828079223633,4.779943466186523,31.402101516723633,141.88685607910156,15.630232810974121,17.147157669067383,295.81683349609375,15.944141387939453,22.192251205444336,26.72707176208496,16.579692840576172,53.889869689941406,45.200843811035156,42.550323486328125,15.230698585510254,35.1681022644043,110673.0,102.37167716999085
2021-10-20,10.796683311462402,21.69055938720703,4.6775617599487305,31.501768112182617,140.4326934814453,16.047636032104492,16.962636947631836,295.0297546386719,15.837848663330078,22.006071090698242,26.816926956176758,16.108142852783203,53.737327575683594,43.74112319946289,42.35822296142578,15.437978744506836,35.85627746582031,110786.0,102.39592594916209
2021-10-21,10.319134712219238,20.325605392456055,4.4408040046691895,30.626123428344727,140.54861450195312,15.720131874084473,16.66609001159668,298.2449035644531,14.930258750915527,22.592493057250977,26.24784278869629,15.457404136657715,51.90681457519531,41.69075393676758,42.96072006225586,14.915268898010254,35.1681022644043,107735.0,102.42018047214168
2021-10-22,10.004232406616211,20.063112258911133,4.344821453094482,29.579633712768555,136.26980590820312,15.116499900817871,16.554059982299805,296.70928955078125,14.366080284118652,22.6263370513916,26.437536239624023,15.63659381866455,51.59326171875,40.37446594238281,46.10418701171875,14.996379852294922,34.756988525390625,106296.0,102.4444407402901
2021-10-25,10.211860656738281,20.439350128173828,4.594376087188721,30.09219741821289,136.15145874023438,15.411895751953125,16.356359481811523,295.7207946777344,14.766733169555664,23.064411163330078,27.37602996826172,15.787489891052246,53.38985824584961,40.914485931396484,44.94285202026367,15.699334144592285,35.34685134887695,108715.0,102.46870675496827
2021-10-26,10.104585647583008,19.66937255859375,4.428006649017334,28.775177001953125,137.99537658691406,15.244930267333984,16.21796989440918,297.6209716796875,14.145318031311035,24.60860824584961,27.106462478637695,15.363094329833984,51.144100189208984,38.39160919189453,44.05219650268555,15.230698585510254,35.445159912109375,106420.0,102.4929785175373
2021-10-27,10.09420394897461,19.949363708496094,4.5047926902771,29.202320098876953,144.83926391601562,15.360526084899902,16.652908325195312,310.15509033203125,14.791258811950684,24.343772888183594,25.309349060058594,15.278216361999512,51.36444854736328,39.117252349853516,42.24470138549805,15.87056827545166,35.0340576171875,106363.0,102.51725602935875
2021-10-28,10.004232406616211,19.88811683654785,4.4344048500061035,27.963605880737305,144.47422790527344,15.328418731689453,16.58041763305664,311.28759765625,15.052905082702637,24.831626892089844,23.472299575805664,15.183906555175781,50.42375946044922,38.771305084228516,42.70749282836914,15.077488899230957,33.80965042114258,105705.0,102.54724847778269
2021-10-29,9.86235523223877,19.818117141723633,4.312827110290527,28.11310577392578,146.65052795410156,14.968804359436035,17.463476181030273,318.2647705078125,15.142849922180176,25.45488166809082,23.432363510131836,15.080163955688477,50.000030517578125,38.22285079956055,42.986915588378906,15.374894142150879,33.06784439086914,103501.0,102.57724970079738
2021-11-01,10.087286949157715,20.64059066772461,4.428006649017334,28.69686508178711,142.14437866210938,15.564958572387695,16.764938354492188,316.1053771972656,15.543496131896973,25.713743209838867,23.36247444152832,15.617732048034668,49.99156951904297,38.459110260009766,42.70749282836914,16.672658920288086,33.0321044921875,105551.0,102.60725970096986
2021-11-02,10.087286949157715,20.64059066772461,4.428006649017334,28.69686508178711,144.0616455078125,15.564958572387695,16.764938354492188,319.7139892578125,15.543496131896973,26.285226821899414,23.36247444152832,15.617732048034668,49.99156951904297,38.459110260009766,42.70749282836914,16.672658920288086,33.0321044921875,105551.0,102.60725970096986
2021-11-03,10.153034210205078,20.841838836669922,4.61357307434082,29.37318229675293,145.21615600585938,15.7127685546875,17.035127639770508,320.54888916015625,16.058616638183594,26.481353759765625,23.76183319091797,16.33448600769043,52.7966423034668,40.75416946411133,43.45843505859375,16.970062255859375,33.67559051513672,105617.0,102.63727848086796
2021-11-04,9.914261817932129,20.465599060058594,4.447202682495117,28.483295440673828,146.86993408203125,14.883752822875977,17.647994995117188,322.8906555175781,16.03408432006836,29.67031478881836,23.35249137878418,16.249608993530273,48.48308563232422,40.72041320800781,43.048038482666016,16.4833984375,33.711341857910156,103412.0,102.66730604306034
2021-11-05,10.135734558105469,21.384319305419922,4.639168739318848,28.917558670043945,147.44894409179688,14.703804016113281,17.3778076171875,322.5259704589844,16.524675369262695,29.621530532836914,27.525789260864258,16.023263931274414,48.82206726074219,42.26451873779297,43.09169387817383,16.474388122558594,33.67559051513672,104824.0,102.69734239011629
2021-11-08,10.201480865478516,20.841838836669922,4.453601837158203,28.703983306884766,147.62625122070312,14.626688003540039,17.713897705078125,323.4184265136719,16.254850387573242,30.668912887573242,27.715484619140625,15.806350708007812,49.15256881713867,40.914485931396484,43.327457427978516,16.89796257019043,33.1572265625,104781.0,102.72738752460597
2021-11-09,10.187638282775879,19.853118896484375,4.619971752166748,29.109773635864258,147.5148162841797,14.478875160217285,17.687536239624023,322.4203796386719,16.549203872680664,30.522560119628906,26.457504272460938,15.966678619384766,49.09325408935547,41.85106658935547,42.78608322143555,17.21339225769043,32.88017654418945,105535.0,102.7574414491002
2021-11-10,10.654803276062012,20.78058433532715,4.741549968719482,29.743366241455078,144.51828002929688,14.845183372497559,17.13397789001465,317.4776916503906,17.105205535888672,29.329811096191406,25.66876983642578,15.881799697875977,48.76274490356445,42.61046600341797,42.567787170410156,18.060543060302734,32.424373626708984,105968.0,102.78750416617055
2021-11-11,10.450634002685547,20.859338760375977,4.728753089904785,30.448152542114258,144.3925018310547,14.813050270080566,17.23282814025879,319.0421447753906,17.358673095703125,30.25672721862793,25.628835678100586,16.20245361328125,49.14410400390625,44.82114028930664,44.26176452636719,17.618940353393555,32.621002197265625,107725.0,102.81757567838943
2021-11-12,10.433331489562988,19.93186378479004,4.805538654327393,31.117341995239258,147.2765655517578,14.78091812133789,17.47006607055664,323.1593933105469,17.358673095703125,30.25672721862793,24.32093620300293,15.815781593322754,48.178001403808594,43.57236099243164,44.855533599853516,16.952035903930664,31.861324310302734,106312.0,102.8476559883299
2021-11-15,10.433331489562988,19.93186378479004,4.805538654327393,31.117341995239258,147.05267333984375,14.78091812133789,17.47006607055664,322.53558349609375,17.358673095703125,29.89333152770996,24.32093620300293,15.815781593322754,48.178001403808594,43.57236099243164,44.855533599853516,16.952035903930664,31.861324310302734,106312.0,102.8476559883299
2021-11-16,10.287993431091309,19.135639190673828,4.4344048500061035,30.846820831298828,146.48214721679688,14.626688003540039,16.942869186401367,325.8370056152344,17.0234375,30.070552825927734,23.472299575805664,15.730904579162598,46.35595703125,42.93953323364258,46.42726516723633,16.1138973236084,31.620025634765625,104508.0,102.87774509856587
2021-11-17,10.142651557922363,18.260669708251953,4.332024097442627,29.907106399536133,146.65150451660156,14.684529304504395,16.75834846496582,326.05816650390625,16.590089797973633,29.1326847076416,23.023019790649414,15.825214385986328,46.20342254638672,43.46267318725586,45.763641357421875,16.258092880249023,31.968564987182617,102945.0,102.90784301167193
2021-11-18,10.066523551940918,18.269418716430664,4.325624942779541,30.142032623291016,148.42613220214844,14.440315246582031,17.12738609313965,328.1253356933594,17.0316162109375,31.536096572875977,22.004657745361328,15.796919822692871,46.398338317871094,44.399261474609375,45.57154083251953,16.492412567138672,32.10263442993164,102524.0,102.93794973022344
2021-11-19,10.052678108215332,18.30441665649414,4.472798824310303,30.60477066040039,147.522705078125,14.318216323852539,17.06148910522461,329.89453125,17.309614181518555,32.84035110473633,21.425586700439453,16.051557540893555,47.20341873168945,45.41178512573242,46.78527069091797,17.087221145629883,31.986440658569336,103035.0,102.96806525679652
2021-11-22,9.997312545776367,17.429447174072266,4.370416164398193,30.512226104736328,144.92295837402344,14.353692054748535,16.50792694091797,326.7407531738281,16.778146743774414,31.81586265563965,21.49547576904297,15.90066146850586,45.779693603515625,44.534263610839844,45.80730438232422,16.176984786987305,30.9854679107666,102122.0,102.99818959396805
2021-11-23,10.415307998657227,17.586942672729492,4.268035411834717,31.110219955444336,144.4078369140625,14.594330787658691,16.949459075927734,324.673583984375,16.68820571899414,31.606782913208008,22.63364601135254,16.560829162597656,45.61867904663086,45.13334274291992,46.41853332519531,16.204021453857422,30.52967071533203,103663.0,103.02832274431569
2021-11-24,10.608246803283691,18.02442741394043,4.22324275970459,31.587194442749023,144.74266052246094,14.984556198120117,16.587007522583008,324.894775390625,16.65549659729004,32.53071212768555,21.86488151550293,16.551401138305664,44.194942474365234,44.610198974609375,47.60606384277344,15.951679229736328,29.96663475036621,104514.0,103.05846471041778
2021-11-25,11.15900707244873,19.109390258789062,4.41520881652832,32.0712890625,144.74266052246094,15.121129989624023,16.11252784729004,324.894775390625,16.925317764282227,32.53071212768555,22.044591903686523,16.89091682434082,44.06782531738281,45.6564826965332,47.789432525634766,17.348575592041016,30.207929611206055,105811.0,103.08861549485346
2021-11-26,10.790661811828613,18.216920852661133,4.319225788116455,31.47329330444336,140.84278869628906,14.834965705871582,15.618280410766602,316.98175048828125,16.066791534423828,31.364850997924805,20.117687225341797,16.617420196533203,43.04240798950195,44.179874420166016,47.85929489135742,16.104887008666992,29.21589469909668,102224.0,103.11877510020264
2021-11-29,10.808204650878906,18.84689712524414,4.376816272735596,32.3631706237793,144.15870666503906,14.737417221069336,15.736900329589844,323.66400146484375,16.04226303100586,33.22963333129883,20.806581497192383,16.617420196533203,43.43223190307617,44.08707046508789,48.6102294921875,15.356871604919434,28.965652465820312,102814.0,103.14894352904598
2021-11-30,11.169530868530273,18.076921463012695,4.3064284324646,32.31333541870117,140.5600128173828,14.555309295654297,15.532610893249512,317.85675048828125,16.025907516479492,32.53270721435547,20.257463455200195,16.570261001586914,42.516971588134766,43.12516403198242,49.0380859375,15.383907318115234,28.80478286743164,101915.0,103.17912078396485
2021-12-01,10.980093955993652,18.164417266845703,4.3064284324646,32.23503494262695,139.72195434570312,14.462657928466797,14.412310600280762,317.3663024902344,15.715204238891602,31.30097770690918,20.277429580688477,16.513675689697266,40.686458587646484,42.53451156616211,50.688411712646484,15.437978744506836,29.037147521972656,100775.0,103.20930686754141
2021-12-02,11.281787872314453,18.278165817260742,4.466400623321533,32.733367919921875,141.61842346191406,15.00940227508545,14.590239524841309,316.7990417480469,16.38567352294922,31.98903465270996,20.926387786865234,16.607986450195312,41.220367431640625,45.3274040222168,50.644752502441406,15.798468589782715,29.242712020874023,104466.0,103.23950178235862
2021-12-03,11.295818328857422,18.461910247802734,4.466400623321533,32.84014892578125,140.66299438476562,14.957328796386719,13.753314971923828,310.56866455078125,16.925317764282227,30.56214141845703,21.175987243652344,17.070106506347656,41.79664611816406,46.28931427001953,49.8588752746582,16.30315589904785,29.29633331298828,105070.0,103.26970553100008
2021-12-06,11.601015090942383,18.619407653808594,4.466400623321533,32.91134262084961,141.80563354492188,15.133064270019531,13.740134239196777,313.6261901855469,16.884441375732422,29.908937454223633,21.575345993041992,16.598556518554688,40.44917678833008,46.21336364746094,50.53123092651367,16.934011459350586,29.501888275146484,106859.0,103.29991811605024
2021-12-07,11.436137199401855,18.56690788269043,4.41520881652832,32.4486083984375,145.88133239746094,14.94431209564209,14.003731727600098,322.0198669433594,16.41020393371582,32.28874969482422,21.894832611083984,16.306194305419922,41.694942474365234,45.470855712890625,50.92417526245117,16.185997009277344,30.887168884277344,107558.0,103.33013954009427
2021-12-08,11.488758087158203,18.995641708374023,4.671569347381592,32.576744079589844,146.78965759277344,14.801114082336426,14.88679027557373,322.0680236816406,16.974380493164062,31.69031524658203,20.936370849609375,16.692867279052734,42.00002670288086,47.22589874267578,51.21232604980469,17.168331146240234,32.209877014160156,108096.0,103.36036980571812
2021-12-09,11.232673645019531,18.69815444946289,4.514101982116699,32.676414489746094,146.24684143066406,14.404078483581543,14.497982025146484,320.2700500488281,16.680025100708008,30.360010147094727,20.706741333007812,16.45709228515625,41.29663848876953,46.60994338989258,50.566162109375,15.987726211547852,32.621002197265625,106291.0,103.39628650062191
2021-12-10,11.401056289672852,19.835620880126953,4.64532470703125,33.03948211669922,146.6064453125,14.423602104187012,14.511161804199219,329.346435546875,16.87626075744629,30.069255828857422,20.666805267333984,16.994659423828125,42.559349060058594,47.841854095458984,51.08134460449219,16.645620346069336,31.995386123657227,107758.0,103.43221567621804
2021-12-13,11.306342124938965,19.975610733032227,4.500978469848633,32.961177825927734,144.45196533203125,14.03957748413086,14.544110298156738,326.3273010253906,16.769968032836914,28.040937423706055,20.357301712036133,17.08896827697754,41.48307800292969,48.28904342651367,50.4002571105957,15.645262718200684,31.81663703918457,107383.0,103.46815733684336
2021-12-14,11.308100700378418,19.100645065307617,4.514101982116699,32.71913146972656,142.550537109375,14.176273345947266,15.532610893249512,315.6933288574219,16.140377044677734,28.216184616088867,19.66840934753418,17.485071182250977,40.11020278930664,48.5084342956543,50.513771057128906,14.996379852294922,31.539587020874023,106760.0,103.50411148683634
2021-12-15,11.11410903930664,19.634374618530273,4.448489665985107,32.811676025390625,145.0606231689453,14.130703926086426,15.328320503234863,321.7603454589844,16.263023376464844,30.329143524169922,19.868087768554688,17.701982498168945,39.76273727416992,50.02721405029297,51.308372497558594,15.456003189086914,31.825578689575195,107370.0,103.5400781305369
2021-12-16,11.078834533691406,19.468130111694336,4.468172550201416,32.23503494262695,143.0834503173828,14.27389907836914,15.11085033416748,312.3858947753906,16.083139419555664,28.265974044799805,19.987895965576172,17.400190353393555,38.95764923095703,50.398475646972656,52.66181182861328,15.185636520385742,31.81663703918457,108212.0,103.57605727228649
2021-12-17,10.697903633117676,19.82686996459961,4.651885986328125,32.46284103393555,140.38912963867188,13.961475372314453,15.671000480651855,311.32818603515625,16.312088012695312,27.68247413635254,20.267446517944336,17.202138900756836,38.95764923095703,47.89247512817383,53.709632873535156,15.942665100097656,31.146345138549805,107201.0,103.61204891642801
2021-12-20,10.376930236816406,18.978147506713867,4.382877349853516,31.70110321044922,140.272216796875,13.746688842773438,15.3744478225708,307.58807373046875,15.551675796508789,27.60082244873047,19.079355239868164,17.145553588867188,38.3839225769043,47.3587532043457,52.29507064819336,15.53711223602295,30.423547744750977,105020.0,103.64805306730598
2021-12-21,10.405147552490234,18.79188346862793,4.291020393371582,31.402101516723633,142.1201171875,13.76621150970459,15.413990020751953,314.68377685546875,15.437202453613281,28.951045989990234,19.598520278930664,17.032381057739258,38.48582458496094,47.2741813659668,52.38239288330078,15.311807632446289,30.343046188354492,105500.0,103.68406972926634
2021-12-22,10.345184326171875,19.116640090942383,4.363193511962891,31.601438522338867,145.03489685058594,13.81828498840332,15.191352844238281,320.36614990234375,15.445375442504883,29.274658203125,19.838136672973633,16.975791931152344,36.30337905883789,47.05430221557617,52.06803894042969,14.816134452819824,30.119401931762695,105244.0,103.72009890665656
2021-12-23,10.306385040283203,18.835771560668945,4.350072383880615,31.4234619140625,145.5316619873047,13.889884948730469,15.824906349182129,321.7987976074219,15.379961013793945,29.513633728027344,19.66840934753418,16.66457176208496,36.22694778442383,46.301631927490234,52.55702209472656,14.780085563659668,29.940494537353516,104891.0,103.75614060382563
2021-12-27,10.327550888061523,18.853322982788086,4.422244548797607,31.622791290283203,146.51231384277344,14.033068656921387,15.504650115966797,329.25994873046875,15.445375442504883,30.81307029724121,20.626869201660156,16.78717613220215,37.97631072998047,46.55533981323242,52.6879997253418,14.807122230529785,29.67212677001953,105531.0,103.82826157490383
2021-12-28,10.267587661743164,18.186260223388672,4.553468227386475,31.80077362060547,145.30433654785156,13.980998992919922,15.859718322753906,328.1061706542969,15.682498931884766,30.192726135253906,20.017847061157227,16.532541275024414,38.92741775512695,45.286808013916016,52.09423828125,15.113537788391113,29.77947235107422,104864.0,103.8643408575185
2021-12-29,10.214678764343262,18.195039749145508,4.553468227386475,31.131576538085938,145.27261352539062,13.863847732543945,15.95718765258789,328.77911376953125,15.454913139343262,29.873092651367188,20.017847061157227,16.504243850708008,37.6620979309082,44.06055450439453,51.55286407470703,15.077488899230957,29.287471771240234,104107.0,103.90043267732307
2021-12-30,10.175880432128906,18.405691146850586,4.592833995819092,31.416339874267578,144.82240295410156,13.636039733886719,15.365406036376953,326.2504577636719,15.715147972106934,29.459869384765625,20.63685417175293,16.74945068359375,38.069725036621094,44.821678161621094,52.48717498779297,15.059464454650879,29.50216293334961,104822.0,103.93653703867412
2021-12-31,10.175880432128906,18.405691146850586,4.592833995819092,31.416339874267578,143.4866485595703,13.636039733886719,15.365406036376953,323.3659973144531,15.715147972106934,29.285608291625977,20.63685417175293,16.74945068359375,38.069725036621094,44.821678161621094,52.48717498779297,15.059464454650879,29.50216293334961,104822.0,103.97265394592966
2022-01-03,10.165302276611328,17.65963363647461,4.376316070556641,30.262489318847656,143.62481689453125,14.0123291015625,14.808438301086426,321.8564758300781,14.649005889892578,29.992584228515625,20.257463455200195,16.400503158569336,37.34789276123047,43.037261962890625,52.033119201660156,14.257375717163086,28.643402099609375,103922.0,104.00878340344934
2022-01-04,10.175880432128906,17.25588607788086,4.310705184936523,29.89535140991211,143.0384063720703,14.409708976745605,14.9755277633667,316.33758544921875,14.58184814453125,29.165128707885742,20.6867733001709,16.38164520263672,36.430763244628906,43.28251647949219,53.168251037597656,13.987008094787598,28.500274658203125,103514.0,104.04492541559421
2022-01-05,10.006577491760254,16.50982666015625,3.976083517074585,29.827919006347656,136.47634887695312,14.136106491088867,14.857171058654785,304.1940612792969,14.002601623535156,27.486312866210938,18.460350036621094,15.664886474609375,33.96807098388672,42.03090286254883,52.56576156616211,13.491333961486816,26.997434616088867,101006.0,104.08107998672689
2022-01-06,10.087700843811035,16.33051872253418,4.035134792327881,29.543203353881836,136.44908142089844,14.422735214233398,14.857171058654785,301.7904357910156,14.01099967956543,28.0578670501709,18.929594039916992,15.183906555175781,34.33323287963867,42.19157409667969,52.146629333496094,13.220967292785645,26.98849105834961,101561.0,104.11724712121149
2022-01-07,10.098281860351562,16.454368591308594,3.9957666397094727,29.58815574645996,135.7254638671875,14.741937637329102,14.738816261291504,301.9441223144531,13.985814094543457,27.130834579467773,19.78821563720703,14.957562446594238,34.95314025878906,41.83639144897461,51.79735565185547,13.45528507232666,26.308626174926758,102719.0,104.15342682341362
2022-01-10,10.151190757751465,16.418981552124023,3.753002166748047,29.340898513793945,137.36239624023438,14.878741264343262,14.940716743469238,302.1653137207031,13.801128387451172,27.28318214416504,20.107702255249023,14.759510040283203,33.51799011230469,41.01605987548828,51.67510986328125,12.932574272155762,25.548267364501953,101945.0,104.18961909770049
2022-01-11,10.19351577758789,17.206314086914062,3.969522714614868,29.782962799072266,138.41883850097656,15.210977554321289,14.815399169921875,302.84796142578125,14.23766040802002,27.698408126831055,21.166004180908203,15.089595794677734,34.65592575073242,41.6080436706543,51.98072052001953,13.17590618133545,25.97765350341797,103779.0,104.22582394844073
2022-01-12,10.292277336120605,17.303627014160156,4.225409030914307,30.854402542114258,140.09738159179688,15.145832061767578,15.052112579345703,306.01129150390625,15.169489860534668,27.87963104248047,21.325748443603516,15.400815963745117,34.987117767333984,41.963233947753906,53.80567932128906,13.374174118041992,27.03321647644043,105686.0,104.26204138000459
2022-01-13,10.458053588867188,17.07361602783203,4.284460067749023,30.629615783691406,137.2806854248047,15.42594051361084,15.831870079040527,293.05999755859375,15.21146297454834,26.461698532104492,21.984689712524414,15.33480167388916,35.15695571899414,41.8194694519043,54.60028076171875,13.410223960876465,26.031320571899414,105530.0,104.29827139676374
2022-01-14,10.726119995117188,17.34786033630371,4.323827266693115,30.854402542114258,138.16575622558594,15.308690071105957,16.36795425415039,298.2520751953125,15.522069931030273,26.827133178710938,22.863277435302734,15.381956100463867,34.81727600097656,43.358619689941406,54.80984115600586,13.509358406066895,27.462600708007812,106928.0,104.3345140030914
2022-01-17,10.747282028198242,17.48055648803711,4.395999431610107,30.667083740234375,138.16575622558594,15.308690071105957,16.18693733215332,298.2520751953125,15.28701114654541,26.827133178710938,22.783405303955078,15.419683456420898,33.619895935058594,42.69053268432617,54.1636848449707,13.329113960266113,27.14950942993164,106692.0,104.37076920336233
2022-01-18,10.842516899108887,16.763996124267578,4.199163436889648,31.04920196533203,134.71607971191406,15.399887084960938,15.748324394226074,290.9928894042969,15.370966911315918,25.792564392089844,23.881641387939453,15.466833114624023,33.03395080566406,42.039344787597656,54.879695892333984,13.040721893310547,27.319473266601562,106522.0,104.4070370019528
2022-01-19,10.937748908996582,17.63979148864746,4.468172550201416,30.816940307617188,133.8428955078125,15.295658111572266,15.797060012817383,291.64654541015625,15.740337371826172,24.960128784179688,23.951528549194336,15.778059005737305,34.08695983886719,42.15774154663086,54.65099334716797,13.35615062713623,27.283681869506836,108013.0,104.4433174032406
2022-01-20,11.004765510559082,19.11714744567871,4.763426780700684,30.419828414916992,132.0509490966797,15.171887397766113,15.560346603393555,289.98333740234375,16.445507049560547,24.047035217285156,24.16119384765625,16.485383987426758,35.029571533203125,45.777305603027344,53.290245056152344,14.338485717773438,27.498376846313477,109102.0,104.47961041160505
2022-01-21,11.004765510559082,18.84290313720703,5.091485977172852,30.7120418548584,129.12278747558594,15.178390502929688,15.623004913330078,284.6279296875,16.73932647705078,23.27434539794922,23.56215476989746,16.01383399963379,35.49663543701172,46.42848205566406,52.654048919677734,14.239351272583008,27.3820858001709,108942.0,104.51591603142698
2022-01-24,11.057670593261719,19.11714744567871,5.032434940338135,30.884368896484375,129.571044921875,15.158856391906738,16.354028701782227,284.9547119140625,16.521055221557617,23.27235221862793,23.132844924926758,15.683748245239258,34.486083984375,45.34600830078125,51.44350814819336,14.374534606933594,26.746959686279297,107752.0,104.55223426708872
2022-01-25,11.343375205993652,19.92217254638672,5.2423930168151855,31.363895416259766,125.73849487304688,15.706055641174316,16.45149803161621,277.3782653808594,17.133878707885742,22.228822708129883,23.841705322265625,15.862936973571777,35.887271881103516,47.1473274230957,50.10926055908203,14.671939849853516,27.01532554626465,109845.0,104.5885651229742
2022-01-26,11.234030723571777,20.479494094848633,5.15053653717041,31.790969848632812,128.0148468017578,15.87544059753418,16.068580627441406,285.2816467285156,17.4193058013916,22.674909591674805,23.55217170715332,15.910093307495117,37.229007720947266,48.94865036010742,49.16380310058594,14.924281120300293,27.498376846313477,111573.0,104.6249086034688
2022-01-27,11.389225006103516,21.337602615356445,5.216148853302002,31.895870208740234,127.78899383544922,15.953601837158203,15.58819580078125,288.29107666015625,17.88102149963379,21.850446701049805,23.771818161010742,15.712041854858398,37.37337875366211,48.855628967285156,51.68207931518555,14.73502254486084,28.98332977294922,112315.0,104.66126471295945
2022-01-28,11.459771156311035,20.629884719848633,5.235832691192627,32.233028411865234,132.0940399169922,16.14903450012207,15.713513374328613,296.3868103027344,17.855833053588867,22.74262809753418,23.80177116394043,14.863251686096191,37.35638427734375,48.57655334472656,52.397796630859375,13.96898365020752,28.285585403442383,111478.0,104.69763345583453
2022-01-31,11.519732475280762,21.266830444335938,5.399862289428711,32.63014221191406,134.0281219482422,16.500810623168945,15.650853157043457,299.0019836425781,18.048917770385742,24.38160514831543,23.881641387939453,14.731217384338379,37.636627197265625,49.55755615234375,52.30944061279297,14.428609848022461,28.768638610839844,112388.0,104.7340148364841
2022-02-01,11.502095222473145,21.452604293823242,5.544208526611328,32.86989974975586,136.3465576171875,16.616619110107422,15.532498359680176,296.8675537109375,17.687942504882812,24.532957077026367,23.70193099975586,14.627476692199707,38.375431060791016,49.61674499511719,52.69822311401367,14.194289207458496,28.679183959960938,113147.0,104.77040885929965
2022-02-02,11.311626434326172,20.691810607910156,5.439229965209961,32.54022216796875,146.60496520996094,16.355857849121094,15.142618179321289,301.3865051269531,17.62917709350586,25.134384155273438,22.993070602416992,14.570890426635742,38.71510696411133,49.43915557861328,52.37129592895508,13.788738250732422,28.419763565063477,112161.0,104.80681552867416
2022-02-03,11.389225006103516,20.417572021484375,5.452352046966553,32.817447662353516,141.7412109375,16.544902801513672,14.021716117858887,289.6468505859375,17.62917709350586,23.84589958190918,22.703533172607422,14.353978157043457,39.17368698120117,48.62728500366211,52.19457244873047,13.563432693481445,27.686235427856445,111696.0,104.84891433033572
2022-02-04,11.368064880371094,20.231794357299805,5.065240859985352,32.51025390625,141.94232177734375,16.5970516204834,14.1470365524292,294.1561279296875,17.377328872680664,24.21531867980957,24.3708553314209,14.391701698303223,38.82550811767578,48.390499114990234,53.52881622314453,12.734305381774902,27.596778869628906,112245.0,104.89103004224394
2022-02-07,11.237560272216797,20.046024322509766,4.99962854385376,32.562705993652344,137.88888549804688,16.505794525146484,14.529953956604004,289.3583679199219,17.52004051208496,24.622575759887695,24.131240844726562,14.023893356323242,38.96987533569336,47.105037689208984,53.5023078918457,12.554059982299805,27.730960845947266,111996.0,104.9331626711913
2022-02-08,11.35748291015625,19.975250244140625,4.993069171905518,32.30046844482422,138.0850372314453,16.688325881958008,15.254014015197754,292.82928466796875,17.595598220825195,25.000957489013672,23.831722259521484,14.684062004089355,38.92741775512695,47.451778411865234,53.422786712646484,12.563072204589844,27.03321647644043,112234.0,104.97531222397305
2022-02-09,11.258721351623535,20.736042022705078,4.881528377532959,31.993270874023438,140.25738525390625,16.023395538330078,15.553383827209473,299.2231140136719,18.048917770385742,26.591148376464844,24.460712432861328,15.146181106567383,40.33708572387695,47.984561920166016,53.54648208618164,12.518012046813965,27.095834732055664,112461.0,105.01747870738718
2022-02-10,11.382171630859375,20.629884719848633,4.99962854385376,32.2704963684082,137.31336975097656,16.329788208007812,15.936300277709961,290.7333068847656,17.998550415039062,25.713903427124023,24.710309982299805,15.06130313873291,40.405025482177734,48.111419677734375,51.56721496582031,12.076411247253418,26.60383415222168,113359.0,105.05966212823435
2022-02-11,11.780744552612305,20.3644962310791,4.947140693664551,32.015750885009766,133.01675415039062,17.294574737548828,15.978071212768555,283.67596435546875,18.27558135986328,23.84689712524414,25.75862693786621,15.146181106567383,40.430503845214844,48.500431060791016,51.00170135498047,12.139496803283691,26.415977478027344,113572.0,105.10186249331801
2022-02-14,11.830124855041504,20.65642738342285,4.802793025970459,32.52524185180664,134.24855041503906,17.25545883178711,15.574271202087402,283.63751220703125,18.678531646728516,24.163537979125977,26.457504272460938,15.26878547668457,40.549381256103516,49.574459075927734,51.56721496582031,12.103447914123535,27.230018615722656,113807.0,105.1440798094443
2022-02-15,12.390946388244629,21.9833927154541,4.763426780700684,32.24052429199219,135.32081604003906,17.41843605041504,15.518573760986328,288.8968505859375,18.980745315551758,26.382043838500977,25.708707809448242,15.6931791305542,42.49406433105469,51.240478515625,50.60408401489258,12.436901092529297,29.41270637512207,114660.0,105.18631408342216
2022-02-16,12.461487770080566,22.346094131469727,4.789671421051025,32.585182189941406,136.43968200683594,17.235910415649414,15.177430152893066,288.55963134765625,18.72050666809082,26.397972106933594,25.19952392578125,15.759196281433105,42.91865921020508,50.78379821777344,50.612918853759766,12.301718711853027,27.999326705932617,115181.0,105.22856532206319
2022-02-17,12.461487770080566,22.178010940551758,4.717498302459717,32.18807601928711,131.28968811035156,16.994709014892578,15.81794548034668,280.1100158691406,18.61137580871582,24.402517318725586,24.850086212158203,15.730904579162598,42.59596633911133,50.251014709472656,51.16958999633789,12.040362358093262,27.417871475219727,113528.0,105.27083353218177
2022-02-18,12.715441703796387,22.23993492126465,4.901211261749268,32.70506286621094,129.17381286621094,17.059904098510742,15.546422958374023,277.4122314453125,18.68692398071289,23.54120445251465,24.340904235839844,14.344547271728516,42.485565185546875,49.42223358154297,50.40085220336914,12.536036491394043,26.666454315185547,112768.0,105.31311872059494
2022-02-21,12.443848609924316,21.372989654541016,4.776549339294434,32.600162506103516,129.17381286621094,16.642696380615234,14.836285591125488,277.4122314453125,18.200027465820312,23.54120445251465,25.229476928710938,14.40113353729248,41.62786865234375,49.0924186706543,50.30365753173828,12.139496803283691,26.590070724487305,111725.0,105.35542089412262
2022-02-22,12.560246467590332,22.514177322387695,4.822476387023926,33.004764556884766,128.58985900878906,16.79509925842285,15.40717887878418,277.2099609375,18.58618927001953,23.2902774810791,24.500648498535156,14.976423263549805,43.30929183959961,52.07770919799805,50.33016586303711,13.040721893310547,26.599077224731445,112892.0,105.39774005958738
2022-02-23,12.623736381530762,22.301862716674805,4.7962327003479,33.042232513427734,126.3853759765625,16.56028938293457,15.455912590026855,270.0320739746094,18.468664169311523,22.29155921936035,24.850086212158203,14.853821754455566,47.130699157714844,49.35457992553711,47.255218505859375,12.310729026794434,25.761383056640625,112008.0,105.4400762238145
2022-02-24,12.221640586853027,23.044963836669922,4.901211261749268,32.54772186279297,131.44024658203125,16.279829025268555,15.998960494995117,283.8289489746094,18.267179489135742,23.646751403808594,24.82013511657715,15.193337440490723,43.521602630615234,49.337677001953125,47.65283966064453,12.031350135803223,26.40991973876953,111592.0,105.48242939363209
2022-02-25,12.419156074523926,22.478792190551758,4.947140693664551,31.835926055908203,133.1920928955078,16.61246109008789,15.435027122497559,286.4495849609375,18.544218063354492,24.05400276184082,25.778594970703125,14.618046760559082,43.30929183959961,48.64420700073242,48.66014862060547,11.346419334411621,26.481983184814453,113142.0,105.52479957587093
2022-02-28,12.419156074523926,22.478792190551758,4.947140693664551,31.835926055908203,133.78395080566406,16.61246109008789,15.435027122497559,287.87554931640625,18.544218063354492,24.28104019165039,25.778594970703125,14.618046760559082,43.30929183959961,48.64420700073242,48.66014862060547,11.346419334411621,26.481983184814453,113142.0,105.52479957587093
2022-03-01,12.419156074523926,22.478792190551758,4.947140693664551,31.835926055908203,132.7978515625,16.61246109008789,15.435027122497559,284.1759033203125,18.544218063354492,23.376907348632812,25.778594970703125,14.618046760559082,43.30929183959961,48.64420700073242,48.66014862060547,11.346419334411621,26.481983184814453,113142.0,105.52479957587093
2022-03-02,12.556716918945312,22.248781204223633,4.953701019287109,31.970794677734375,133.3030548095703,16.336809158325195,15.838830947875977,289.22442626953125,17.956575393676758,24.120851516723633,28.1048583984375,14.750081062316895,44.06508255004883,47.832340240478516,48.598297119140625,11.058027267456055,27.247615814208984,115174.0,105.56718677736457
2022-03-03,12.558111190795898,21.824153900146484,4.953701019287109,32.113155364990234,132.6373748779297,16.3498592376709,15.344520568847656,285.1103820800781,18.233600616455078,23.61692237854004,28.41436004638672,14.684062004089355,43.60651397705078,46.98665237426758,47.476112365722656,10.805685043334961,28.14836311340332,115166.0,105.6095910049493
2022-03-04,12.243886947631836,21.07221031188965,4.625641822814941,31.17658233642578,130.6631317138672,16.101831436157227,14.592609405517578,279.27178955078125,17.67954444885254,22.84210968017578,28.1547794342041,14.382270812988281,43.564048767089844,44.999271392822266,50.657100677490234,10.544328689575195,28.382556915283203,114474.0,105.65201226546417
2022-03-07,11.72018051147461,20.346799850463867,4.363193511962891,30.914344787597656,125.18727111816406,15.755908012390137,14.829322814941406,268.7217712402344,17.15067481994629,21.264589309692383,27.50581932067871,14.665201187133789,44.141517639160156,43.13029479980469,51.31980514526367,10.102728843688965,27.9952335357666,111593.0,105.69445056575096
2022-03-08,11.810479164123535,21.10759162902832,4.356632709503174,31.041711807250977,125.90641784667969,15.605795860290527,15.21920108795166,265.7735595703125,17.192642211914062,21.425926208496094,27.89519500732422,15.231060981750488,43.886749267578125,43.78993225097656,51.19609832763672,10.337048530578613,28.43659782409668,111203.0,105.7369059126542
2022-03-09,12.478652954101562,22.1160888671875,4.750303745269775,32.54772186279297,132.1623992919922,16.382490158081055,15.664777755737305,277.96142578125,17.780284881591797,22.919782638549805,26.098081588745117,15.532851219177246,44.48118591308594,47.17270278930664,52.20341110229492,11.274322509765625,29.42742919921875,113900.0,105.77937831302118
2022-03-10,12.31612491607666,21.470298767089844,4.5469069480896,32.158103942871094,131.1812286376953,16.395545959472656,15.13565731048584,275.15771484375,17.662757873535156,22.565248489379883,25.778594970703125,15.33480167388916,43.538570404052734,46.563804626464844,53.74972152709961,11.040002822875977,28.571712493896484,113663.0,105.82186777370195
2022-03-11,12.07052230834961,21.0987491607666,4.435366630554199,31.716049194335938,128.64633178710938,16.21279525756836,14.09830093383789,269.83935546875,17.133878707885742,22.0095272064209,24.870054244995117,14.67463207244873,43.38572311401367,45.422119140625,53.970619201660156,8.264229774475098,28.27446937561035,111713.0,105.86437430154928
2022-03-14,12.14637279510498,20.86874008178711,4.113868713378906,31.993270874023438,124.76378631591797,16.44123077392578,14.09830093383789,266.34197998046875,16.831668853759766,21.242685317993164,23.522218704223633,14.504874229431152,42.774288177490234,45.2445182800293,52.85728073120117,7.299920082092285,27.941192626953125,109928.0,105.90689790341872
2022-03-15,12.008489608764648,20.974899291992188,4.330387115478516,32.113155364990234,127.98015594482422,16.382490158081055,14.091337203979492,276.66070556640625,16.57142448425293,22.878955841064453,23.671977996826172,14.382270812988281,43.428184509277344,44.94007110595703,51.74393081665039,7.7505316734313965,27.20258140563965,108959.0,105.94943858616857
2022-03-16,12.168405532836914,21.638381958007812,4.395999431610107,32.52524185180664,132.02420043945312,16.702316284179688,14.26539134979248,283.6362609863281,16.747716903686523,24.395719528198242,23.122859954833984,14.816097259521484,44.166988372802734,45.650455474853516,53.55532455444336,7.858679294586182,28.805906295776367,111112.0,105.99199635665985
2022-03-17,12.281075477600098,22.23993492126465,4.455050468444824,33.162109375,132.57740783691406,17.067811965942383,14.474254608154297,284.43597412109375,17.20943832397461,24.664615631103516,25.009828567504883,15.63659381866455,43.98865509033203,46.17478561401367,54.42125701904297,7.299920082092285,29.814746856689453,113076.0,106.0383561959463
2022-03-18,12.255636215209961,22.691104888916016,4.717498302459717,33.88888931274414,134.84237670898438,17.191822052001953,14.843247413635254,289.45556640625,17.88102149963379,26.344707489013672,25.868450164794922,16.66457176208496,44.073570251464844,47.629371643066406,56.771644592285156,7.930777072906494,29.985885620117188,115311.0,106.08473631256284
2022-03-21,12.506418228149414,22.08954620361328,4.691253185272217,34.278507232666016,134.81858825683594,17.61607551574707,14.808438301086426,288.2320251464844,18.216815948486328,26.624557495117188,26.128034591674805,16.221315383911133,43.521602630615234,46.724483489990234,54.66866683959961,7.60633659362793,29.319332122802734,116155.0,106.13113671537862
2022-03-22,12.75719928741455,22.726491928100586,4.7699875831604,34.9228630065918,138.5496063232422,17.857563018798828,14.585648536682129,292.953125,18.997535705566406,26.415416717529297,26.51740837097168,16.560829162597656,44.40475845336914,48.53426742553711,54.13850402832031,7.84065580368042,29.724672317504883,117272.0,106.17755741326656
2022-03-23,12.691777229309082,23.036115646362305,4.789671421051025,35.19260025024414,136.97213745117188,17.779245376586914,14.43248176574707,288.5499572753906,19.19061851501465,25.529062271118164,27.296157836914062,16.617420196533203,44.53214645385742,48.64420700073242,52.848445892333984,7.966827392578125,29.49948501586914,117457.0,106.22399841510355
2022-03-24,12.837159156799316,23.48728370666504,4.888088703155518,35.717079162597656,140.237548828125,17.896732330322266,14.585648536682129,292.9916076660156,20.37428855895996,28.03476333618164,26.068130493164062,17.145553588867188,44.523651123046875,50.03113555908203,53.34325408935547,7.903740406036377,29.84177017211914,119053.0,106.27045972977034
2022-03-25,12.829889297485352,23.84998893737793,5.104608535766602,35.53725051879883,140.3376007080078,17.92936897277832,14.042601585388184,292.58697509765625,20.592557907104492,27.578638076782227,25.18954086303711,17.36246681213379,44.379295349121094,51.44344711303711,50.14460372924805,8.696818351745605,29.6165771484375,119081.0,106.31694136615155
2022-03-28,12.706315994262695,23.885372161865234,4.993069171905518,35.514774322509766,140.12216186523438,17.91631317138672,14.606534004211426,299.3504638671875,20.567371368408203,28.103477478027344,24.9898624420166,17.654827117919922,43.827301025390625,51.78171920776367,50.80731201171875,8.120035171508789,30.298999786376953,118738.0,106.3634433331357
2022-03-29,12.760833740234375,24.018070220947266,5.084925174713135,36.72857666015625,141.16224670410156,18.12518310546875,14.898945808410645,303.888427734375,21.146621704101562,28.5386905670166,25.19952392578125,17.428483963012695,43.73389434814453,52.559757232666016,50.10042190551758,8.354352951049805,30.61461067199707,120014.0,106.4099656396152
2022-03-30,12.684507369995117,23.3015079498291,5.111169815063477,36.33147048950195,140.60061645507812,18.164331436157227,14.926794052124023,302.3950500488281,20.86119270324707,27.576644897460938,25.03978157043457,17.371896743774414,42.27326202392578,52.217620849609375,50.51572036743164,8.219168663024902,30.794965744018555,120260.0,106.45650829448631
2022-03-31,12.611817359924316,23.036115646362305,4.966823101043701,36.57123565673828,137.75665283203125,17.935894012451172,14.898945808410645,297.0478515625,20.550580978393555,27.174293518066406,23.771818161010742,17.49449920654297,42.37517547607422,51.79378128051758,48.73084259033203,7.732508182525635,31.444229125976562,119999.0,106.50307130664926
2022-04-01,12.6045503616333,23.55805206298828,5.117732048034668,37.702606201171875,138.82945251464844,17.98660659790039,14.822361946105957,298.1173095703125,21.30611801147461,26.60264778137207,24.450727462768555,17.918893814086914,43.08019256591797,52.836429595947266,47.90024948120117,7.912752628326416,31.904132843017578,121570.0,106.54965468500808
2022-04-04,12.488245010375977,23.33689308166504,5.216148853302002,37.24556350708008,141.62384033203125,17.823328018188477,15.233126640319824,303.4645690917969,21.18019676208496,27.247997283935547,24.32093620300293,17.80571937561035,43.44679260253906,52.582122802734375,47.82072067260742,7.561276435852051,31.57948875427246,121280.0,106.59625843847076
2022-04-05,12.157501220703125,22.416868209838867,5.189903736114502,36.713592529296875,139.26580810546875,17.46411895751953,15.07995891571045,299.5238952636719,21.625123977661133,25.824846267700195,24.011432647705078,17.46620750427246,42.5345458984375,51.624237060546875,47.86490249633789,7.263870716094971,31.227807998657227,118885.0,106.64288257594919
2022-04-06,12.219287872314453,22.213401794433594,5.209587574005127,36.48881149291992,135.2609100341797,17.45758628845215,14.843247413635254,288.55963134765625,20.90316390991211,24.307083129882812,23.51223373413086,17.070106506347656,41.41767883300781,50.072967529296875,48.89872360229492,6.92140531539917,30.95728302001953,118228.0,106.68952710635908
2022-04-07,12.444628715515137,22.682262420654297,5.124292373657227,35.99429702758789,134.6075897216797,17.444530487060547,15.038187980651855,290.3613586425781,20.852794647216797,24.108903884887695,23.522218704223633,17.032381057739258,40.56511306762695,49.32699203491211,48.12998962402344,6.804245948791504,30.767911911010742,118862.0,106.73619203862015
2022-04-08,12.666333198547363,22.638029098510742,5.019312381744385,35.95683670043945,132.03114318847656,17.411869049072266,15.616044044494629,286.1221008300781,20.500215530395508,23.02436065673828,23.542186737060547,17.230432510375977,39.780757904052734,48.970970153808594,48.156497955322266,6.66906213760376,30.785940170288086,118322.0,106.78287738165592
2022-04-11,12.746298789978027,22.337251663208008,4.894650936126709,35.66463088989258,127.60920715332031,17.346559524536133,15.163503646850586,274.8398132324219,20.36589241027832,21.8272762298584,23.31255531311035,17.21156883239746,38.72357177734375,48.91163635253906,47.88257598876953,6.642025947570801,29.352148056030273,116953.0,106.82958314439391
2022-04-12,12.720856666564941,21.939159393310547,4.920895099639893,35.589698791503906,126.51067352294922,17.039592742919922,14.446406364440918,271.75665283203125,20.382688522338867,21.41596794128418,23.7119140625,17.409618377685547,38.12678146362305,49.157466888427734,47.272891998291016,6.488818645477295,29.189836502075195,116147.0,106.87630933576544
2022-04-13,12.782642364501953,22.443408966064453,5.045557498931885,35.76203155517578,128.66961669921875,17.085308074951172,14.1470365524292,277.11358642578125,20.315526962280273,22.112106323242188,24.300968170166016,17.485071182250977,37.4532470703125,48.8692512512207,47.529136657714844,6.461780548095703,29.361173629760742,116782.0,106.92305596470581
2022-04-14,12.793543815612793,22.204551696777344,4.927456378936768,35.379913330078125,125.53544616699219,17.196340560913086,14.161453247070312,269.60809326171875,20.181209564208984,21.170978546142578,24.860069274902344,17.35303497314453,36.20849609375,48.47084045410156,47.37009048461914,6.2004265785217285,29.117700576782227,116182.0,106.96982304015424
2022-04-18,13.266034126281738,22.337251663208008,4.881528377532959,35.77701187133789,126.47301483154297,17.294315338134766,13.817451477050781,270.27294921875,20.349105834960938,21.69382667541504,24.800167083740234,17.02294921875,36.182926177978516,48.581031799316406,46.03584289550781,6.002156734466553,28.775026321411133,115687.0,107.01661057105379
2022-04-19,12.797178268432617,22.921110153198242,5.006191253662109,35.56722640991211,128.78353881835938,16.98735237121582,13.874785423278809,274.8782653808594,20.13083839416504,22.107126235961914,24.620454788208008,16.975791931152344,36.31081008911133,49.46262741088867,46.38044738769531,6.155364513397217,28.288084030151367,115057.0,107.06341856635146
2022-04-20,12.779006958007812,23.221891403198242,4.920895099639893,35.79199981689453,126.83308410644531,17.09837532043457,13.795951843261719,275.8995666503906,20.13083839416504,21.394062042236328,25.658788681030273,17.758569717407227,35.46676254272461,49.301570892333984,45.93864440917969,5.9661078453063965,28.33316993713379,114344.0,107.11024703499821
2022-04-21,12.779006958007812,23.221891403198242,4.920895099639893,35.79199981689453,123.63800048828125,17.09837532043457,13.795951843261719,270.5523986816406,20.13083839416504,20.10037612915039,25.658788681030273,17.758569717407227,35.46676254272461,49.301570892333984,45.93864440917969,5.9661078453063965,28.33316993713379,114344.0,107.11024703499821
2022-04-22,12.513688087463379,22.469945907592773,4.914333343505859,35.52227020263672,118.50782012939453,16.765302658081055,13.437613487243652,264.0199890136719,19.753074645996094,19.43510627746582,24.44074249267578,17.24929428100586,34.358428955078125,47.38579559326172,45.56753158569336,5.542531967163086,28.23397445678711,111078.0,107.15709598594884
2022-04-25,12.611817359924316,22.222246170043945,4.868404865264893,36.03925704956055,121.91390991210938,16.699979782104492,13.28711223602295,270.46563720703125,19.795047760009766,19.820526123046875,24.660390853881836,17.24929428100586,34.81028747558594,46.91957092285156,45.72658157348633,5.903021812438965,28.143800735473633,110685.0,107.20396542816215
2022-04-26,12.328325271606445,21.0987491607666,4.743743896484375,36.2865104675293,117.53160858154297,16.13178062438965,13.27277946472168,260.3492126464844,19.4676513671875,18.711088180541992,25.269412994384766,16.78717613220215,33.82131576538086,45.08855438232422,44.798789978027344,5.686727523803711,27.034645080566406,108213.0,107.25085537060079
2022-04-27,12.382845878601074,21.08990478515625,4.763426780700684,36.526275634765625,113.2171630859375,16.001157760620117,13.910618782043457,272.8742980957031,19.70270538330078,18.339618682861328,25.54896354675293,16.66457176208496,33.67638397216797,45.520877838134766,44.71043014526367,5.452408790588379,28.522541046142578,109349.0,107.29776582223134
2022-04-28,12.361037254333496,21.346446990966797,4.881528377532959,35.949344635009766,117.40531158447266,15.870535850524902,13.595282554626465,279.0502014160156,19.895784378051758,19.701021194458008,26.237857818603516,16.40900421142578,32.96022415161133,46.2838020324707,45.04620361328125,5.533519268035889,28.0716609954834,109919.0,107.34469679202434
2022-04-29,12.073907852172852,20.426420211791992,4.809354782104492,35.69459533691406,113.03390502929688,15.589699745178223,13.437613487243652,267.38250732421875,20.693294525146484,18.4710750579834,26.657184600830078,15.45543098449707,31.314769744873047,44.87662887573242,43.835662841796875,5.2451276779174805,27.142854690551758,107876.0,107.3916482889542
2022-05-02,11.986678123474121,20.417572021484375,4.748392581939697,35.514774322509766,115.48408508300781,15.52280330657959,13.158112525939941,274.07867431640625,20.265159606933594,19.453035354614258,25.109668731689453,14.936158180236816,30.632713317871094,43.85715866088867,45.125728607177734,5.1369805335998535,26.096818923950195,106639.0,107.43862032199931
2022-05-03,12.233824729919434,20.02832794189453,4.706059455871582,35.21508026123047,116.22801208496094,15.601234436035156,13.021944046020508,271.48687744140625,20.315526962280273,19.521753311157227,25.788578033447266,15.068337440490723,30.598613739013672,44.692203521728516,45.293609619140625,5.091919422149658,25.618886947631836,106528.0,107.48561290014197
2022-05-04,12.590010643005371,20.3644962310791,5.044726371765137,35.424869537353516,121.10857391357422,15.581629753112793,12.011435508728027,279.3874206542969,20.810821533203125,20.250757217407227,27.28617286682129,15.294928550720215,31.928617477416992,46.60940170288086,45.91213607788086,5.191053867340088,26.096818923950195,108344.0,107.5326260323684
2022-05-05,12.262903213500977,19.568313598632812,4.727226257324219,34.69808578491211,115.40731811523438,15.22215461730957,11.344929695129395,267.21875,19.76986312866211,18.76685905456543,26.507423400878906,14.813419342041016,30.37694549560547,45.373878479003906,47.148094177246094,4.97476053237915,25.39344596862793,105304.0,107.5834663826302
2022-05-06,12.302881240844727,19.37369155883789,4.58611536026001,34.61566925048828,114.65547180175781,15.548943519592285,11.495430946350098,264.69439697265625,19.862205505371094,18.598548889160156,26.457504272460938,14.492416381835938,29.720468521118164,44.37692642211914,46.29897689819336,4.911674499511719,24.48267364501953,105135.0,107.63433076970124
2022-05-09,12.33559513092041,20.072561264038086,4.515559196472168,34.82545471191406,111.45046997070312,15.32672119140625,11.129927635192871,254.91514587402344,19.55159568786621,16.8806095123291,24.18115997314453,14.58682918548584,29.353866577148438,44.06166458129883,45.02083969116211,4.812539100646973,24.040813446044922,103250.0,107.68521920494582
2022-05-10,12.193848609924316,20.67411994934082,4.58611536026001,34.31596755981445,113.31670379638672,15.24829387664795,10.707091331481934,259.655517578125,19.845413208007812,17.522968292236328,24.231081008911133,14.454651832580566,28.6973934173584,44.77741241455078,43.84102249145508,4.470073699951172,23.553871154785156,103110.0,107.73613169973373
2022-05-11,12.46280288696289,20.019481658935547,4.437948226928711,33.409366607666016,112.53169250488281,15.758097648620605,10.692758560180664,251.0323944091797,19.652332305908203,16.56192398071289,25.44912338256836,14.501856803894043,27.15424346923828,45.953304290771484,44.01084518432617,4.226743698120117,23.535831451416016,104397.0,107.78706826544003
2022-05-12,12.779006958007812,20.9306640625,4.7131147384643555,33.71656036376953,111.78034210205078,16.006458282470703,10.78592586517334,246.02236938476562,20.30712890625,16.108783721923828,26.098081588745117,14.416886329650879,27.623159408569336,47.12919616699219,43.57288360595703,4.4160003662109375,23.815372467041016,105688.0,107.83802891344523
2022-05-13,12.760833740234375,21.452604293823242,4.642559051513672,33.80647277832031,114.95661163330078,16.195999145507812,11.187261581420898,251.58160400390625,20.945138931274414,17.633516311645508,27.046558380126953,14.671801567077637,27.878929138183594,47.81085968017578,46.10234451293945,4.4160003662109375,23.89653205871582,106924.0,107.88901365513522
2022-05-16,12.760833740234375,21.69146156311035,4.515559196472168,33.664119720458984,113.36624145507812,16.365934371948242,11.23026180267334,251.94766235351562,21.70907211303711,17.19332504272461,27.016605377197266,15.068337440490723,28.00680923461914,47.631919860839844,45.8878288269043,4.479086399078369,23.626008987426758,108233.0,107.94002250190123
2022-05-17,13.240592002868652,21.965700149536133,4.402669906616211,33.54423522949219,115.3751220703125,16.509721755981445,11.06542682647705,257.0733337402344,21.53278160095215,18.102590560913086,26.47747230529785,15.134427070617676,28.825275421142578,48.21134948730469,47.0229606628418,4.515135288238525,24.266250610351562,108789.0,107.9910554651399
2022-05-18,13.051596641540527,21.11644172668457,4.339170932769775,32.74251937866211,110.84473419189453,16.274438858032227,10.836092948913574,245.36891174316406,20.50861167907715,16.8686580657959,25.13962173461914,14.737890243530273,28.049442291259766,47.20587158203125,45.51243209838867,4.406988620758057,23.83340835571289,106247.0,108.04211255625324
2022-05-19,12.97527027130127,21.70914649963379,4.409726142883301,32.884883880615234,109.34352111816406,16.222145080566406,10.628257751464844,244.46115112304688,20.592557907104492,17.05389976501465,24.830120086669922,14.737890243530273,28.151748657226562,46.796871185302734,45.36048889160156,4.587233066558838,23.021831512451172,107005.0,108.0931937866487
2022-05-20,13.447761535644531,21.824153900146484,4.423837661743164,33.73904037475586,107.88143920898438,16.42475128173828,10.771592140197754,243.90103149414062,20.96193504333496,16.62566375732422,25.43914031982422,14.983365058898926,29.021366119384766,47.12919616699219,45.896766662597656,4.668343544006348,23.436641693115234,108488.0,108.14429916773909
2022-05-23,14.014749526977539,21.62068748474121,4.466170310974121,33.63414001464844,110.43711853027344,16.84959602355957,10.77875804901123,251.71368408203125,20.491817474365234,16.82882308959961,26.128034591674805,15.181632041931152,28.501298904418945,47.802337646484375,46.55818557739258,4.659331798553467,23.95965003967285,110346.0,108.1954287109426
2022-05-24,13.98259162902832,21.461448669433594,4.452058792114258,34.59320068359375,104.97113037109375,17.1044979095459,10.957926750183105,250.718994140625,20.206392288208008,16.087871551513672,27.146398544311523,15.266603469848633,28.833797454833984,47.0951042175293,46.59393310546875,4.434025287628174,23.517793655395508,110581.0,108.24658242768281
2022-05-25,13.897512435913086,21.8330020904541,4.374448776245117,34.638153076171875,104.80768585205078,16.797311782836914,10.728591918945312,253.51954650878906,19.7614688873291,16.905508041381836,27.425949096679688,15.143867492675781,29.831302642822266,48.484012603759766,45.75375747680664,4.4971113204956055,22.823440551757812,110580.0,108.29776032938878
2022-05-26,13.856825828552246,22.071855545043945,4.614336967468262,33.641639709472656,106.77645111083984,17.00645637512207,10.520755767822266,256.78369140625,19.753074645996094,17.777923583984375,27.935131072998047,16.191852569580078,31.655790328979492,49.302024841308594,47.657562255859375,4.794515132904053,23.18414306640625,111890.0,108.3489624274949
2022-05-27,13.705157279968262,22.29301643371582,4.790726661682129,32.77249526977539,111.25779724121094,17.097949981689453,10.441922187805176,263.8719787597656,19.996522903442383,18.73399543762207,28.6739444732666,16.125762939453125,31.885990142822266,49.7791862487793,47.889949798583984,4.695380687713623,23.64403533935547,111942.0,108.400188733441
2022-05-30,13.34264850616455,22.027624130249023,4.706059455871582,32.77249526977539,111.25779724121094,16.94109344482422,10.613924980163574,263.8719787597656,20.382688522338867,18.73399543762207,28.21468162536621,16.201295852661133,31.169830322265625,48.5692253112793,47.961456298828125,4.605257987976074,23.030845642089844,111032.0,108.45143925867224
2022-05-31,13.546098709106445,22.222246170043945,4.656670093536377,33.147125244140625,112.68968200683594,17.097949981689453,11.201595306396484,262.5489807128906,20.22318458557129,18.595565795898438,27.945114135742188,16.692241668701172,30.53893280029297,49.01231384277344,47.818443298339844,4.515135288238525,22.877548217773438,111351.0,108.50271401463935
2022-06-01,13.57198715209961,21.974544525146484,4.727226257324219,32.974796295166016,112.81845092773438,16.860971450805664,11.23742961883545,263.08013916015625,20.214792251586914,18.2450008392334,28.1048583984375,16.796096801757812,30.095596313476562,48.90154266357422,48.06870651245117,4.379951477050781,23.635021209716797,111360.0,108.55401301279832
2022-06-02,13.583089828491211,22.408018112182617,4.7131147384643555,33.11715316772461,116.5137939453125,16.932907104492188,11.58859920501709,265.1660461425781,20.802427291870117,19.51178741455078,28.653976440429688,17.324811935424805,30.3172664642334,47.96424102783203,48.28322219848633,4.379951477050781,23.743227005004883,112393.0,108.60533626461064
2022-06-03,13.394430160522461,21.54106903076172,4.677838325500488,33.07969284057617,113.46133422851562,16.775938034057617,11.538432121276855,260.7623596191406,20.684900283813477,18.64336395263672,27.765403747558594,17.36257553100586,28.978731155395508,46.58384323120117,47.21959686279297,4.163658618927002,23.373516082763672,111102.0,108.65668378154318
2022-06-06,13.227973937988281,20.895280838012695,4.466170310974121,32.93733215332031,115.71935272216797,16.717084884643555,11.402263641357422,259.5359191894531,20.181209564208984,18.709096908569336,27.016605377197266,17.22095489501953,28.24552345275879,45.425010681152344,47.737998962402344,3.767118453979492,23.427616119384766,110186.0,108.70805557506824
2022-06-07,13.135496139526367,20.594507217407227,4.409726142883301,32.95981216430664,116.04524993896484,16.717084884643555,11.144261360168457,263.1573791503906,19.70270538330078,18.848526000976562,27.266204833984375,16.871627807617188,28.39046287536621,45.62097930908203,48.52455139160156,3.794156312942505,23.400564193725586,110070.0,108.75945165666354
2022-06-08,13.01712417602539,20.284875869750977,4.3180036544799805,32.72005081176758,116.08934020996094,16.396604537963867,10.828926086425781,261.1390686035156,19.593570709228516,18.575590133666992,27.75541877746582,16.663915634155273,28.433094024658203,44.35136795043945,46.98720169067383,3.85724139213562,22.011859893798828,108368.0,108.8108720378123
2022-06-09,12.99863338470459,20.54142189025879,4.416781902313232,32.21804428100586,113.75305938720703,16.115367889404297,10.8790922164917,255.7117462158203,19.089881896972656,17.977914810180664,27.176349639892578,16.92827606201172,28.987258911132812,45.08416748046875,46.34366989135742,3.8752658367156982,22.111051559448242,107094.0,108.86231673000304
2022-06-10,12.780384063720703,19.842554092407227,4.3180036544799805,31.798465728759766,110.11369323730469,15.762191772460938,10.936427116394043,244.31626892089844,18.963956832885742,16.90808868408203,27.056543350219727,16.484533309936523,28.305208206176758,44.11278533935547,46.200660705566406,3.848229169845581,21.642139434814453,105481.0,108.91378574472984
2022-06-13,12.488153457641602,19.240997314453125,4.22628116607666,31.44631576538086,105.3896484375,15.57252311706543,10.312921524047852,233.95413208007812,18.31755256652832,15.586240768432617,25.988258361816406,16.059675216674805,27.29918098449707,41.65023422241211,46.52242660522461,3.7581071853637695,21.479827880859375,102598.0,108.96527909349207
2022-06-14,12.491989135742188,19.276386260986328,4.261558532714844,31.566192626953125,105.70960235595703,15.467881202697754,9.83275032043457,236.10772705078125,18.31755256652832,15.774505615234375,25.5988826751709,16.10688018798828,27.239501953125,41.91438293457031,45.3157958984375,3.676996946334839,21.867586135864258,102063.0,109.01679678779468
2022-06-15,12.68950366973877,19.860246658325195,4.310948848724365,32.292964935302734,108.7298583984375,15.533283233642578,9.804083824157715,243.12844848632812,18.896799087524414,16.46282386779785,25.219493865966797,16.125762939453125,27.02635955810547,43.92531204223633,44.7884521484375,3.8392179012298584,21.642139434814453,102807.0,109.06833883914797
2022-06-16,12.68950366973877,19.860246658325195,4.310948848724365,32.292964935302734,105.0340347290039,15.533283233642578,9.804083824157715,236.57125854492188,18.896799087524414,15.540417671203613,25.219493865966797,16.125762939453125,27.02635955810547,43.92531204223633,44.7884521484375,3.8392179012298584,21.642139434814453,102807.0,109.06833883914797
2022-06-17,12.719321250915527,19.099454879760742,4.2968363761901855,33.409366607666016,106.1335678100586,15.337069511413574,9.538914680480957,239.15936279296875,18.779268264770508,15.81833553314209,23.003053665161133,15.946377754211426,25.696353912353516,42.94541931152344,43.876773834228516,3.731069803237915,20.587087631225586,99825.0,109.12182268046453
2022-06-20,12.816215515136719,18.931367874145508,4.22628116607666,33.042232513427734,106.1335678100586,16.004180908203125,9.180578231811523,239.15936279296875,18.997535705566406,15.81833553314209,22.803373336791992,15.814199447631836,25.27859878540039,42.52789306640625,43.805267333984375,3.767118453979492,21.732315063476562,99853.0,109.17533274865237
2022-06-21,12.29074478149414,19.134836196899414,4.191003799438477,32.585182189941406,110.49258422851562,15.834134101867676,9.037243843078613,245.04061889648438,18.955562591552734,16.50166893005371,22.69355010986328,15.814199447631836,25.807188034057617,42.34895706176758,43.46562957763672,3.7851436138153076,22.814424514770508,99685.0,109.22886905657234
2022-06-22,12.246026039123535,20.1964111328125,4.1416144371032715,32.21055603027344,110.4366226196289,15.716410636901855,9.087410926818848,244.4514923095703,19.417280197143555,16.29647445678711,21.235891342163086,15.851967811584473,25.508790969848633,42.99653625488281,42.11598205566406,3.695020914077759,23.25628089904785,99522.0,109.28243161709162
2022-06-23,12.167762756347656,19.92217254638672,4.282726287841797,31.453800201416016,111.18400573730469,15.356696128845215,9.359745979309082,249.9850311279297,19.37530517578125,16.161996841430664,20.43717384338379,15.785876274108887,25.235971450805664,43.39703369140625,40.78422164916992,3.6679847240448,23.36449432373047,98080.0,109.3360204430837
2022-06-24,12.096956253051758,19.807167053222656,4.233337879180908,30.53221893310547,116.86297607421875,15.330527305603027,9.17341136932373,258.52197265625,18.896799087524414,17.059497833251953,21.49547576904297,15.70090389251709,25.235971450805664,42.86872100830078,42.76845932006836,3.6499595642089844,23.860458374023438,98672.0,109.3896355474284
2022-06-27,12.346647262573242,20.523727416992188,4.233337879180908,30.936817169189453,114.74166107177734,15.422098159790039,9.309579849243164,255.80828857421875,19.166000366210938,16.803489685058594,22.63364601135254,15.757551193237305,25.0739803314209,44.036094665527344,43.6890754699707,3.640947103500366,23.420848846435547,100764.0,109.4432769430118
2022-06-28,12.391366004943848,19.975250244140625,4.19805908203125,31.086671829223633,110.95170593261719,15.252046585083008,9.409913063049316,247.68666076660156,19.369712829589844,15.919939041137695,22.6236629486084,15.445989608764648,24.119108200073242,44.04461669921875,44.1806640625,3.58687424659729,23.619556427001953,100591.0,109.49694464272635
2022-06-29,12.328014373779297,19.701011657714844,4.261558532714844,30.46478843688965,110.64860534667969,15.095080375671387,8.929742813110352,251.33706665039062,19.055660247802734,15.481647491455078,22.4339656829834,15.427106857299805,24.80116081237793,44.249114990234375,43.662261962890625,3.4697153568267822,23.51117515563965,99622.0,109.55063865947079
2022-06-30,12.439817428588867,19.736392974853516,4.339170932769775,30.232515335083008,107.93592071533203,14.826918601989746,8.67890739440918,248.02464294433594,18.63125228881836,15.100136756896973,21.954736709594727,15.077777862548828,24.707380294799805,44.658119201660156,44.41305160522461,3.5147762298583984,23.890535354614258,98542.0,109.60435900615025
2022-07-01,12.35409927368164,20.001789093017578,4.445003509521484,30.007734298706055,107.7125473022461,14.956296920776367,9.015743255615234,250.68038940429688,18.877408981323242,14.466601371765137,22.064559936523438,15.096659660339355,24.45161247253418,45.405826568603516,45.092342376708984,3.613910675048828,23.935697555541992,98954.0,109.65810569567611
2022-07-04,12.31310749053955,19.66562271118164,4.360335826873779,29.490753173828125,107.7125473022461,14.812294006347656,9.159077644348145,250.68038940429688,19.106582641601562,14.466601371765137,22.753454208374023,15.058895111083984,24.613595962524414,45.0723991394043,45.02083969116211,3.6679847240448,23.92666244506836,98609.0,109.71187874096611
2022-07-05,12.246026039123535,19.78947639465332,4.416781902313232,29.183555603027344,112.19538879394531,14.917019844055176,9.080244064331055,253.83824157714844,19.166000366210938,14.905891418457031,21.136051177978516,15.228837966918945,24.82673454284668,44.47393798828125,43.70695495605469,3.8031678199768066,24.405380249023438,98295.0,109.76567815494434
2022-07-06,12.167762756347656,20.116788864135742,4.473226070404053,29.086153030395508,113.49203491210938,14.779570579528809,9.574748039245605,257.0830078125,19.819580078125,15.071246147155762,20.85650062561035,15.209957122802734,25.491737365722656,45.60245895385742,44.09128952026367,4.010448932647705,24.47763442993164,98719.0,109.81950395054119
2022-07-07,12.346647262573242,20.072561264038086,4.776615619659424,29.393348693847656,117.6633529663086,14.989023208618164,9.46724796295166,259.1979675292969,20.625946044921875,15.796419143676758,21.185970306396484,15.219398498535156,25.783662796020508,47.876590728759766,43.787391662597656,4.479086399078369,24.93828773498535,100730.0,109.87335614069342
2022-07-08,12.465901374816895,19.88678550720215,5.11528205871582,29.59564781188965,118.22846984863281,14.995572090148926,9.273746490478516,258.48333740234375,20.770238876342773,15.77649974822998,21.72510528564453,15.181632041931152,25.518375396728516,47.74836349487305,42.536075592041016,5.209078788757324,24.63118553161621,100289.0,109.92723473834414
2022-07-11,12.260931968688965,19.232145309448242,4.988282203674316,29.633115768432617,114.58613586425781,14.753393173217773,9.030076026916504,255.44126892089844,19.98933982849121,15.093160629272461,21.884849548339844,14.879509925842285,24.94503402709961,46.200923919677734,42.5986328125,5.434385299682617,24.007957458496094,98212.0,109.98113975644279
2022-07-12,12.30192756652832,19.49754524230957,5.270503997802734,29.97027587890625,112.94573211669922,14.720657348632812,9.051576614379883,244.9729461669922,20.142126083374023,15.023432731628418,22.204336166381836,14.803979873657227,25.2188663482666,46.115421295166016,42.54500961303711,5.082907199859619,24.016983032226562,98271.0,110.03507120794515
2022-07-13,12.167762756347656,19.639083862304688,5.129393100738525,29.453289031982422,110.30387878417969,14.661754608154297,9.037243843078613,244.0555419921875,20.371299743652344,15.105114936828613,21.555377960205078,14.567947387695312,24.132070541381836,47.158447265625,41.347312927246094,4.803527355194092,24.143434524536133,97881.0,110.08902910581342
2022-07-14,12.15285587310791,18.68366813659668,5.101171493530273,30.202550888061523,109.32718658447266,14.498116493225098,9.080244064331055,245.36891174316406,20.210031509399414,15.312308311462402,20.726709365844727,14.53962230682373,23.550161361694336,46.59419250488281,40.22112274169922,4.109584331512451,23.84537124633789,96121.0,110.14301346301605
2022-07-15,12.402547836303711,19.108299255371094,5.3975043296813965,30.32242774963379,110.72388458251953,14.759937286376953,8.836575508117676,247.91839599609375,20.4561824798584,15.70079231262207,20.666805267333984,14.482975959777832,22.85700798034668,46.508705139160156,39.2736930847168,3.7851436138153076,23.980857849121094,96551.0,110.19702429252791
2022-07-18,12.577701568603516,19.099454879760742,5.101171493530273,29.820423126220703,108.00228118896484,14.956296920776367,8.442405700683594,245.53305053710938,20.3118896484375,16.038476943969727,22.054576873779297,14.90783405303955,22.24942398071289,46.423194885253906,39.1128044128418,3.8031678199768066,23.592470169067383,96916.0,110.25106160733024
2022-07-19,12.916834831237793,20.116788864135742,5.150559902191162,29.797948837280273,112.73722839355469,15.460298538208008,9.137577056884766,250.632080078125,20.3118896484375,16.926015853881836,22.32414436340332,15.011688232421875,23.11372947692871,46.50013732910156,41.07023239135742,4.163658618927002,24.351181030273438,98245.0,110.30512542041062
2022-07-20,12.92056655883789,20.063716888427734,5.136448860168457,29.827919006347656,112.82638549804688,15.263934135437012,9.660749435424805,253.27813720703125,20.28642463684082,17.73784828186035,22.22430419921875,15.1155424118042,24.234758377075195,46.13251495361328,40.22112274169922,4.163658618927002,23.475048065185547,98287.0,110.35921574476306
2022-07-21,13.010003089904785,20.019481658935547,5.3692827224731445,30.172574996948242,113.2622299194336,15.388296127319336,9.804083824157715,255.75997924804688,20.15061378479004,17.979904174804688,22.803373336791992,15.1155424118042,26.125961303710938,46.85921859741211,40.793155670166016,4.217731475830078,22.878910064697266,99033.0,110.41333259338782
2022-07-22,12.92056655883789,19.87793731689453,5.199948310852051,30.457294464111328,106.88292694091797,15.224658966064453,9.596248626708984,251.43356323242188,20.354326248168945,17.25174903869629,22.63364601135254,15.191073417663574,25.886350631713867,47.38072967529297,41.928287506103516,4.001437664031982,23.339563369750977,98925.0,110.46747597929163
2022-07-25,13.118078231811523,20.001789093017578,5.023559093475342,31.476287841796875,106.49662017822266,15.447196006774902,9.739583015441895,249.9560546875,20.201541900634766,16.957889556884766,23.572139739990234,15.493195533752441,26.425472259521484,48.09033203125,41.24005889892578,3.767118453979492,24.04038429260254,100270.0,110.52164591548761
2022-07-26,13.162801742553711,19.311765670776367,4.854226589202881,31.07168197631836,104.03008270263672,15.362112998962402,9.804083824157715,243.263671875,19.980854034423828,16.468801498413086,23.70193099975586,15.568726539611816,25.723758697509766,46.978912353515625,40.6859016418457,3.595886707305908,23.786182403564453,99772.0,110.57584241499518
2022-07-27,13.248512268066406,19.692161560058594,5.094115257263184,31.633625030517578,111.99429321289062,15.414471626281738,9.947418212890625,259.5263366699219,20.583505630493164,17.720918655395508,23.65201187133789,16.41844367980957,26.493928909301758,49.15900421142578,41.87465286254883,3.613910675048828,24.394454956054688,101438.0,110.63006549084025
2022-07-28,13.494474411010742,20.13448715209961,5.573893070220947,32.35291290283203,113.14337158203125,15.51265811920166,9.474413871765137,266.9333190917969,20.880582809448242,17.914167404174805,23.75185203552246,16.56950569152832,26.861900329589844,49.193206787109375,41.96403884887695,3.640947103500366,25.356801986694336,102597.0,110.684315156055
2022-07-29,13.405038833618164,20.01063346862793,5.7291154861450195,32.99727249145508,115.22357177734375,15.460298538208008,9.460081100463867,271.1148986816406,20.201541900634766,18.09246826171875,24.18115997314453,16.5600643157959,27.717647552490234,49.253047943115234,43.16173553466797,3.5237882137298584,25.4566650390625,103165.0,110.7385914236781
2022-08-01,13.296961784362793,19.692161560058594,5.43278169631958,32.779991149902344,113.77733612060547,15.373598098754883,9.445747375488281,268.4784851074219,20.04026985168457,18.36939239501953,23.3325252532959,16.5600643157959,27.503713607788086,48.86833190917969,42.42881393432617,3.487738847732544,25.3114070892334,102225.0,110.79289430675455
2022-08-02,13.475845336914062,19.87793731689453,5.630338191986084,32.10565948486328,114.0447769165039,15.53736400604248,9.41707992553711,265.3978576660156,19.862016677856445,18.454057693481445,23.35249137878418,16.730005264282227,28.154085159301758,49.09915542602539,42.77739715576172,3.4156415462493896,25.765336990356445,103362.0,110.84722381833573
2022-08-03,13.569008827209473,20.47064971923828,5.750281810760498,32.14311981201172,116.96697998046875,15.648711204528809,9.488747596740723,272.7855529785156,20.243980407714844,18.81963539123535,23.721899032592773,16.95659828186035,28.342344284057617,50.6295051574707,42.30368423461914,3.604898452758789,25.529296875,103775.0,110.90157997147956
2022-08-04,13.826159477233887,21.717994689941406,5.884338855743408,32.974796295166016,117.0759506225586,16.028636932373047,9.538914680480957,273.9251403808594,21.262542724609375,19.140382766723633,23.31255531311035,17.447547912597656,29.5489444732666,53.12593078613281,42.169612884521484,4.055510520935059,26.155719757080078,105892.0,110.95790466591546
2022-08-05,14.08329963684082,22.07933807373047,6.060727596282959,33.46181869506836,116.36273193359375,16.329946517944336,9.617748260498047,273.21051025390625,21.05034637451172,18.915258407592773,24.031400680541992,17.28704261779785,28.872907638549805,53.13446807861328,42.71482849121094,5.335249900817871,26.17388343811035,106472.0,111.01425796653719
2022-08-08,14.52678394317627,22.276473999023438,6.103060245513916,34.862918853759766,116.1943359375,16.533008575439453,9.46724796295166,270.7093200683594,21.35591697692871,17.723905563354492,24.610471725463867,17.37201690673828,30.781230926513672,54.20315170288086,43.420936584472656,4.686368942260742,26.990966796875,108402.0,111.07063988787324
2022-08-09,14.769023895263672,21.81051254272461,5.997227191925049,34.50328063964844,115.5306396484375,16.965330123901367,9.101743698120117,272.62139892578125,21.321964263916016,17.019649505615234,25.009828567504883,16.994361877441406,29.75432586669922,52.835243225097656,43.8588981628418,4.722417831420898,26.85478401184082,108651.0,111.1270504444595
2022-08-10,14.895730972290039,23.360729217529297,6.526395320892334,33.86641311645508,118.57170867919922,17.279748916625977,9.280912399291992,279.2462463378906,22.068910598754883,18.0267276763916,24.760229110717773,17.37201690673828,30.541610717773438,54.587867736816406,43.814208984375,4.911674499511719,27.853443145751953,110236.0,111.18348965083922
2022-08-11,15.55535888671875,23.351764678955078,6.314727783203125,33.454322814941406,117.71981811523438,17.305940628051758,9.782584190368652,277.1795959472656,21.57660675048828,17.872325897216797,25.319334030151367,17.390899658203125,29.68586540222168,53.78423309326172,44.198543548583984,4.713404655456543,27.35411262512207,109718.0,111.2399575215631
2022-08-12,16.434865951538086,23.432415008544922,6.173616409301758,34.278507232666016,120.53304290771484,17.515548706054688,10.248420715332031,281.9019470214844,21.91613006591797,18.636348724365234,25.828516006469727,18.297266006469727,31.037948608398438,54.280094146728516,44.842079162597656,4.704392433166504,28.053173065185547,112764.0,111.29645407118916
2022-08-15,16.021202087402344,23.674358367919922,6.554616451263428,34.9977912902832,120.92927551269531,17.66620635986328,10.499256134033203,283.4084777832031,22.17925262451172,18.95809555053711,25.28938102722168,18.561622619628906,33.37413787841797,54.904197692871094,43.680137634277344,5.803887844085693,27.544767379760742,113032.0,111.35297931428283
2022-08-16,16.099462509155273,23.557865142822266,6.208894729614258,35.15513229370117,120.55284881591797,17.86927604675293,11.000927925109863,282.6744689941406,22.01797866821289,18.805688858032227,24.2810001373291,18.60883140563965,32.0477294921875,53.86117172241211,44.60969161987305,5.335249900817871,27.771732330322266,113512.0,111.40953326541695
2022-08-17,15.954119682312012,23.62059211730957,6.138338565826416,35.5747184753418,118.4231185913086,17.915124893188477,11.144261360168457,281.9293518066406,21.97553825378418,18.26380157470703,24.300968170166016,18.769330978393555,30.67853546142578,54.45962905883789,45.58393478393555,5.227103233337402,27.626474380493164,113708.0,111.46611593917181
2022-08-18,15.58517074584961,23.486181259155273,5.750281810760498,35.3948974609375,119.03726959228516,17.86272621154785,11.108428001403809,280.8163757324219,22.14530372619629,18.700103759765625,24.600486755371094,18.84486198425293,30.6357479095459,54.71611404418945,45.262168884277344,5.551544189453125,27.998703002929688,113813.0,111.522727350135
2022-08-19,15.298216819763184,23.154632568359375,5.736172676086426,35.25253677368164,116.10517120361328,17.648408889770508,11.115594863891602,276.9259948730469,21.958566665649414,17.779691696166992,23.931560516357422,18.250059127807617,29.80567169189453,53.64744186401367,44.66332244873047,5.182042121887207,27.099910736083984,111496.0,111.57936751290158
2022-08-22,15.45473861694336,22.760358810424805,5.750281810760498,34.855430603027344,113.16316986083984,17.449670791625977,11.023643493652344,268.7967529296875,21.86520004272461,16.96785545349121,23.382444381713867,18.16508674621582,28.864355087280273,52.989131927490234,43.55500411987305,5.182042121887207,26.282827377319336,110501.0,111.63603644207404
2022-08-23,15.773062705993652,23.190471649169922,5.9055047035217285,34.44334030151367,112.7867660522461,17.496042251586914,10.94829273223877,267.52899169921875,21.30498504638672,17.114282608032227,25.069734573364258,18.467208862304688,29.249441146850586,54.092002868652344,44.252166748046875,5.434385299682617,26.146648406982422,112857.0,111.69273415226225
2022-08-24,15.510937690734863,23.39657211303711,6.342949867248535,33.83610534667969,112.61836242675781,17.568912506103516,10.827733039855957,266.89990234375,21.35591697692871,17.155120849609375,25.938337326049805,18.882627487182617,29.694427490234375,54.596412658691406,42.822086334228516,5.731788635253906,26.137569427490234,112898.0,111.74946065808349
2022-08-25,15.879429817199707,23.190471649169922,6.279448986053467,32.89834976196289,115.55045318603516,17.787532806396484,10.782524108886719,269.86126708984375,21.644508361816406,17.84343719482422,26.347681045532227,19.15642738342285,29.480493545532227,54.41688537597656,42.294742584228516,5.497470378875732,26.282827377319336,113532.0,111.80621597416251
2022-08-26,15.799657821655273,22.715553283691406,6.223003387451172,32.66006851196289,109.2999267578125,17.68153190612793,10.707173347473145,259.4481506347656,21.262542724609375,16.19685935974121,26.51740837097168,18.910953521728516,28.633296966552734,52.621517181396484,40.5339469909668,5.344262599945068,26.155719757080078,112299.0,111.86300011513148
2022-08-29,16.126359939575195,23.109827041625977,6.307671070098877,33.37491226196289,108.38860321044922,17.621912002563477,10.564009666442871,256.6803283691406,21.075809478759766,15.739642143249512,27.18633270263672,18.96759796142578,28.291000366210938,52.45052719116211,40.480323791503906,5.560555934906006,25.756263732910156,112323.0,111.91981309562998
2022-08-30,16.08077621459961,23.09190559387207,6.2582831382751465,33.2135009765625,107.91313934326172,17.542415618896484,10.164657592773438,254.49314880371094,20.889070510864258,15.407936096191406,26.82691192626953,19.005361557006836,28.23965835571289,53.20286560058594,40.31943893432617,5.488458156585693,25.774415969848633,110431.0,111.97665493030497
2022-08-31,15.837642669677734,22.805160522460938,6.32883882522583,32.5063362121582,107.19993591308594,17.09856414794922,9.908468246459961,253.04148864746094,20.4561824798584,15.035385131835938,27.266204833984375,19.080894470214844,28.522058486938477,51.997398376464844,39.55970764160156,5.263152122497559,25.683629989624023,109523.0,112.03352563381097
2022-09-01,16.08077621459961,23.05606460571289,6.491116046905518,33.4748420715332,108.70557403564453,17.36216926574707,9.855724334716797,252.0059814453125,20.69384765625,13.882882118225098,27.156383514404297,19.231958389282227,29.14674949645996,53.51920700073242,39.32731628417969,5.542531967163086,25.765336990356445,110405.0,112.09042522080989
2022-09-02,16.156753540039062,23.289043426513672,6.723949432373047,33.559391021728516,106.83340454101562,17.6008243560791,10.013957977294922,247.805908203125,20.787216186523438,13.59400749206543,27.70549964904785,19.128101348876953,29.095399856567383,53.70728302001953,38.89829635620117,6.452768802642822,27.426740646362305,110864.0,112.14735370597101
2022-09-05,15.814849853515625,23.70123863220215,6.9497270584106445,33.974464416503906,106.83340454101562,17.88587760925293,9.77284049987793,247.805908203125,20.804195404052734,13.59400749206543,29.492630004882812,19.420780181884766,29.925479888916016,54.28864288330078,39.979793548583984,6.578939914703369,28.053173065185547,112203.0,112.20431110397122
2022-09-06,15.055072784423828,23.118785858154297,6.822727203369141,33.51327133178711,105.8031997680664,17.72015380859375,9.54679012298584,245.0865020751953,20.719310760498047,13.412712097167969,28.6739444732666,19.080894470214844,28.67608642578125,52.79249572753906,40.2032470703125,6.065241813659668,27.499370574951172,109764.0,112.26129742949473
2022-09-07,15.055072784423828,23.118785858154297,6.822727203369141,33.51327133178711,108.41831970214844,17.72015380859375,9.54679012298584,249.77049255371094,20.719310760498047,13.66480541229248,28.6739444732666,19.080894470214844,28.67608642578125,52.79249572753906,40.2032470703125,6.065241813659668,27.499370574951172,109764.0,112.26129742949473
2022-09-08,14.990488052368164,23.387609481811523,6.935617923736572,33.35185241699219,107.3584213256836,17.59419822692871,8.989204406738281,250.18658447265625,20.4561824798584,13.939814567565918,27.50581932067871,19.222515106201172,28.453594207763672,53.07462692260742,39.309444427490234,6.885356903076172,27.426740646362305,109916.0,112.31831269723322
2022-09-09,15.404569625854492,23.56682777404785,6.9497270584106445,33.78998565673828,109.60700988769531,17.73340606689453,8.966598510742188,255.93515014648438,20.83814811706543,14.3353910446167,28.00501823425293,19.571842193603516,29.172426223754883,54.092002868652344,40.31943893432617,6.560915470123291,27.644634246826172,112300.0,112.3753569218859
2022-09-12,15.643903732299805,24.203039169311523,6.977951526641846,34.25117874145508,109.8150405883789,17.952177047729492,9.222787857055664,258.05450439453125,20.651409149169922,14.452967643737793,27.555740356445312,19.49631118774414,29.66874885559082,55.48554992675781,40.56076431274414,6.759185314178467,28.87026023864746,113407.0,112.4324301181594
2022-09-13,15.381451606750488,23.629552841186523,7.006173133850098,33.87453842163086,103.336669921875,17.76656150817871,8.913854598999023,243.86712646484375,20.3288631439209,13.083894729614258,26.986656188964844,18.684362411499023,28.453594207763672,54.24590301513672,39.61333465576172,6.461780548095703,27.78989028930664,110794.0,112.48953230076782
2022-09-14,15.396744728088379,23.692277908325195,7.231950759887695,34.35879135131836,104.01025390625,17.700258255004883,8.815899848937988,244.08970642089844,20.651409149169922,13.080906867980957,28.36444091796875,19.005361557006836,28.402246475219727,54.613521575927734,39.74740982055664,6.434743881225586,27.79897117614746,110547.0,112.54666348443274
2022-09-15,15.239943504333496,23.674358367919922,7.302506923675537,34.17430877685547,101.93997192382812,17.746667861938477,9.041948318481445,237.47018432617188,20.55803680419922,12.882619857788086,27.655580520629883,18.769330978393555,27.460922241210938,53.271270751953125,39.17536926269531,6.398695468902588,27.245166778564453,109954.0,112.60382368388322
2022-09-16,15.067853927612305,23.58475112915039,7.612951278686523,33.82841873168945,101.83099365234375,17.687007904052734,9.267996788024902,236.85081481933594,20.19305419921875,13.150654792785645,27.975067138671875,18.561622619628906,27.6406307220459,52.88654708862305,38.97873306274414,6.578939914703369,27.6718692779541,109280.0,112.6610129138558
2022-09-19,15.366150856018066,23.835651397705078,7.62706184387207,34.289608001708984,102.09846496582031,18.349939346313477,9.170042037963867,236.63790893554688,20.362812042236328,13.333996772766113,28.034971237182617,18.684362411499023,28.410804748535156,54.092002868652344,39.452449798583984,6.849307537078857,27.780813217163086,111824.0,112.71823118909448
2022-09-20,15.599440574645996,24.436019897460938,7.584728240966797,34.56632614135742,100.18665313720703,18.959836959838867,9.004274368286133,234.63462829589844,20.583505630493164,13.128735542297363,28.284570693969727,18.542741775512695,29.14674949645996,54.89564895629883,39.354129791259766,6.272523880004883,28.26198387145996,112517.0,112.77547852435079
2022-09-21,15.488529205322266,23.17255210876465,7.761117458343506,34.63550567626953,98.34420013427734,18.76095962524414,8.725481033325195,231.24742126464844,20.84663200378418,13.213430404663086,28.484249114990234,18.74100685119629,29.249441146850586,54.049259185791016,38.71953201293945,6.461780548095703,28.307376861572266,111936.0,112.83275493438374
2022-09-22,15.771529197692871,23.14566993713379,8.149173736572266,35.188926696777344,99.19608306884766,19.138830184936523,8.635061264038086,233.21200561523438,21.126739501953125,12.515941619873047,29.502613067626953,18.882627487182617,30.09564208984375,55.656551361083984,39.47926330566406,6.705111503601074,28.153039932250977,114070.0,112.89006043395982
2022-09-23,15.576489448547363,22.75139617919922,8.113896369934082,35.06595230102539,97.80928039550781,18.76095962524414,8.476827621459961,230.25064086914062,20.973953247070312,12.471102714538574,28.074907302856445,18.26894187927246,29.58045196533203,55.22908020019531,38.02236557006836,6.687087059020996,27.753578186035156,111716.0,112.94739503785303
2022-09-26,14.926356315612793,21.434162139892578,7.7046732902526855,34.26654815673828,97.24462890625,18.356565475463867,8.167893409729004,229.79580688476562,20.28642463684082,12.184134483337402,28.074907302856445,17.796876907348633,28.4212703704834,53.41659927368164,37.95085906982422,6.5158538818359375,27.79368782043457,109114.0,113.00475876084484
2022-09-27,14.738958358764648,21.882198333740234,7.7046732902526855,33.09819412231445,96.58096313476562,18.250497817993164,7.964449405670166,228.78933715820312,20.159101486206055,12.368474960327148,27.13641357421875,17.541961669921875,26.815601348876953,52.3222770690918,38.72847366333008,6.371659278869629,27.320905685424805,108376.0,113.06215161772431
2022-09-28,14.742785453796387,22.24959373474121,7.838728427886963,32.11431884765625,99.10693359375,18.243873596191406,7.723330974578857,233.2991485595703,20.305044174194336,12.690313339233398,27.865243911743164,17.428661346435547,26.446382522583008,51.80077362060547,38.88041305541992,6.443756580352783,27.566394805908203,108451.0,113.1195736232879
2022-09-29,14.662473678588867,21.855318069458008,7.937507629394531,31.983652114868164,96.50171661376953,18.515676498413086,7.4972825050354,229.84420776367188,20.356340408325195,12.176166534423828,27.18633270263672,17.173751831054688,25.630664825439453,51.13435363769531,38.63908767700195,6.452768802642822,27.402738571166992,107664.0,113.17702479233971
2022-09-30,14.731314659118652,22.231670379638672,8.389062881469727,32.198875427246094,94.7483901977539,18.60184669494629,7.437002658843994,225.39247131347656,20.664121627807617,12.095454216003418,27.48585319519043,17.447547912597656,25.519039154052734,52.5626335144043,39.77421951293945,6.506841659545898,29.22110366821289,110037.0,113.23450513969124
2022-10-03,15.855668067932129,23.611629486083984,8.974675178527832,33.88991165161133,97.71022033691406,19.734615325927734,7.572632312774658,232.97976684570312,22.057689666748047,12.467118263244629,28.893592834472656,18.16508674621582,26.87570571899414,55.59128189086914,40.587581634521484,6.723136901855469,30.53034019470215,116134.0,113.29201468016159
2022-10-04,15.002835273742676,23.76396369934082,8.706564903259277,33.805355072021484,100.68194580078125,19.767780303955078,7.572632312774658,240.8573760986328,22.083337783813477,13.119766235351562,30.281362533569336,18.31614875793457,27.107540130615234,56.48611068725586,40.90934753417969,6.461780548095703,30.221202850341797,116230.0,113.34955342857735
2022-10-05,15.243775367736816,23.88045310974121,8.466675758361816,33.805355072021484,100.47391510009766,19.767780303955078,7.557561874389648,241.1670379638672,22.091888427734375,13.161617279052734,31.249807357788086,18.467208862304688,27.201995849609375,56.79587173461914,41.95509719848633,6.236474514007568,30.612146377563477,117198.0,113.40712139977268
2022-10-06,15.515303611755371,24.211999893188477,8.607784271240234,33.459468841552734,100.46401977539062,19.409578323364258,7.8514251708984375,238.83474731445312,21.801204681396484,13.082898139953613,31.559310913085938,18.7032413482666,27.803043365478516,57.36374282836914,41.79420852661133,6.344621181488037,30.666704177856445,117561.0,113.46471860858918
2022-10-07,15.54971981048584,23.593708038330078,8.650117874145508,33.14432144165039,97.7498550415039,19.449378967285156,7.889099597930908,226.6892852783203,21.578920364379883,12.03268051147461,31.958667755126953,18.04235076904297,26.772668838500977,55.61709976196289,41.46350860595703,6.425732135772705,30.32121467590332,116375.0,113.52234506987611
2022-10-10,15.32408332824707,23.504100799560547,8.706564903259277,33.53632736206055,96.93756866455078,19.243743896484375,7.994588851928711,221.8601531982422,21.519071578979492,11.628137588500977,31.409549713134766,17.21151351928711,26.824188232421875,56.21937942504883,43.125980377197266,6.452768802642822,31.157655715942383,115941.0,113.58000079849018
2022-10-11,14.956948280334473,23.495141983032227,8.600729942321777,33.59013366699219,96.26396942138672,19.111072540283203,7.813750743865967,218.14393615722656,21.519071578979492,11.544440269470215,31.449485778808594,17.938495635986328,25.81956672668457,56.60657501220703,42.57182312011719,6.137340545654297,30.82126808166504,114827.0,113.63768580929572
2022-10-12,14.956948280334473,23.495141983032227,8.600729942321777,33.59013366699219,96.64038848876953,19.111072540283203,7.813750743865967,218.47296142578125,21.519071578979492,11.458748817443848,31.449485778808594,17.938495635986328,25.81956672668457,56.60657501220703,42.57182312011719,6.137340545654297,30.82126808166504,114827.0,113.63768580929572
2022-10-13,15.060203552246094,23.665395736694336,8.62189769744873,33.62088394165039,98.12625122070312,18.998306274414062,7.95691442489624,226.6892852783203,21.296783447265625,11.917096138000488,31.709070205688477,18.665475845336914,25.66501235961914,56.71842575073242,42.71482849121094,6.074254989624023,30.430315017700195,114300.0,113.69540011716455
2022-10-14,14.97607135772705,23.522022247314453,8.57250690460205,34.089759826660156,95.64982604980469,19.00493621826172,7.708261489868164,221.19239807128906,21.0060977935791,11.186726570129395,31.000207901000977,18.22173500061035,24.668977737426758,55.58268737792969,42.71482849121094,5.776849746704102,29.875717163085938,112072.0,113.75314373697604
2022-10-17,15.102276802062988,24.032785415649414,8.501952171325684,34.43565368652344,99.0276870727539,19.15750503540039,8.002124786376953,229.87319946289062,21.236936569213867,11.845355987548828,31.299726486206055,18.920394897460938,24.763429641723633,57.045379638671875,44.1806640625,5.812899112701416,30.557601928710938,113624.0,113.81091668361718
2022-10-18,15.278190612792969,24.47186279296875,8.50900650024414,35.573265075683594,99.82014465332031,19.628482818603516,8.401477813720703,230.81198120117188,21.305335998535156,11.924072265625,32.178314208984375,19.298046112060547,25.304378509521484,58.14670944213867,44.3862419128418,5.857960224151611,31.42131996154785,115743.0,113.86871897198247
2022-10-19,15.928325653076172,24.552513122558594,8.40317440032959,35.319610595703125,98.69088745117188,19.63511085510254,8.409012794494629,228.85707092285156,21.0060977935791,12.007769584655762,33.37639236450195,19.543519973754883,25.50187110900879,59.52337646484375,43.99296569824219,5.173029899597168,31.50314712524414,116274.0,113.92655061697397
2022-10-20,16.674072265625,24.704845428466797,8.318507194519043,35.381099700927734,99.0276870727539,19.940256118774414,8.311057090759277,228.53770446777344,21.271133422851562,12.150259971618652,33.156742095947266,19.543519973754883,25.304378509521484,58.0778923034668,44.33261489868164,4.370940208435059,31.51224708557129,117171.0,113.98441163350132
2022-10-21,17.087093353271484,25.618844985961914,8.487839698791504,36.11132049560547,100.17674255371094,20.603601455688477,8.544641494750977,234.3153076171875,21.536170959472656,12.421281814575195,33.79571533203125,20.072233200073242,25.888261795043945,58.63715744018555,44.41305160522461,4.55118465423584,32.00320053100586,119929.0,114.04230203648173
2022-10-24,15.373801231384277,25.090160369873047,8.382007598876953,36.05751419067383,101.55364227294922,19.66828727722168,8.431617736816406,239.2799072265625,21.211286544799805,12.553804397583008,33.43629837036133,19.873964309692383,25.252864837646484,58.292991638183594,45.95933151245117,4.668343544006348,31.74863052368164,116013.0,114.10022184084004
2022-10-25,15.1099214553833,24.713804244995117,8.325563430786133,35.56557846069336,103.49517822265625,19.50908660888672,8.469292640686035,242.57998657226562,20.71541976928711,13.213430404663086,33.735816955566406,19.430221557617188,24.986677169799805,56.60657501220703,46.50455093383789,5.145993709564209,31.8668212890625,114626.0,114.15817106150857
2022-10-26,14.574517250061035,23.58475112915039,7.916338920593262,35.04288864135742,94.03519439697266,19.091169357299805,8.115148544311523,223.86343383789062,20.091306686401367,12.849739074707031,33.276554107666016,19.043128967285156,23.990646362304688,54.53297805786133,47.19278335571289,4.515135288238525,34.53072738647461,112764.0,114.21614971342728
2022-10-27,14.758082389831543,24.453941345214844,8.318507194519043,35.94221115112305,91.35073852539062,19.442737579345703,8.12268352508545,219.44070434570312,20.82656478881836,13.128735542297363,33.55610275268555,19.78899383544922,25.046783447265625,57.2432861328125,47.478797912597656,4.911674499511719,35.30353546142578,114641.0,114.27415781154373
2022-10-28,14.84604549407959,24.570430755615234,8.42434024810791,35.74237060546875,95.38237762451172,19.59531593322754,8.295987129211426,228.26669311523438,21.048851013183594,13.784375190734863,33.96544647216797,20.05335235595703,26.102920532226562,57.656280517578125,49.25746536254883,5.317224979400635,34.97622299194336,114539.0,114.33219537081305
2022-10-31,14.157662391662598,25.932472229003906,8.791229248046875,37.27198791503906,93.619140625,20.165790557861328,8.062403678894043,224.64732360839844,22.53645896911621,13.448585510253906,35.333248138427734,20.90306854248047,27.62272834777832,60.69352340698242,47.55030059814453,5.488458156585693,36.6218376159668,116037.0,114.39026240619796
2022-11-01,14.4941987991333,26.004154205322266,8.953506469726562,37.15668487548828,89.61723327636719,20.21733856201172,8.22817325592041,220.81494140625,22.579206466674805,13.494420051574707,37.070457458496094,20.629270553588867,28.57582664489746,60.72795104980469,47.255348205566406,5.3983354568481445,35.830848693847656,116929.0,114.44835893266882
2022-11-02,14.4941987991333,26.004154205322266,8.953506469726562,37.15668487548828,86.15022277832031,20.21733856201172,8.22817325592041,213.00506591796875,22.579206466674805,13.171581268310547,37.070457458496094,20.629270553588867,28.57582664489746,60.72795104980469,47.255348205566406,5.3983354568481445,35.830848693847656,116929.0,114.44835893266882
2022-11-03,14.796324729919434,25.887664794921875,9.031118392944336,37.5102653503418,82.64360046386719,20.07131004333496,8.514501571655273,207.3436279296875,23.30591583251953,13.372856140136719,36.68108367919922,20.6009464263916,28.635934829711914,62.27669906616211,48.19384002685547,5.6506781578063965,36.54911422729492,116896.0,114.50648496520353
2022-11-04,15.014312744140625,26.35362434387207,9.313340187072754,37.725486755371094,85.76390075683594,20.144325256347656,8.687806129455566,214.2534942626953,22.921188354492188,14.105220794677734,37.58962631225586,19.316926956176758,28.59300422668457,63.2919807434082,48.694374084472656,5.326237201690674,37.0946159362793,118155.0,114.56464051878766
2022-11-07,14.490376472473145,25.484432220458984,8.61484146118164,36.687808990478516,87.65589141845703,19.68634796142578,8.59738540649414,220.5246124267578,22.27142333984375,14.2496976852417,36.361595153808594,19.090335845947266,28.07781410217285,61.33024978637695,49.14126968383789,4.97476053237915,37.185543060302734,115342.0,114.62282560841433
2022-11-08,14.559218406677246,25.65468406677246,8.692451477050781,35.94990539550781,88.06201934814453,19.626611709594727,8.604921340942383,221.49240112304688,22.365467071533203,14.549620628356934,37.36997604370117,19.619050979614258,27.991945266723633,61.373268127441406,49.56135559082031,4.929698467254639,37.0946159362793,116160.0,114.68104024908435
2022-11-09,14.17296028137207,25.224571228027344,8.67834186553955,36.08056640625,86.4969253540039,18.684110641479492,8.612456321716309,217.27293395996094,21.767005920410156,13.726581573486328,37.160316467285156,19.34524917602539,27.734352111816406,60.43540954589844,49.26640701293945,4.848588943481445,36.91278076171875,113580.0,114.73928445580603
2022-11-10,13.89378833770752,23.41449546813965,8.25500774383545,34.420284271240234,93.05453491210938,18.33233070373535,8.160358428955078,235.14755249023438,19.98870849609375,15.693502426147461,36.52134323120117,18.504974365234375,27.64849281311035,55.875213623046875,50.39259719848633,4.668343544006348,35.66720199584961,109775.0,114.79755824359546
2022-11-11,13.584014892578125,23.00229835510254,8.085673332214355,35.135128021240234,95.50125122070312,17.741609573364258,8.861109733581543,239.14439392089844,19.50139045715332,16.268430709838867,37.63954544067383,18.84486198425293,26.824188232421875,55.341773986816406,52.06400680541992,4.443038463592529,36.358184814453125,112253.0,114.8558616274762
2022-11-14,13.920554161071777,23.522022247314453,8.247950553894043,35.972957611083984,94.79792785644531,17.688501358032227,8.205568313598633,233.76365661621094,19.96306037902832,16.23654556274414,38.438262939453125,18.86374282836914,27.047435760498047,56.26240921020508,51.60817337036133,4.343902111053467,36.96733856201172,113161.0,114.91419462247958
2022-11-15,13.920554161071777,23.522022247314453,8.247950553894043,35.972957611083984,97.5121078491211,17.688501358032227,8.205568313598633,234.17010498046875,19.96306037902832,16.606216430664062,38.438262939453125,18.86374282836914,27.047435760498047,56.26240921020508,51.60817337036133,4.343902111053467,36.96733856201172,113161.0,114.91419462247958
2022-11-16,13.480754852294922,22.02557373046875,7.796395778656006,34.83535385131836,97.9182357788086,17.436294555664062,7.6479811668396,234.59710693359375,19.022621154785156,15.852926254272461,36.21183776855469,18.127323150634766,25.62207794189453,52.132423400878906,52.376834869384766,4.271805286407471,35.19443893432617,110243.0,114.97255724364446
2022-11-17,13.193934440612793,21.461042404174805,7.655284881591797,33.53632736206055,97.43286895751953,17.542490005493164,7.632911682128906,234.548583984375,18.877277374267578,15.620763778686523,35.742591857910156,17.825197219848633,25.32155418395996,51.95173263549805,51.78692626953125,3.956376314163208,35.9581413269043,109703.0,115.03094950601735
2022-11-18,13.148042678833008,22.419845581054688,7.62706184387207,33.88991165161133,96.5116195678711,17.681867599487305,7.4596076011657715,234.10215759277344,18.97132110595703,15.353726387023926,34.44467544555664,18.183969497680664,24.514421463012695,51.81407928466797,51.45621871948242,4.262792587280273,35.71265411376953,108880.0,115.08937142465246
2022-11-21,13.461636543273926,22.64386558532715,7.895172595977783,35.05057907104492,94.6988754272461,17.734968185424805,7.384257793426514,234.90765380859375,20.13405418395996,15.262054443359375,34.4346923828125,18.722124099731445,24.74625587463379,53.01866149902344,49.981441497802734,4.217731475830078,35.90359878540039,109748.0,115.14782301461162
2022-11-22,13.322572708129883,21.667144775390625,7.605895519256592,34.32804489135742,96.13520812988281,17.442922592163086,7.143139362335205,237.7997283935547,19.60398292541504,15.98046875,35.41312026977539,18.42000389099121,24.31693458557129,52.158241271972656,50.124454498291016,4.073535442352295,35.36716842651367,109037.0,115.20630429096425
2022-11-23,13.48695182800293,22.097261428833008,7.380117416381836,34.082069396972656,97.53191375732422,17.263715744018555,7.369187831878662,240.27450561523438,19.407346725463867,16.45974349975586,35.21343994140625,18.297266006469727,25.184167861938477,51.09993362426758,49.79374313354492,4.010448932647705,35.403541564941406,108683.0,115.26481526878756
2022-11-24,13.706127166748047,23.181514739990234,7.789339065551758,35.05057907104492,97.53191375732422,17.8809871673584,7.414398193359375,240.27450561523438,20.185348510742188,16.45974349975586,36.45145034790039,18.84486198425293,26.927223205566406,52.8293571472168,50.00825881958008,4.542171955108643,36.14907455444336,111831.0,115.32335596316625
2022-11-25,13.389106750488281,22.061416625976562,7.528282642364502,33.66699981689453,96.54135131835938,17.25043487548828,7.248628616333008,240.18714904785156,19.32185173034668,16.211637496948242,34.59443664550781,17.853525161743164,25.450347900390625,50.29974365234375,49.10551834106445,4.406988620758057,35.54901123046875,108977.0,115.38192638919284
2022-11-28,13.631763458251953,21.855318069458008,7.450673580169678,33.328792572021484,95.14463806152344,16.938488006591797,6.819136142730713,234.626220703125,19.338953018188477,15.770223617553711,34.84403610229492,18.504974365234375,25.115480422973633,50.3771858215332,49.10551834106445,4.0284743309021,34.094322204589844,108782.0,115.44052656196739
2022-11-29,13.79613971710205,22.375041961669922,7.761117458343506,33.14432144165039,94.2927474975586,17.08450698852539,6.8266706466674805,233.23843383789062,19.749326705932617,15.582898139953613,35.22342300415039,18.37279510498047,25.956951141357422,51.98616027832031,47.64862060546875,4.10057258605957,34.285240173339844,110910.0,115.49915649659768
2022-11-30,13.807881355285645,22.437772750854492,7.768172740936279,32.798423767089844,100.03807067871094,17.257080078125,6.593087673187256,247.61141967773438,19.60398292541504,16.866605758666992,35.9921875,18.37279510498047,26.669628143310547,51.71082305908203,47.505615234375,4.037487030029297,35.458091735839844,112486.0,115.55781620819916
2022-12-01,13.792230606079102,22.26751708984375,7.6976165771484375,32.98289489746094,100.03807067871094,17.25551986694336,6.133455753326416,247.1746826171875,18.82598114013672,17.077898025512695,36.64114761352539,18.04235076904297,26.017057418823242,49.9383659362793,47.52348709106445,3.938351631164551,34.830753326416016,110926.0,115.61650571189497
2022-12-02,14.10141658782959,22.930612564086914,8.106840133666992,32.7446174621582,99.49325561523438,17.48798942565918,6.095780372619629,247.49493408203125,19.32185173034668,16.819766998291016,36.631160736083984,18.16508674621582,26.369104385375977,50.65251541137695,45.923583984375,4.325878620147705,35.14897155761719,111924.0,115.67522502281594
2022-12-05,13.776572227478027,21.882198333740234,7.535339832305908,31.71462631225586,98.54231262207031,16.976560592651367,5.8772664070129395,242.81716918945312,18.723390579223633,16.55464744567871,35.96223831176758,17.74966812133789,25.046783447265625,48.467071533203125,46.9335823059082,3.9113152027130127,34.18524169921875,109401.0,115.73397415610054
2022-12-06,13.91746711730957,21.78363037109375,7.4718403816223145,31.883729934692383,96.06587219238281,17.368432998657227,5.975220680236816,237.88705444335938,18.706287384033203,15.933727264404297,34.584449768066406,17.73078727722168,24.832122802734375,48.26057434082031,47.639678955078125,3.8662540912628174,34.285240173339844,109533.0,115.79275312689494
2022-12-07,13.88615894317627,21.425201416015625,7.528282642364502,32.729248046875,94.04508972167969,17.242229461669922,6.065640926361084,237.1592254638672,18.894378662109375,16.066282272338867,32.61760711669922,17.655258178710938,24.565942764282227,48.019649505615234,47.41623306274414,4.055510520935059,33.87611389160156,109361.0,115.85156195035302
2022-12-08,13.710038185119629,20.556007385253906,7.549450874328613,32.04514694213867,92.82666778564453,16.637826919555664,5.741637229919434,240.09982299804688,18.2702693939209,17.111785888671875,33.11680603027344,16.56950569152832,23.82750701904297,46.178375244140625,47.46092224121094,3.947364091873169,33.82155990600586,107245.0,115.91040064163639
2022-12-09,13.690467834472656,20.538087844848633,7.6341166496276855,32.17581558227539,91.95498657226562,16.47945213317871,5.696427345275879,238.17822265625,18.364307403564453,16.944347381591797,33.596038818359375,16.654476165771484,22.676916122436523,45.43840789794922,49.15021514892578,3.9113152027130127,33.73064422607422,107689.0,115.96926921591424
2022-12-12,13.224725723266602,19.516559600830078,7.401282787322998,32.083580017089844,92.43045043945312,16.32366371154785,5.786847114562988,245.05902099609375,17.79149055480957,17.476566314697266,34.584449768066406,16.456207275390625,21.723812103271484,44.3284797668457,49.060829162597656,3.731069803237915,32.794189453125,105264.0,116.02816768836364
2022-12-13,12.598188400268555,18.68320655822754,7.302506923675537,32.06051254272461,94.72859191894531,15.707297325134277,5.508054256439209,249.33889770507812,17.20157814025879,18.01177978515625,34.834049224853516,15.597051620483398,20.865161895751953,42.556034088134766,45.90570831298828,3.6499595642089844,32.53961944580078,103892.0,116.08709607416921
2022-12-14,12.285805702209473,19.26565933227539,7.598838806152344,32.29111099243164,94.17388153076172,15.775033950805664,5.395029067993164,249.6300506591797,17.355466842651367,17.615102767944336,36.12198257446289,15.965261459350586,21.86978530883789,43.209957122802734,46.924644470214844,3.640947103500366,33.69428253173828,103803.0,116.14605438852337
2022-12-15,12.63377857208252,19.570322036743164,7.866950988769531,31.691564559936523,90.0035629272461,15.86308479309082,5.756707191467285,241.6622772216797,17.714542388916016,16.895511627197266,35.71263885498047,16.182411193847656,22.23900032043457,43.29598617553711,46.27216720581055,3.5598371028900146,33.71247863769531,103738.0,116.20504264662621
2022-12-16,12.890802383422852,18.781776428222656,7.528282642364502,31.952903747558594,89.40921783447266,16.039186477661133,5.832057476043701,237.46978759765625,17.304170608520508,16.515779495239258,35.293312072753906,16.191852569580078,21.406112670898438,42.76252746582031,45.9682731628418,3.4246537685394287,34.04886245727539,102825.0,116.26406086368557
2022-12-19,13.029202461242676,19.890790939331055,8.092728614807129,32.88296890258789,87.60636138916016,16.520090103149414,5.922475814819336,233.35488891601562,17.936830520629883,16.1998348236084,35.72262191772461,16.635597229003906,22.496597290039062,44.49195861816406,45.2225456237793,3.6319353580474854,34.7083740234375,104530.0,116.32310905491701
2022-12-20,13.365309715270996,20.51492691040039,8.473729133605957,33.405662536621094,88.18089294433594,16.69620704650879,5.828334331512451,234.66502380371094,18.167667388916016,16.031400680541992,35.802494049072266,17.305927276611328,23.659509658813477,46.462303161621094,44.9539680480957,4.001437664031982,34.99064636230469,106979.0,116.38218723554381
2022-12-21,13.49184513092041,20.98528289794922,8.57250690460205,33.075138092041016,88.7356185913086,16.763935089111328,5.9391069412231445,237.21743774414062,18.31300926208496,16.446014404296875,35.5728645324707,17.494752883911133,24.718889236450195,45.73095703125,44.83357238769531,4.109584331512451,34.96332931518555,107313.0,116.44129542079699
2022-12-22,13.61442756652832,20.858646392822266,8.593672752380371,33.30573272705078,86.93277740478516,16.797800064086914,6.339591979980469,231.1615753173828,18.38995933532715,15.287887573242188,35.20345687866211,17.5230770111084,24.296859741210938,46.00198745727539,44.583518981933594,4.163658618927002,35.45499801635742,107317.0,116.5004336259153
2022-12-23,13.950536727905273,22.161182403564453,8.57250690460205,33.98215103149414,88.388916015625,17.06195831298828,6.740077495574951,231.6856231689453,19.569787979125977,15.155332565307617,35.43309020996094,18.080116271972656,25.149532318115234,48.51670837402344,43.37955856323242,4.1546454429626465,35.054378509521484,109698.0,116.55960186614524
2022-12-26,13.930766105651855,21.609413146972656,8.586618423461914,33.405662536621094,88.388916015625,16.723297119140625,6.7571187019348145,231.6856231689453,19.06536865234375,15.155332565307617,35.3831672668457,17.4664306640625,25.700754165649414,47.189979553222656,42.76831817626953,3.92032790184021,34.77212142944336,108738.0,116.61880015674102
2022-12-27,13.468120574951172,21.10287094116211,8.57250690460205,33.1750602722168,86.5662612915039,16.62847328186035,6.774160861968994,229.96786499023438,18.414569854736328,14.073945999145508,35.522945404052734,17.04157066345215,25.890239715576172,45.42966842651367,43.99079895019531,3.5688490867614746,34.608219146728516,108347.0,116.67802851296463
2022-12-28,13.709329605102539,22.152135848999023,8.734784126281738,34.18199920654297,85.20916748046875,16.967130661010742,7.114999294281006,227.60955810546875,19.159826278686523,13.989228248596191,37.19026565551758,17.438106536865234,26.03665542602539,47.07725524902344,44.57426071166992,3.812180280685425,35.23646926879883,110237.0,116.7372869500858
2022-12-29,13.733052253723145,21.645597457885742,8.932340621948242,33.95909118652344,87.61627960205078,16.933265686035156,7.413233280181885,233.8983612060547,18.977846145629883,14.554339408874512,37.15032958984375,17.570287704467773,25.476818084716797,46.1320686340332,44.67613220214844,3.8031678199768066,35.0634765625,110031.0,116.79657548338203
2022-12-30,13.733052253723145,21.645597457885742,8.932340621948242,33.95909118652344,87.3983383178711,16.933265686035156,7.413233280181885,232.74349975585938,18.977846145629883,14.565301895141602,37.15032958984375,17.570287704467773,25.476818084716797,46.1320686340332,44.67613220214844,3.8031678199768066,35.0634765625,110031.0,116.85589412813853
2023-01-02,13.151782035827637,20.243558883666992,8.34672737121582,32.81379318237305,87.3983383178711,16.59954071044922,7.123520374298096,232.74349975585938,17.94662857055664,14.565301895141602,36.7010498046875,16.67336082458496,23.323606491088867,44.441131591796875,45.36145782470703,3.695020914077759,34.690181732177734,106376.0,116.91524289964832
2023-01-03,12.90661907196045,19.275707244873047,8.184452056884766,32.344913482666016,88.27996826171875,16.25386619567871,6.978663921356201,232.5105743408203,17.37469482421875,14.267298698425293,34.2449951171875,16.295705795288086,22.16948699951172,43.348533630371094,46.16718292236328,3.85724139213562,33.825199127197266,104166.0,116.97462181321218
2023-01-04,13.072699546813965,19.890790939331055,8.21267318725586,31.929847717285156,87.24976348876953,16.301311492919922,7.114999294281006,222.33981323242188,17.669321060180664,14.699851989746094,34.03533172607422,16.541181564331055,22.51399803161621,43.86014938354492,46.259796142578125,3.794156312942505,34.05282211303711,105334.0,117.0340308841387
2023-01-05,13.669787406921387,20.699176788330078,8.360841751098633,31.899099349975586,85.3874740600586,16.809667587280273,7.217251300811768,215.7501220703125,18.137271881103516,14.217464447021484,34.91392135620117,16.654476165771484,23.81454086303711,44.22434997558594,46.54689025878906,4.172669887542725,34.12565994262695,107518.0,117.09347012774414
2023-01-06,13.859589576721191,20.817564010620117,8.537230491638184,31.737682342529297,86.51673889160156,17.101125717163086,7.200209140777588,218.29287719726562,18.622549057006836,14.809484481811523,35.12358474731445,16.805538177490234,24.064311981201172,45.06547927856445,46.25053787231445,4.091559410095215,34.626434326171875,108836.0,117.15293955935262
2023-01-09,13.72514533996582,20.617218017578125,8.431394577026367,31.760744094848633,87.19032287597656,17.223127365112305,7.106478691101074,220.41819763183594,18.388578414916992,15.57592487335205,35.95225143432617,16.730005264282227,23.63367462158203,45.01345443725586,46.87104034423828,4.064522743225098,34.526283264160156,109227.0,117.21243919429605
2023-01-10,13.958443641662598,21.72821807861328,8.55134105682373,31.683874130249023,87.5865478515625,17.555259704589844,7.310981273651123,222.09716796875,18.95184326171875,15.855986595153809,36.15193176269531,17.117101669311523,23.34083366394043,46.461570739746094,46.28758239746094,4.596245765686035,34.189395904541016,110912.0,117.27196904791404
2023-01-11,14.156159400939941,21.327529907226562,8.755949974060059,32.360294342041016,90.65731811523438,17.86026954650879,7.362107276916504,228.81297302246094,19.688425064086914,15.94767951965332,38.957427978515625,17.494752883911133,23.599220275878906,47.71025848388672,45.61151123046875,4.533160209655762,35.145423889160156,111763.0,117.33152913555409
2023-01-12,14.065210342407227,20.717391967773438,8.897062301635742,33.48252487182617,90.27100372314453,17.60948944091797,7.362107276916504,231.4721221923828,19.341800689697266,16.455978393554688,39.686256408691406,17.62693214416504,23.125511169433594,47.28536605834961,46.54689025878906,4.235755920410156,35.0634765625,111877.0,117.39111947257146
2023-01-13,14.096843719482422,20.152782440185547,8.847675323486328,32.2449951171875,91.25167083740234,17.521366119384766,7.132041931152344,232.1708526611328,18.98651123046875,16.84268569946289,38.98737716674805,17.34369468688965,22.651803970336914,46.574302673339844,46.70433807373047,4.082548141479492,35.4823112487793,110916.0,117.4507400743292
2023-01-16,14.081027030944824,19.324087142944336,8.53017520904541,31.39179229736328,91.25167083740234,17.33158302307129,6.867891788482666,232.1708526611328,18.63988494873047,16.84268569946289,39.007347106933594,17.277603149414062,22.50538444519043,46.60899353027344,46.87104034423828,3.8932902812957764,34.31686782836914,109213.0,117.51039095619815
2023-01-17,14.907462120056152,20.280275344848633,8.664228439331055,32.22193145751953,90.42949676513672,17.690826416015625,7.072394371032715,233.25784301757812,19.44579315185547,17.643014907836914,38.677879333496094,17.53251838684082,24.331310272216797,48.20452880859375,47.435970306396484,3.974400281906128,34.881385803222656,111439.0,117.57007213355702
2023-01-18,15.120991706848145,20.690067291259766,8.466675758361816,32.229618072509766,90.2611083984375,18.0093994140625,7.012747764587402,228.85179138183594,19.419795989990234,17.319095611572266,38.907508850097656,17.815759658813477,23.94373321533203,50.25100326538086,46.17644500732422,4.650319576263428,34.590023040771484,112452.0,117.6297836217922
2023-01-19,15.465010643005371,20.079933166503906,8.445508003234863,32.437156677246094,92.17291259765625,18.0093994140625,7.046832084655762,225.08627319335938,19.62776756286621,16.709131240844727,40.455020904541016,18.00458526611328,25.425146102905273,49.34916687011719,45.694862365722656,4.343902111053467,34.51717758178711,113006.0,117.68952543629806
2023-01-20,15.84461784362793,19.47890281677246,8.537230491638184,31.5147705078125,97.09606170654297,17.690826416015625,6.978663921356201,233.13168334960938,19.263813018798828,17.779556274414062,41.03409194946289,17.334251403808594,24.314085006713867,47.866355895996094,43.65739440917969,4.253779888153076,33.98908996582031,112301.0,117.74929759247664
2023-01-23,15.725991249084473,19.060001373291016,8.890007019042969,31.729995727539062,98.8493881225586,17.148576736450195,7.174645900726318,235.42201232910156,19.281143188476562,19.129047393798828,41.49335479736328,17.456987380981445,24.417438507080078,48.846229553222656,43.50921630859375,4.118597030639648,34.02550506591797,111709.0,117.80910010573788
2023-01-24,15.646903038024902,19.314983367919922,9.214564323425293,31.699254989624023,96.7790756225586,17.30447006225586,7.157603740692139,234.89797973632812,19.801084518432617,19.200803756713867,40.964202880859375,17.768550872802734,24.81363296508789,50.49380111694336,44.00006103515625,4.235755920410156,33.87982940673828,113028.0,117.86893299149959
2023-01-25,16.073959350585938,19.815841674804688,9.405449867248535,32.75230407714844,94.32247161865234,17.36547088623047,7.140562534332275,233.51019287109375,20.191041946411133,19.25861358642578,41.85277557373047,17.73078727722168,25.494047164916992,51.32625198364258,43.31473159790039,4.289829254150391,35.25468826293945,114195.0,117.9287962651873
2023-01-26,16.06605339050293,19.724777221679688,9.333763122558594,33.444087982177734,96.60076904296875,17.263805389404297,7.072394371032715,240.68209838867188,20.355688095092773,19.73601531982422,42.27210235595703,17.7402286529541,25.571565628051758,51.41297149658203,42.04594421386719,4.334890365600586,34.79033660888672,114109.0,117.98868994223449
2023-01-27,15.888111114501953,19.3696231842041,9.204724311828613,33.128944396972656,98.43333435058594,16.897783279418945,6.8423285484313965,240.83737182617188,20.017724990844727,20.297136306762695,41.72298812866211,17.494752883911133,26.15723991394043,51.02275466918945,41.74958419799805,4.226743698120117,34.51717758178711,112502.0,118.04861403808233
2023-01-30,16.13723373413086,19.214813232421875,9.319424629211426,32.68312454223633,96.02623748779297,16.90456199645996,6.6378254890441895,235.5482177734375,20.243032455444336,19.098148345947266,41.433448791503906,17.173751831054688,26.174463272094727,50.72792434692383,42.86092758178711,4.082548141479492,34.00730895996094,111888.0,118.10856856817999
2023-01-31,16.093734741210938,19.742990493774414,9.663525581359863,32.406410217285156,97.9083251953125,17.16890525817871,6.561136722564697,240.49771118164062,20.615659713745117,19.471895217895508,42.03248596191406,17.353132247924805,27.475000381469727,51.34360122680664,42.93502426147461,4.307854175567627,34.817649841308594,113532.0,118.16855354798442
2023-02-01,15.899975776672363,19.5062255859375,9.477139472961426,32.51402282714844,99.48335266113281,16.9434871673584,6.910496711730957,245.29193115234375,20.468339920043945,20.87321662902832,41.03409194946289,17.117101669311523,27.475000381469727,50.75394058227539,43.29621124267578,4.379951477050781,34.9542236328125,112303.0,118.22856899296035
2023-02-02,15.59945011138916,18.7503719329834,9.534488677978516,33.30573272705078,106.72444152832031,17.0994815826416,6.629304885864258,256.7922668457031,20.36435317993164,21.63665771484375,39.985774993896484,17.37201690673828,26.69123077392578,52.15871810913086,41.69401550292969,4.569209575653076,34.63554382324219,109935.0,118.28861491858052
2023-02-03,15.50059986114502,18.276836395263672,9.326593399047852,32.713871002197266,103.79234313964844,17.038434982299805,6.561136722564697,250.72671508789062,19.532451629638672,21.029685974121094,40.10558319091797,17.03213119506836,25.459596633911133,50.2336540222168,42.88871383666992,4.208719730377197,34.51717758178711,108490.0,118.34869134032537
2023-02-06,15.5875883102417,18.304157257080078,9.17604923248291,32.198875427246094,101.93006134033203,17.04522132873535,6.118047714233398,249.19332885742188,19.93107032775879,21.018726348876953,41.133934020996094,16.5600643157959,25.252885818481445,50.12959671020508,42.564571380615234,3.9023029804229736,34.207611083984375,108456.0,118.40879827368329
2023-02-07,15.374061584472656,18.358795166015625,9.025504112243652,31.053579330444336,106.62537384033203,16.65182113647461,5.80277156829834,259.6648864746094,19.844411849975586,22.099111557006836,41.5632438659668,16.720565795898438,24.753337860107422,49.67867660522461,42.657188415527344,3.676996946334839,34.298648834228516,107920.0,118.46893573415052
2023-02-08,15.737850189208984,19.114639282226562,9.104361534118652,31.80685806274414,98.43333435058594,18.028736114501953,5.973190784454346,258.85943603515625,20.60699462890625,22.131010055541992,42.48176574707031,16.805538177490234,24.658594131469727,50.77128982543945,42.55531311035156,3.713045597076416,34.2895622253418,109882.0,118.5291037372312
2023-02-09,15.654813766479492,18.932506561279297,8.953817367553711,30.03127098083496,94.11444091796875,17.581064224243164,5.726083755493164,255.8412322998047,20.043718338012695,22.26256561279297,41.8927116394043,16.040790557861328,24.202119827270508,49.14105224609375,42.87944793701172,3.613910675048828,34.58091735839844,107783.0,118.58930229843727
2023-02-10,15.963242530822754,18.97804069519043,9.147374153137207,31.122756958007812,93.67858123779297,17.499666213989258,5.640873908996582,255.33656311035156,20.503000259399414,21.194133758544922,42.68144607543945,16.5600643157959,24.426054000854492,49.262454986572266,42.97206497192383,3.595886707305908,35.145423889160156,108150.0,118.6495314332886
2023-02-13,16.054189682006836,19.396940231323242,9.219060897827148,31.13044548034668,93.71821594238281,18.116907119750977,5.709041118621826,263.3139953613281,20.407682418823242,21.715396881103516,41.97258377075195,16.531740188598633,24.28824806213379,49.080352783203125,43.259159088134766,3.595886707305908,35.127227783203125,108846.0,118.70979115731292
2023-02-14,16.429845809936523,18.7503719329834,9.039841651916504,30.354110717773438,93.78754425048828,17.893070220947266,5.606789588928223,264.1389465332031,20.407682418823242,22.89445686340332,40.79447555541992,16.390119552612305,23.392507553100586,48.0918083190918,43.4814338684082,3.695020914077759,34.92691421508789,107659.0,118.77008148604591
2023-02-15,16.580101013183594,19.47890281677246,9.247735977172852,30.945964813232422,96.02623748779297,18.15760612487793,5.828334331512451,262.0276184082031,20.598329544067383,22.688142776489258,40.834415435791016,16.456207275390625,24.322694778442383,49.09769058227539,44.62056350708008,3.8211920261383057,35.40037155151367,109442.0,118.83040243503105
2023-02-16,16.765953063964844,19.67013931274414,9.140205383300781,30.869104385375977,94.6097183227539,18.293258666992188,5.760167121887207,255.05177307128906,21.204923629760742,21.92868423461914,40.185455322265625,16.947160720825195,25.037565231323242,50.372398376464844,44.23158645629883,4.019461631774902,35.30931091308594,109905.0,118.89075401981974
2023-02-17,16.93202781677246,19.04178810119629,9.312256813049316,31.099700927734375,93.4606704711914,18.23221206665039,5.606789588928223,251.07257080078125,21.53421974182129,21.316730499267578,38.14872360229492,17.23984146118164,24.985883712768555,50.02553176879883,43.490692138671875,4.118597030639648,36.07414245605469,109303.0,118.9511362559713
2023-02-21,16.93202781677246,19.04178810119629,9.312256813049316,31.099700927734375,90.92478942871094,18.23221206665039,5.606789588928223,245.82847595214844,21.53421974182129,20.586172103881836,38.14872360229492,17.23984146118164,24.985883712768555,50.02553176879883,43.490692138671875,4.118597030639648,36.07414245605469,109303.0,118.9511362559713
2023-02-22,16.51287841796875,18.768590927124023,9.140205383300781,30.26186752319336,90.78610229492188,17.893070220947266,5.342639923095703,244.69989013671875,21.100934982299805,20.684839248657227,37.539703369140625,16.994361877441406,24.159053802490234,48.16118240356445,42.63866424560547,4.1546454429626465,35.1641845703125,107152.0,119.011549159053
2023-02-23,16.647321701049805,18.87786865234375,9.154542922973633,29.93903160095215,90.03327178955078,17.960895538330078,5.359682083129883,247.8716278076172,21.31757926940918,23.58514404296875,37.409915924072266,16.909393310546875,23.823152542114258,47.97908020019531,42.740535736083984,4.064522743225098,35.93339920043945,107720.0,119.07199274463991
2023-02-24,16.32742691040039,18.486284255981445,9.0900239944458,29.8237361907959,88.28985595703125,17.411500930786133,5.3682026863098145,242.471923828125,21.23958396911621,23.20840072631836,37.539703369140625,17.003807067871094,23.134126663208008,47.69292068481445,42.740535736083984,4.064522743225098,35.585418701171875,105873.0,119.13246702831506
2023-02-27,16.105581283569336,18.131128311157227,8.925141334533691,29.977466583251953,89.02288818359375,17.187664031982422,5.496017932891846,243.38644409179688,21.750864028930664,23.42268943786621,36.960636138916016,17.069894790649414,22.824060440063477,47.53683853149414,42.916500091552734,4.316866397857666,35.530479431152344,105711.0,119.1929720256694
2023-02-28,16.254819869995117,18.304157257080078,9.032672882080078,29.80836296081543,89.21109008789062,17.24871253967285,5.427849292755127,242.66648864746094,21.811521530151367,23.13863754272461,33.645957946777344,16.95659828186035,22.005844116210938,48.11782455444336,44.213069915771484,4.208719730377197,35.860130310058594,104932.0,119.25350775230179
2023-03-01,15.730473518371582,17.703126907348633,8.853453636169434,29.86985206604004,89.50826263427734,16.968822479248047,5.598268985748291,239.60179138183594,22.045495986938477,22.622365951538086,33.326473236083984,16.456207275390625,21.222070693969727,46.23612594604492,43.31473159790039,4.10057258605957,36.06159973144531,104385.0,119.31407422381903
2023-03-02,15.097224235534668,17.648481369018555,8.674235343933105,29.40097999572754,91.13280487060547,16.412246704101562,5.666437149047852,244.3107452392578,21.31757926940918,23.236310958862305,33.905540466308594,16.7772159576416,20.39523696899414,46.08002471923828,43.249900817871094,4.370940208435059,35.860130310058594,103326.0,119.37467145583585
2023-03-03,15.266620635986328,17.59384536743164,8.731584548950195,29.201126098632812,92.76724243164062,16.432615280151367,5.768687725067139,248.37753295898438,20.329689025878906,23.810386657714844,34.65433883666992,16.701684951782227,19.9043025970459,45.9152717590332,44.63908767700195,4.5061235427856445,35.567100524902344,103866.0,119.43529946397484
2023-03-06,15.613504409790039,18.012746810913086,8.889297485351562,29.616201400756836,94.23330688476562,16.805919647216797,5.896502494812012,249.91476440429688,20.884294509887695,23.475515365600586,34.574466705322266,17.05101203918457,20.326335906982422,46.25346755981445,44.2501106262207,4.316866397857666,36.107383728027344,104700.0,119.49595826386658
2023-03-07,15.9724760055542,17.675806045532227,8.717245101928711,29.900602340698242,92.97528839111328,16.853437423706055,5.922065734863281,247.26841735839844,20.988279342651367,23.214338302612305,33.536136627197266,17.34369468688965,20.240205764770508,46.31415939331055,44.22233200073242,4.208719730377197,36.2538948059082,104228.0,119.55664787114966
2023-03-08,16.133817672729492,18.84144401550293,8.91080379486084,30.715373992919922,93.3615951538086,17.063852310180664,5.956149101257324,246.8306121826172,21.8721866607666,24.104516983032227,34.41472625732422,17.938495635986328,21.44600486755371,48.560054779052734,43.93523025512695,4.461061477661133,36.77587127685547,106540.0,119.61736830147045
2023-03-09,15.782905578613281,19.105531692504883,9.07568645477295,30.992084503173828,91.44977569580078,16.73804473876953,5.990232944488525,245.48800659179688,21.681535720825195,23.361873626708984,33.37639236450195,18.014026641845703,21.153165817260742,48.52538299560547,43.036895751953125,4.569209575653076,36.50114440917969,105071.0,119.67811957048342
2023-03-10,15.484435081481934,18.28594207763672,9.247735977172852,30.21574592590332,89.77572631835938,16.337581634521484,5.8198137283325195,241.85894775390625,21.724864959716797,22.89236068725586,33.156742095947266,17.957378387451172,20.102399826049805,47.6148796081543,41.740318298339844,5.001796722412109,36.208126068115234,103618.0,119.73890169385086
2023-03-13,15.387630462646484,17.785083770751953,9.419788360595703,30.369478225708008,90.2511978149414,16.1407470703125,5.8198137283325195,247.04464721679688,21.360904693603516,22.893356323242188,31.719053268432617,17.900728225708008,20.36939811706543,47.46746826171875,41.28652572631836,5.362286567687988,36.43705368041992,103121.0,119.79971468724312
2023-03-14,15.270401954650879,17.75776481628418,9.09719181060791,30.484777450561523,93.08424377441406,16.086441040039062,5.7772088050842285,253.72862243652344,21.456233978271484,23.98689079284668,32.158348083496094,17.53251838684082,19.33585548400879,45.533729553222656,41.647708892822266,5.443397045135498,36.86743927001953,102932.0,119.86055856633851
2023-03-15,15.286681175231934,17.830615997314453,9.383943557739258,30.976720809936523,95.20405578613281,16.04572105407715,5.853897571563721,258.252685546875,22.010835647583008,24.151369094848633,31.100048065185547,17.456987380981445,20.47275161743164,45.871917724609375,40.953121185302734,5.67771577835083,36.69345474243164,102675.0,119.92143334682316
2023-03-16,15.4495267868042,18.522714614868164,9.52731990814209,30.73074722290039,99.37438201904297,16.31043243408203,6.049879550933838,268.72137451171875,21.776859283447266,25.4602108001709,31.649166107177734,17.608049392700195,20.024883270263672,48.37797546386719,40.7401123046875,5.542531967163086,36.904075622558594,103435.0,119.98233904439135
2023-03-17,15.184905052185059,18.040063858032227,9.26207447052002,28.755311965942383,100.6621322631836,15.842098236083984,6.245861530303955,271.86395263671875,21.092273712158203,25.64362907409668,31.3196964263916,17.73078727722168,18.93105125427246,46.60032272338867,40.36966323852539,5.3983354568481445,36.51030349731445,101982.0,120.04327567474522
2023-03-20,15.099418640136719,17.648481369018555,9.025504112243652,28.655385971069336,100.26589965820312,15.882818222045898,6.083962917327881,264.8588562011719,20.650318145751953,25.818078994750977,30.940303802490234,17.475872039794922,18.552085876464844,46.010658264160156,40.0362548828125,5.155004501342773,36.403236389160156,100923.0,120.10424325359492
2023-03-21,15.27854061126709,17.602951049804688,9.032672882080078,28.43247413635254,103.93101501464844,16.208616256713867,5.990232944488525,266.36688232421875,20.615659713745117,26.116132736206055,31.669132232666016,17.53251838684082,18.612377166748047,45.152183532714844,39.776947021484375,5.001796722412109,36.64165496826172,100998.0,120.16524179665855
2023-03-22,15.315176963806152,17.329755783081055,9.0900239944458,28.668170928955078,102.39564514160156,16.113590240478516,5.734604358673096,264.9172668457031,20.884294509887695,26.384281158447266,31.299726486206055,17.390899658203125,18.310928344726562,45.09149169921875,39.71211242675781,5.200066089630127,36.238189697265625,100221.0,120.22627131966223
2023-03-23,15.148265838623047,16.655872344970703,8.645559310913086,28.731016159057617,104.6046142578125,15.713129043579102,5.427849292755127,270.141845703125,20.312362670898438,27.104995727539062,29.882003784179688,16.8338623046875,17.871671676635742,43.40922927856445,39.1193962097168,4.379951477050781,36.577457427978516,97926.0,120.28733183834007
2023-03-24,15.30296802520752,16.91996192932129,9.039841651916504,29.3752498626709,104.44613647460938,15.941056251525879,5.623831748962402,272.97308349609375,20.84096336364746,26.69429588317871,30.231443405151367,17.135984420776367,18.173124313354492,44.475807189941406,39.480587005615234,4.289829254150391,37.14597702026367,98829.0,120.34842336843413
2023-03-27,15.311107635498047,17.138517379760742,9.09719181060791,29.24954605102539,101.49420928955078,16.21566390991211,5.623831748962402,268.8965148925781,20.953617095947266,26.44708251953125,31.569293975830078,17.305927276611328,18.104215621948242,44.978759765625,38.88787078857422,4.406988620758057,37.76950454711914,99670.0,120.40954592569449
2023-03-28,15.416952133178711,17.493675231933594,9.26207447052002,31.292221069335938,100.07769012451172,16.291181564331055,5.6579155921936035,267.7776794433594,21.248247146606445,26.326467514038086,31.828876495361328,17.494752883911133,17.225706100463867,46.348846435546875,39.15644454956055,4.3889641761779785,37.934566497802734,101185.0,120.47069952587923
2023-03-29,15.596084594726562,17.34796714782715,9.133035659790039,30.757980346679688,100.43428802490234,16.449079513549805,5.640873908996582,272.9147033691406,21.248247146606445,26.898651123046875,31.88878059387207,17.655258178710938,17.587448120117188,46.430301666259766,39.88807678222656,4.253779888153076,38.26466369628906,101793.0,120.53188418475442
2023-03-30,15.881051063537598,18.08559799194336,9.211894989013672,31.370786666870117,99.93901062011719,16.902191162109375,5.7772088050842285,276.35882568359375,21.724864959716797,27.29638671875,32.29812240600586,17.985702514648438,19.16360092163086,48.091026306152344,39.86955642700195,4.425013065338135,38.38386154174805,103713.0,120.5930999180942
2023-03-31,15.92176342010498,17.894359588623047,9.197554588317871,31.567195892333984,102.75224304199219,16.984569549560547,5.6579155921936035,280.4937438964844,21.461942672729492,27.689144134521484,31.139984130859375,17.796876907348633,18.293701171875,46.675045013427734,38.52667999267578,4.316866397857666,37.18265151977539,101882.0,120.65434674168058
2023-04-03,15.734498023986816,17.885255813598633,9.082854270935059,31.37864112854004,103.37630462646484,16.508920669555664,5.3682026863098145,279.4526672363281,21.279029846191406,27.876548767089844,32.348045349121094,17.91016960144043,17.966413497924805,45.53875732421875,39.58245849609375,4.235755920410156,36.3023681640625,101506.0,120.71562467130377
2023-04-04,15.995039939880371,18.413434982299805,9.233400344848633,32.43926239013672,103.73291778564453,16.838685989379883,5.427849292755127,279.4040222167969,21.74937629699707,27.366165161132812,33.79571533203125,18.136760711669922,18.78463363647461,46.491485595703125,39.22126770019531,4.19970703125,36.33905792236328,101869.0,120.77693372276181
2023-04-05,15.938047409057617,18.73216438293457,9.305087089538574,32.26641845703125,103.48527526855469,16.82493782043457,5.342639923095703,276.6408996582031,21.87132453918457,26.79598045349121,33.4462776184082,17.608049392700195,18.6037654876709,46.15934371948242,37.952484130859375,4.010448932647705,35.53212356567383,100978.0,120.83827391186095
2023-04-06,15.885123252868652,18.622886657714844,9.211894989013672,32.800655364990234,107.39803314208984,16.769983291625977,5.3682026863098145,283.7043762207031,22.054231643676758,26.95148277282715,34.804100036621094,17.617490768432617,18.853532791137695,45.661128997802734,37.3782844543457,4.181682109832764,35.40375518798828,100822.0,120.8996452544153
2023-04-10,15.893267631530762,18.98714828491211,8.968154907226562,32.92635726928711,105.43669891357422,16.948596954345703,5.461933135986328,281.5542907714844,22.30683135986328,27.49176788330078,34.8640022277832,17.551403045654297,18.405668258666992,45.47758102416992,38.10066223144531,4.082548141479492,35.202022552490234,101847.0,120.96104776624712
2023-04-11,16.25965690612793,20.580795288085938,9.391114234924316,33.20133972167969,104.35697174072266,17.498214721679688,5.751646518707275,275.1717529296875,22.498455047607422,27.083065032958984,35.67270278930664,17.976261138916016,20.11962890625,49.6468620300293,39.406494140625,4.3619279861450195,35.84389114379883,106214.0,121.02248146318664
2023-04-12,17.39139747619629,21.09075927734375,9.52731990814209,34.01055145263672,103.65365600585938,17.61500358581543,5.80277156829834,275.81396484375,22.60297966003418,26.411195755004883,36.37158203125,18.240617752075195,20.412464141845703,50.258705139160156,39.08235168457031,4.560197353363037,36.43990707397461,106890.0,121.08394636107217
2023-04-13,17.38326072692871,20.954158782958984,9.348099708557129,34.17552947998047,106.41737365722656,17.61500358581543,5.393765926361084,281.9919738769531,22.55942726135254,26.37929344177246,36.45145034790039,18.16508674621582,20.326335906982422,50.65203857421875,38.25810241699219,5.118956089019775,36.100643157958984,106458.0,121.14544247575003
2023-04-14,17.680444717407227,20.899524688720703,9.290749549865723,34.788333892822266,107.84378814697266,17.869203567504883,5.23186731338501,278.3923034667969,22.576847076416016,26.673362731933594,36.62118148803711,18.212295532226562,19.103309631347656,50.197509765625,37.498687744140625,5.290189266204834,35.541297912597656,106279.0,121.2069698230746
2023-04-17,17.72115707397461,20.762924194335938,9.197554588317871,34.136253356933594,104.97113037109375,17.834854125976562,5.308556079864502,280.98016357421875,22.637819290161133,26.91659164428711,36.0920295715332,18.59938621520996,18.94827651977539,50.59085464477539,37.47089385986328,5.407348155975342,36.201507568359375,106016.0,121.26852841890835
2023-04-18,17.753725051879883,21.07254409790039,8.867790222167969,33.35847091674805,103.51497650146484,17.82111358642578,5.419328689575195,280.5618591308594,22.44619369506836,27.579490661621094,35.24339294433594,18.52385711669922,19.611467361450195,49.70804214477539,38.128448486328125,5.145993709564209,36.008941650390625,106163.0,121.33011827912175
2023-04-19,17.546096801757812,20.425979614257812,8.423325538635254,32.604244232177734,103.19799041748047,17.53943634033203,5.30003547668457,280.6396789550781,21.923582077026367,27.842655181884766,34.2449951171875,18.231176376342773,19.111923217773438,47.94243240356445,38.14696502685547,4.749453544616699,35.86222457885742,103913.0,121.39173941959334
2023-04-20,17.713014602661133,20.717391967773438,8.294286727905273,33.04420852661133,104.29753875732422,17.587526321411133,5.410807132720947,278.363037109375,21.906164169311523,27.01827049255371,33.94547653198242,18.606351852416992,19.80956268310547,49.40212631225586,37.322723388671875,4.695380687713623,36.90756607055664,104367.0,121.45339185620978
2023-04-21,17.713014602661133,20.717391967773438,8.294286727905273,33.04420852661133,104.41639709472656,17.587526321411133,5.410807132720947,278.02252197265625,21.906164169311523,27.033222198486328,33.94547653198242,18.606351852416992,19.80956268310547,49.40212631225586,37.322723388671875,4.695380687713623,36.90756607055664,104367.0,121.45339185620978
2023-04-24,17.67637062072754,20.425979614257812,8.143742561340332,33.39774703979492,104.97113037109375,17.429515838623047,5.393765926361084,274.14056396484375,21.819061279296875,26.956464767456055,34.97382354736328,18.710561752319336,19.85262680053711,49.38463592529297,36.739261627197266,4.605257987976074,36.999267578125,103947.0,121.51507560486571
2023-04-25,17.513534545898438,20.671857833862305,7.97169303894043,32.70638656616211,102.87110900878906,17.587526321411133,5.393765926361084,267.9625244140625,21.6274356842041,26.15799903869629,34.59443664550781,18.663192749023438,19.654531478881836,49.1224250793457,35.93354034423828,4.4160003662109375,37.173492431640625,103220.0,121.57679068146392
2023-04-26,17.371044158935547,20.398662567138672,8.107900619506836,32.557106018066406,102.73241424560547,17.408905029296875,5.265951156616211,287.3722839355469,21.47936248779297,26.870737075805664,33.4462776184082,18.47372055053711,19.637306213378906,49.4720458984375,35.43342971801758,4.488099098205566,36.77919006347656,102312.0,121.6385371019152
2023-04-27,17.39139747619629,21.081653594970703,8.667064666748047,32.96564483642578,106.57585906982422,17.718055725097656,5.3682026863098145,296.57611083984375,21.906164169311523,27.13988494873047,33.586055755615234,18.445297241210938,19.37891960144043,50.381072998046875,35.19264221191406,4.866612434387207,36.999267578125,102923.0,121.70031488213853
2023-04-28,17.44839859008789,21.327529907226562,8.874959945678711,32.83993911743164,106.32820892333984,17.807371139526367,5.54714298248291,298.94036865234375,22.55942726135254,27.661231994628906,34.69427490234375,18.663192749023438,19.697595596313477,50.70447540283203,36.85966110229492,5.263152122497559,37.705322265625,104432.0,121.76212403806088
2023-05-01,17.44839859008789,21.327529907226562,8.874959945678711,32.83993911743164,106.18952178955078,17.807371139526367,5.54714298248291,297.28631591796875,22.55942726135254,28.818557739257812,34.69427490234375,18.663192749023438,19.697595596313477,50.70447540283203,36.85966110229492,5.263152122497559,37.705322265625,104432.0,121.76212403806088
2023-05-02,17.03314781188965,20.562578201293945,8.430436134338379,33.13848114013672,104.3272476196289,17.118268966674805,5.436370372772217,297.1404113769531,22.315542221069336,28.120771408081055,33.46624755859375,18.64424705505371,19.241113662719727,48.97382736206055,37.67464828491211,5.299201488494873,37.430233001708984,101927.0,121.82396458561733
2023-05-03,16.980228424072266,20.635433197021484,8.23588752746582,33.484169006347656,104.41639709472656,17.090778350830078,5.5812273025512695,296.15777587890625,22.55942726135254,27.714059829711914,34.04531478881836,18.89056396484375,18.965503692626953,49.515750885009766,37.13749694824219,5.344262599945068,36.58662414550781,101797.0,121.88583654075107
2023-05-04,17.171566009521484,21.12718391418457,8.28632640838623,34.12839889526367,103.70319366455078,17.228269577026367,5.683478355407715,297.1404113769531,23.14301300048828,27.474821090698242,32.64756393432617,18.8526668548584,19.637306213378906,50.34611511230469,36.674434661865234,5.930058002471924,36.03645324707031,102174.0,121.94773991941337
2023-05-05,17.607168197631836,21.737327575683594,8.560135841369629,34.073402404785156,104.57490539550781,17.867630004882812,5.734604358673096,302.23858642578125,23.71788215637207,28.589284896850586,34.23501205444336,19.847408294677734,20.507205963134766,51.00165939331055,38.53593826293945,6.2004265785217285,35.963104248046875,105148.0,122.00967473756366
2023-05-08,17.53795623779297,21.983203887939453,8.372790336608887,34.049835205078125,106.75416564941406,18.11511993408203,5.7005205154418945,300.292724609375,23.421735763549805,29.058792114257812,34.45465850830078,19.47793197631836,20.42107391357422,50.85307312011719,38.7767333984375,6.2544989585876465,35.944759368896484,106042.0,122.07164101116936
2023-05-09,17.485034942626953,22.311037063598633,8.697039604187012,34.536930084228516,106.33812713623047,18.225116729736328,5.6919989585876465,298.68743896484375,23.543684005737305,28.48062515258789,34.554500579833984,19.4116153717041,21.084270477294922,51.50861740112305,38.43406677246094,6.596965312957764,36.54995346069336,107114.0,122.13363875620611
2023-05-10,17.713014602661133,22.76636505126953,8.754682540893555,35.2440185546875,110.69664764404297,18.493234634399414,5.709041118621826,303.8536376953125,23.691753387451172,28.79364013671875,34.59443664550781,19.4116153717041,21.058427810668945,52.487571716308594,38.61002731323242,6.488818645477295,36.082298278808594,107448.0,122.19566798865762
2023-05-11,18.075334548950195,23.276329040527344,9.006875991821289,35.51113510131836,115.47120666503906,18.67197608947754,5.726083755493164,301.713134765625,23.604652404785156,28.487606048583984,34.764163970947266,19.743194580078125,21.721616744995117,54.05214309692383,38.49889373779297,6.696099281311035,36.05479431152344,108256.0,122.2577287245157
2023-05-12,18.00612449645996,23.212583541870117,9.050107955932617,34.639068603515625,116.40235137939453,18.50011444091797,5.589748382568359,300.60406494140625,23.386898040771484,28.2503604888916,34.44467544555664,19.752670288085938,21.928319931030273,53.78118133544922,39.30461883544922,6.777210235595703,35.67884826660156,108464.0,122.31982097978032
2023-05-15,18.091617584228516,23.385608673095703,9.086135864257812,35.51899337768555,115.41178131103516,18.568864822387695,5.632352352142334,301.08074951171875,23.447866439819336,28.861421585083008,34.41472625732422,19.885299682617188,22.436485290527344,53.54518508911133,39.73990249633789,6.73214864730835,36.34821701049805,109029.0,122.38194477045954
2023-05-16,17.570526123046875,23.30364990234375,9.194218635559082,35.086883544921875,118.38349914550781,18.50698471069336,5.30003547668457,303.299072265625,23.0297794342041,29.120601654052734,34.44467544555664,19.6295108795166,23.94373321533203,53.43156051635742,40.48079299926758,6.551903247833252,36.403236389160156,108194.0,122.44410011256957
2023-05-17,17.599023818969727,23.768083572387695,9.345534324645996,35.008323669433594,119.70095825195312,18.692609786987305,5.359682083129883,306.16571044921875,23.186561584472656,30.082544326782227,36.44146728515625,19.7242488861084,24.202119827270508,54.41050720214844,40.49931716918945,6.587953090667725,36.183162689208984,109460.0,122.50628702213473
2023-05-18,17.586814880371094,23.74987030029297,9.50405502319336,34.7019157409668,121.67220306396484,18.62385368347168,5.589748382568359,310.5729064941406,23.447866439819336,31.577800750732422,36.29170608520508,19.961090087890625,24.960050582885742,55.01362228393555,41.9996337890625,6.614989280700684,36.03645324707031,110108.0,122.56850551518754
2023-05-19,17.92877769470215,24.02306365966797,9.763452529907227,36.100364685058594,121.60285949707031,18.47260284423828,5.887980937957764,310.3974304199219,23.56110191345215,31.16510772705078,36.91071701049805,20.065303802490234,24.891145706176758,55.33702087402344,42.06446075439453,7.011528491973877,36.79753112792969,110745.0,122.63075560776859
2023-05-22,17.692655563354492,23.604164123535156,9.705810546875,35.369720458984375,123.87127685546875,18.12198829650879,5.922065734863281,313.1665954589844,23.395605087280273,31.077390670776367,36.13196563720703,20.017932891845703,25.149532318115234,55.33702087402344,41.84219741821289,7.137699127197266,37.00843048095703,110213.0,122.69303731592667
2023-05-23,18.10789680480957,23.59505844116211,9.5833158493042,34.9376106262207,121.40474700927734,18.2663631439209,5.615311145782471,307.3942565917969,23.282371520996094,30.59093475341797,36.102012634277344,19.904247283935547,25.106464385986328,55.066062927246094,42.471961975097656,7.083625316619873,36.880062103271484,109929.0,122.75535065571867
2023-05-24,18.16082191467285,23.522205352783203,9.295095443725586,34.46622848510742,119.76039123535156,18.163238525390625,5.478975296020508,306.0194396972656,23.0820369720459,30.441408157348633,35.89235305786133,19.65793228149414,24.632766723632812,54.78635787963867,41.29578399658203,6.53387975692749,36.51327896118164,108800.0,122.81769564320972
2023-05-25,18.181177139282227,24.469289779663086,9.720220565795898,35.95895004272461,122.31607055664062,18.733854293823242,5.478975296020508,317.7883605957031,23.334632873535156,37.85987091064453,35.5728645324707,19.885299682617188,25.54572105407715,55.88768005371094,40.860504150390625,6.822271823883057,35.79805374145508,110054.0,122.880072294473
2023-05-26,18.075334548950195,24.715164184570312,9.91476821899414,35.80181884765625,123.4354248046875,18.58948516845703,5.470455169677734,324.5843505859375,23.447866439819336,38.822811126708984,35.293312072753906,19.894775390625,25.54572105407715,56.14990234375,41.9996337890625,7.164736270904541,36.22901916503906,110906.0,122.9424806255899
2023-05-29,18.042762756347656,24.86086654663086,9.777863502502441,35.07902908325195,123.4354248046875,18.50698471069336,5.444891929626465,324.5843505859375,23.334632873535156,38.822811126708984,35.06367874145508,19.65793228149414,25.364852905273438,56.14116287231445,42.02742004394531,7.245846748352051,35.65133285522461,110333.0,123.00492065265003
2023-05-30,18.197463989257812,24.241622924804688,9.813891410827637,34.75691604614258,122.50428009033203,18.245738983154297,5.325597763061523,322.9462890625,23.299793243408203,39.984127044677734,34.07527160644531,19.714773178100586,24.96866226196289,55.24960708618164,41.786624908447266,7.3359694480896,35.15617752075195,108967.0,123.06739239175108
2023-05-31,18.16489601135254,23.95021629333496,9.950798988342285,34.59978485107422,121.71183013916016,18.10137367248535,5.6579155921936035,320.1966857910156,23.10817527770996,37.714332580566406,34.135169982910156,19.7242488861084,24.97727394104004,54.22695541381836,41.47174835205078,7.344981670379639,34.48680114746094,108335.0,123.129895858999
2023-06-01,18.213748931884766,24.8426570892334,10.152552604675293,33.46845626831055,122.55380249023438,18.36804962158203,5.666437149047852,324.2821350097656,23.064620971679688,39.64421081542969,34.115203857421875,20.813724517822266,26.03665542602539,57.277435302734375,41.67549514770508,7.597323894500732,34.10167694091797,110565.0,123.19243107050788
2023-06-02,18.53584098815918,25.68045997619629,10.411949157714844,34.497650146484375,123.4948501586914,18.63634490966797,5.7005205154418945,327.03179931640625,22.7597599029541,39.20260238647461,35.26335906982422,21.438989639282227,26.527587890625,57.819358825683594,42.99058532714844,7.777568817138672,34.541805267333984,112558.0,123.25499804239996
2023-06-05,18.65184211730957,25.84437370300293,10.556057929992676,33.86127853393555,124.82223510742188,18.677623748779297,5.785730361938477,327.5583190917969,22.637819290161133,39.04710006713867,35.293312072753906,21.382144927978516,26.78597640991211,58.11653137207031,43.35177230834961,7.678435802459717,34.5051383972168,112696.0,123.31759679080574
2023-06-06,18.867279052734375,25.953655242919922,10.793839454650879,35.189022064208984,126.1099624633789,18.808332443237305,6.032837867736816,325.35467529296875,23.14301300048828,38.5317497253418,34.22502899169922,21.72319984436035,27.233842849731445,59.26156997680664,43.472171783447266,7.930777072906494,35.027801513671875,114610.0,123.38022733186386
2023-06-07,18.858991622924805,26.600217819213867,10.649731636047363,35.3775749206543,121.34530639648438,18.86336326599121,5.964669704437256,315.3116455078125,23.58723258972168,37.360328674316406,34.73421096801758,21.382144927978516,27.879806518554688,59.043052673339844,42.44417953491211,8.029911994934082,34.981956481933594,115488.0,123.44288968172117
2023-06-08,18.858991622924805,26.600217819213867,10.649731636047363,35.3775749206543,120.98870849609375,18.86336326599121,5.964669704437256,317.144775390625,23.58723258972168,38.39216613769531,34.73421096801758,21.382144927978516,27.879806518554688,59.043052673339844,42.44417953491211,8.029911994934082,34.981956481933594,115488.0,123.44288968172117
2023-06-09,19.77873992919922,26.49094009399414,10.743402481079102,35.6839714050293,121.0778579711914,19.12479591369629,6.083962917327881,318.63665771484375,23.543684005737305,38.6513671875,34.424705505371094,21.221092224121094,27.767841339111328,59.59370422363281,41.89776611328125,8.011887550354004,34.661014556884766,117019.0,123.50558385653272
2023-06-12,20.495485305786133,26.773242950439453,10.829867362976074,35.9432373046875,122.47456359863281,18.91840362548828,6.186214923858643,323.57037353515625,23.71788215637207,39.36118698120117,33.086856842041016,21.315832138061523,28.164030075073242,58.76334762573242,43.249900817871094,8.0569486618042,34.61516571044922,117336.0,123.56830987246177
2023-06-13,20.282161712646484,26.181320190429688,10.159754753112793,35.49541473388672,122.66277313232422,19.13166618347168,6.262904167175293,325.9494934082031,23.273662567138672,40.89647674560547,34.28493118286133,21.391620635986328,27.785066604614258,57.53091812133789,43.57404327392578,7.543251037597656,34.248390197753906,116743.0,123.6310677456798
2023-06-14,20.382278442382812,26.272384643554688,10.635318756103516,36.178932189941406,122.50428009033203,19.393089294433594,6.296987533569336,328.9233703613281,23.569808959960938,42.86543655395508,35.34323501586914,21.74214744567871,28.715253829956055,58.63224411010742,43.20359802246094,7.732508182525635,34.72520446777344,119069.0,123.69385749236648
2023-06-15,20.7994384765625,26.408985137939453,10.822663307189941,36.68173599243164,123.91088104248047,19.647621154785156,6.424801349639893,339.4148864746094,23.40431785583496,42.52249526977539,35.542911529541016,21.751619338989258,28.715253829956055,58.24766540527344,44.768741607666016,8.04793643951416,34.697696685791016,119221.0,123.75667912870969
2023-06-16,20.645090103149414,27.019121170043945,10.829867362976074,35.54256057739258,122.3656005859375,19.709537506103516,6.160651683807373,333.7888488769531,23.055910110473633,42.56136703491211,36.21183776855469,20.71898651123047,28.62051010131836,56.88411331176758,44.73169708251953,8.04793643951416,34.706871032714844,118758.0,123.81953267090557
2023-06-19,21.028873443603516,27.246782302856445,10.916333198547363,35.42471694946289,122.3656005859375,19.977834701538086,6.373676300048828,333.7888488769531,23.0820369720459,42.56136703491211,36.002174377441406,20.965301513671875,28.80999183654785,59.1042366027832,44.176025390625,8.165096282958984,34.541805267333984,119858.0,123.88241813515847
2023-06-20,21.02470588684082,27.920665740966797,10.966771125793457,36.94100570678711,121.93965148925781,19.968320846557617,6.595221519470215,329.61566162109375,23.29108428955078,43.673954010009766,36.102012634277344,21.240041732788086,28.379356384277344,58.623504638671875,43.93523025512695,8.363365173339844,33.88159942626953,119622.0,123.94533553768096
2023-06-21,21.68798065185547,28.257612228393555,10.736196517944336,36.87028884887695,119.4136962890625,20.162729263305664,6.510011196136475,325.2377014160156,23.874666213989258,42.91328811645508,38.60798645019531,21.097936630249023,28.586061477661133,58.89445877075195,43.0461540222168,8.579658508300781,33.423126220703125,120420.0,124.00828489469384
2023-06-22,21.274991989135742,27.48355484008789,10.548852920532227,35.848960876464844,121.98919677734375,19.968320846557617,6.441843509674072,331.2342834472656,23.421735763549805,42.89335632324219,38.238582611083984,20.993724822998047,28.362131118774414,59.30527114868164,42.471961975097656,8.390401840209961,33.37727737426758,118934.0,124.07126622242617
2023-06-23,21.28333854675293,27.62015151977539,11.046032905578613,37.978050231933594,121.18682098388672,19.905839920043945,6.348113536834717,326.6612548828125,24.59761619567871,42.07984924316406,38.14872360229492,20.67161750793457,28.741092681884766,58.999351501464844,42.546051025390625,8.579658508300781,33.560672760009766,118977.0,124.13427953711522
2023-06-26,21.33339500427246,27.401596069335938,10.757813453674316,37.946632385253906,117.22451782226562,19.87806510925293,6.169172763824463,320.4013671875,24.684717178344727,40.50766372680664,36.9806022644043,20.53898811340332,28.448251724243164,58.999351501464844,42.24042892456055,8.642744064331055,33.43052291870117,118243.0,124.19732485500654
2023-06-27,20.941268920898438,27.22857093811035,10.671347618103027,37.624515533447266,117.2146224975586,19.65587615966797,6.12656831741333,326.22247314453125,24.214365005493164,41.747867584228516,35.742591857910156,20.50109100341797,27.853967666625977,58.18646240234375,41.527313232421875,8.543610572814941,33.52236557006836,117523.0,124.26040219235391
2023-06-28,20.686803817749023,27.31963539123535,10.829867362976074,37.70308303833008,119.04718780517578,19.5447940826416,5.930586338043213,327.4705505371094,24.092422485351562,40.99119186401367,36.08204650878906,20.42530059814453,27.56113052368164,57.994178771972656,40.90681457519531,8.841014862060547,33.59584426879883,116681.0,124.32351156541937
2023-06-29,20.878692626953125,28.18476104736328,11.31263542175293,38.15089797973633,117.97737121582031,19.780860900878906,6.083962917327881,326.69049072265625,24.144685745239258,40.69709014892578,36.231807708740234,20.71898651123047,27.948707580566406,59.6986083984375,40.79568099975586,9.70619010925293,33.83462905883789,118383.0,124.3866529904732
2023-06-30,20.607545852661133,28.640087127685547,11.56482982635498,39.439353942871094,118.57170867919922,19.732257843017578,6.194735527038574,332.0435485839844,24.3188533782959,42.17256546020508,37.020538330078125,21.031620025634766,28.3535099029541,59.873416900634766,40.953121185302734,10.364084243774414,34.67039108276367,118087.0,124.44982648379398
2023-07-03,21.020524978637695,29.477886199951172,11.449542045593262,39.745758056640625,118.76983642578125,20.11968421936035,6.135088920593262,329.55712890625,24.512205123901367,42.28321838378906,37.35999298095703,21.448461532592773,28.835832595825195,60.733001708984375,40.953121185302734,10.201863288879395,34.61528015136719,119673.0,124.5130320616686
2023-07-04,20.887039184570312,29.423248291015625,11.672910690307617,39.60433578491211,118.76983642578125,19.994626998901367,6.066921710968018,329.55712890625,24.169435501098633,42.28321838378906,37.979000091552734,21.552671432495117,27.776453018188477,60.57487487792969,41.42544174194336,10.56235408782959,34.15608215332031,119076.0,124.57626974039209
2023-07-05,20.74937629699707,29.25022315979004,11.83143138885498,39.70647430419922,120.60237884521484,20.16831398010254,6.36515474319458,329.713134765625,24.380373001098633,42.187522888183594,38.558067321777344,21.67582893371582,27.673099517822266,61.39189910888672,41.16613006591797,11.283332824707031,34.4407844543457,119549.0,124.63953953626783
2023-07-06,20.444852828979492,28.09369468688965,11.514389038085938,39.462921142578125,118.97784423828125,19.869569778442383,6.211777687072754,332.7552490234375,23.90577507019043,41.974178314208984,38.08882522583008,21.240041732788086,26.872102737426758,60.83842849731445,40.85124206542969,11.175186157226562,33.88054275512695,117426.0,124.70284146560753
2023-07-07,20.841154098510742,29.332183837890625,11.507184982299805,39.80861282348633,118.35377502441406,20.244733810424805,6.382197380065918,328.8063659667969,24.17823028564453,42.372947692871094,39.286895751953125,21.52425193786621,27.251066207885742,61.62032699584961,41.2216911315918,11.914191246032715,33.9815788269043,118898.0,124.76617554473108
2023-07-10,20.457365036010742,28.776681900024414,11.38469123840332,39.942169189453125,115.35234069824219,20.11272430419922,6.407760143280029,323.5508728027344,24.10791778564453,42.050941467285156,39.426673889160156,21.031620025634766,27.328584671020508,61.2601432800293,40.77714920043945,11.733945846557617,33.329498291015625,117942.0,124.82954178996675
2023-07-11,20.165359497070312,28.62187385559082,11.175731658935547,39.27436828613281,116.03583526611328,19.75841522216797,6.305508136749268,324.1748352050781,24.06397247314453,42.27524185180664,40.634735107421875,21.050565719604492,26.984073638916016,61.031707763671875,40.79568099975586,11.625799179077148,33.01723098754883,117220.0,124.89294021765103
2023-07-12,19.839977264404297,28.776681900024414,11.521595001220703,39.030818939208984,117.8089599609375,19.64030647277832,6.433322906494141,328.786865234375,24.06397247314453,43.76766586303711,41.483367919921875,21.448461532592773,27.156328201293945,61.673038482666016,40.91607666015625,11.751970291137695,33.118263244628906,117666.0,124.95637084412878
2023-07-13,20.02769660949707,29.596275329589844,11.744966506958008,39.36078643798828,123.3660888671875,19.855670928955078,6.416280746459961,334.110595703125,24.05518341064453,45.83632278442383,42.82122039794922,21.59056854248047,27.819517135620117,61.602752685546875,41.092041015625,11.19321060180664,33.118263244628906,119264.0,125.01983368575308
2023-07-14,19.894203186035156,29.068092346191406,11.456746101379395,39.2822265625,124.23778533935547,19.647254943847656,6.305508136749268,336.62628173828125,23.45754051208496,45.32986831665039,41.45341873168945,21.258987426757812,27.52667999267578,60.161956787109375,41.25873947143555,10.391119956970215,33.06314468383789,117711.0,125.08332875888541
2023-07-17,20.069416046142578,29.978744506835938,11.499978065490723,39.22723388671875,123.47505950927734,20.02935791015625,6.262904167175293,337.1040954589844,23.18508529663086,46.31883239746094,41.922664642333984,21.476882934570312,28.25015640258789,60.95263671875,41.11982345581055,10.91383171081543,32.420257568359375,118219.0,125.14685607989549
2023-07-18,20.136157989501953,30.29747772216797,11.817021369934082,38.889404296875,122.59342956542969,19.64030647277832,6.152131080627441,350.520751953125,23.114774703979492,47.34867477416992,43.110755920410156,21.438989639282227,28.396581649780273,60.829647064208984,41.277259826660156,11.50864028930664,33.00804901123047,117841.0,125.21041566516134
2023-07-19,19.785747528076172,29.95142936706543,11.989951133728027,38.81084060668945,120.87974548339844,19.431884765625,6.152131080627441,346.22076416015625,22.605016708374023,46.932945251464844,44.069217681884766,21.600040435791016,28.379356384277344,61.022918701171875,40.25852966308594,11.878142356872559,34.81733703613281,117552.0,125.27400753106936
2023-07-20,20.002670288085938,30.343006134033203,11.932308197021484,38.67727279663086,118.07642364501953,19.793148040771484,6.083962917327881,338.2156066894531,22.613807678222656,45.380714416503906,44.129119873046875,21.732675552368164,28.73247718811035,61.4797477722168,40.42523193359375,11.950239181518555,35.04694366455078,118083.0,125.33763169401423
2023-07-21,20.24044418334961,31.035112380981445,12.2061185836792,39.51791763305664,118.8886947631836,20.147470474243164,6.152131080627441,335.1929016113281,23.255395889282227,44.17341995239258,45.097564697265625,22.121095657348633,29.73157501220703,61.78724670410156,40.8049430847168,11.86913013458252,35.717384338378906,120217.0,125.40128817039901
2023-07-24,19.84414291381836,30.68906593322754,12.105238914489746,39.97358322143555,120.38445281982422,19.827892303466797,5.913544178009033,336.49951171875,23.501487731933594,44.475486755371094,46.0959587097168,22.75583267211914,30.928754806518555,61.10198974609375,41.69401550292969,11.526663780212402,38.294185638427734,121342.0,125.46497697663499
2023-07-25,19.739858627319336,30.56157112121582,12.37905216217041,40.217140197753906,121.05805206298828,19.869569778442383,5.8198137283325195,342.22308349609375,23.22903060913086,45.539222717285156,44.887901306152344,22.822147369384766,31.368013381958008,59.880828857421875,41.88850402832031,11.30135726928711,37.335445404052734,122008.0,125.52869812914187
2023-07-26,19.906719207763672,30.80743980407715,12.242145538330078,40.45283508300781,128.051513671875,19.980731964111328,5.887980937957764,329.34271240234375,23.202661514282227,45.312923431396484,45.51689147949219,22.73688507080078,31.850332260131836,59.784183502197266,43.036895751953125,10.91383171081543,37.31700897216797,122560.0,125.59245164434769
2023-07-27,19.49790382385254,30.552461624145508,12.076416969299316,39.588623046875,128.18028259277344,19.536094665527344,5.80277156829834,322.4685363769531,22.974153518676758,45.759559631347656,45.01769256591797,22.140043258666992,31.54888153076172,58.11497497558594,43.71296310424805,10.05766773223877,37.197166442871094,119990.0,125.65623753868884
2023-07-28,19.723175048828125,30.816551208496094,12.407872200012207,39.68290710449219,131.330322265625,19.827892303466797,6.041358470916748,329.927734375,23.46632957458496,46.60695266723633,45.087581634521484,22.140043258666992,31.350788116455078,58.6333122253418,43.722225189208984,10.273961067199707,37.16951370239258,120187.0,125.72005582861001
2023-07-31,20.102785110473633,30.971359252929688,12.804176330566406,39.43149948120117,131.468994140625,19.897363662719727,6.3225507736206055,327.538818359375,23.211450576782227,46.58601760864258,45.54684066772461,22.016883850097656,31.006271362304688,59.05500793457031,44.51868438720703,10.805685043334961,36.80076217651367,121943.0,125.78390653056424
2023-08-01,19.756546020507812,30.780120849609375,12.732120513916016,39.2586555480957,130.31002807617188,19.95829200744629,6.348113536834717,327.9483642578125,23.431171417236328,46.36469650268555,45.72655487060547,21.78951644897461,30.584239959716797,59.30099868774414,44.8057861328125,10.805685043334961,36.74544906616211,121248.0,125.84778966101298
2023-08-02,19.84414291381836,30.242835998535156,12.739324569702148,39.47078323364258,127.16987609863281,19.89573097229004,6.407760143280029,319.328857421875,23.756364822387695,44.133541107177734,45.17743682861328,21.827411651611328,30.23111343383789,59.43276596069336,44.35198211669922,11.085063934326172,36.90217208862305,120859.0,125.911705236426
2023-08-03,19.877517700195312,30.406755447387695,12.681682586669922,38.732269287109375,127.2392349243164,19.742795944213867,6.475927352905273,318.5098571777344,24.1518611907959,44.3787841796875,47.084373474121094,22.064254760742188,29.748796463012695,58.61574172973633,45.97270202636719,11.89616584777832,37.270912170410156,120586.0,125.9734485593228
2023-08-04,19.773231506347656,30.006067276000977,12.580803871154785,38.48086929321289,126.90243530273438,19.381309509277344,6.8423285484313965,319.6019287109375,24.23975372314453,44.54328536987305,47.493717193603516,21.988460540771484,30.050247192382812,58.87929916381836,46.556156158447266,12.049375534057617,37.65810012817383,119508.0,126.03522215929286
2023-08-07,19.739858627319336,30.431467056274414,12.595212936401367,37.978050231933594,130.29017639160156,19.228363037109375,6.893454551696777,321.87371826171875,23.94972038269043,45.27803039550781,47.733333587646484,22.016883850097656,29.82631492614746,58.32582092285156,46.78769302368164,11.887153625488281,37.731842041015625,119380.0,126.09702605118312
2023-08-08,19.60219383239746,30.42224884033203,12.832996368408203,38.02519607543945,130.1614227294922,19.18665313720703,6.7656402587890625,317.9150695800781,23.580583572387695,44.52733612060547,47.78325271606445,22.09267234802246,29.455961227416992,58.30824661254883,46.0745735168457,12.59912109375,37.482948303222656,119090.0,126.15886024984783
2023-08-09,19.493732452392578,30.348493576049805,13.005928993225098,38.15875244140625,128.4378204345703,19.11713981628418,6.646346569061279,314.1903076171875,23.77393913269043,42.423789978027344,48.0428352355957,22.6042537689209,29.232027053833008,58.17646789550781,45.65781784057617,12.581096649169922,37.593563079833984,118409.0,126.22072477014858
2023-08-10,19.593849182128906,30.283960342407227,13.04195499420166,38.2765998840332,128.46755981445312,19.179698944091797,6.714514255523682,314.8728942871094,23.299341201782227,42.25830078125,47.30402374267578,22.717937469482422,27.793678283691406,58.466392517089844,45.70412063598633,12.680232048034668,37.095760345458984,118350.0,126.28261962695413
2023-08-11,19.806602478027344,29.75848960876465,12.962696075439453,38.57514953613281,128.3387451171875,19.214460372924805,6.731555938720703,313.0008239746094,23.439964294433594,40.72998046875,48.28245162963867,21.600040435791016,27.087427139282227,58.51909255981445,46.46354293823242,12.752330780029297,36.69013595581055,118065.0,126.34454483514061
2023-08-14,19.610538482666016,30.090368270874023,12.660065650939941,38.65371322631836,130.09207153320312,18.93639373779297,6.578178882598877,315.95526123046875,23.404808044433594,43.6191291809082,48.512081146240234,21.637935638427734,26.605106353759766,56.46333312988281,47.15813446044922,11.860116958618164,36.23843002319336,116810.0,126.40650040959143
2023-08-15,19.506250381469727,29.306766510009766,12.818585395812988,37.95448684692383,128.55670166015625,18.832122802734375,6.544095516204834,313.8295593261719,23.41359519958496,43.80554962158203,46.74491882324219,21.80846405029297,26.484527587890625,57.09587860107422,46.3431510925293,11.742959022521973,36.27529525756836,116171.0,126.4684863651973
2023-08-16,19.67310905456543,28.66144371032715,12.818585395812988,37.93854522705078,127.48687744140625,18.818206787109375,6.4844489097595215,313.06744384765625,23.044462203979492,43.352943420410156,45.90626525878906,21.52425193786621,25.881624221801758,56.305198669433594,46.222755432128906,11.715921401977539,34.671268463134766,115592.0,126.53050271685619
2023-08-17,19.85666275024414,27.887062072753906,12.191706657409668,37.898685455322266,128.6953582763672,18.59576416015625,6.254382610321045,309.6280517578125,22.64017105102539,43.21138000488281,45.307228088378906,21.050565719604492,26.096946716308594,55.127967834472656,46.67655944824219,10.976917266845703,34.02595520019531,114982.0,126.59254947947348
2023-08-18,19.93592071533203,28.301910400390625,12.407872200012207,38.22553634643555,126.2585678100586,18.74175262451172,6.298615455627441,309.2372131347656,23.316919326782227,43.1665153503418,45.097564697265625,21.097936630249023,25.6146240234375,55.32123947143555,46.93586730957031,11.067039489746094,33.42673873901367,115409.0,126.65462666796172
2023-08-21,19.865007400512695,28.07143783569336,12.155680656433105,37.62763214111328,127.15997314453125,18.6652774810791,6.084376811981201,314.51361083984375,22.88626480102539,46.82329177856445,44.67823791503906,20.94635581970215,25.821332931518555,54.90833282470703,46.38019561767578,10.87778091430664,33.223941802978516,114429.0,126.7167342972409
2023-08-22,20.359771728515625,29.020978927612305,12.537569046020508,38.08203887939453,127.86328125,18.957252502441406,5.972972869873047,315.08026123046875,23.176298141479492,45.52826690673828,45.02767562866211,21.628461837768555,25.743820190429688,56.841102600097656,46.16718292236328,11.860116958618164,33.620338439941406,116156.0,126.77887238223826
2023-08-23,20.448902130126953,30.11802101135254,13.005928993225098,37.994346618652344,131.12229919433594,19.193613052368164,5.8787078857421875,319.5163879394531,23.202661514282227,46.97183609008789,45.77647399902344,22.073726654052734,25.8299503326416,58.33462142944336,45.824520111083984,13.058746337890625,33.60190200805664,118135.0,126.84104093788835
2023-08-24,20.18151092529297,30.062711715698242,12.969901084899902,37.93854522705078,128.55670166015625,18.971155166625977,5.818721294403076,312.64727783203125,23.123563766479492,47.0186882019043,45.986141204833984,21.91267204284668,25.54572105407715,57.57027816772461,45.70412063598633,13.73360824584961,33.16862106323242,117026.0,126.90323997913306
2023-08-25,19.918367385864258,29.684743881225586,12.270968437194824,37.4841423034668,128.65574645996094,18.672231674194336,5.570204257965088,315.58843994140625,22.53470802307129,45.877193450927734,46.315608978271484,21.457935333251953,25.15814781188965,55.356380462646484,46.213497161865234,13.181319236755371,33.51893615722656,115837.0,126.96546952092164
2023-08-28,20.491344451904297,29.91520881652832,12.242145538330078,37.49211502075195,129.77508544921875,19.304841995239258,5.767303943634033,316.2919616699219,22.745643615722656,46.69169616699219,46.61512756347656,21.552671432495117,25.097854614257812,55.22460174560547,46.58394241333008,13.254956245422363,33.75862121582031,117121.0,127.02772957821065
2023-08-29,20.605937957763672,30.551313400268555,12.170090675354004,37.850852966308594,133.30157470703125,19.61071014404297,6.384311199188232,320.8941650390625,22.745643615722656,48.63473129272461,45.77647399902344,21.666358947753906,25.459596633911133,55.909854888916016,47.37114715576172,12.34367847442627,33.638790130615234,118404.0,127.0900201659639
2023-08-30,20.308839797973633,30.293182373046875,12.155680656433105,37.25295639038086,134.59921264648438,19.235319137573242,6.3157548904418945,321.26544189453125,22.561073303222656,49.113250732421875,45.736541748046875,21.438989639282227,24.667213439941406,55.76050567626953,47.074790954589844,12.012304306030273,33.46361541748047,117535.0,127.1523412991527
2023-08-31,19.990516662597656,29.933645248413086,11.752171516418457,36.7507209777832,134.88644409179688,19.0684814453125,6.350032806396484,320.2590026855469,21.74370765686035,49.203983306884766,46.345558166503906,21.173725128173828,24.684438705444336,55.567230224609375,46.44502258300781,11.782184600830078,33.07644271850586,115742.0,127.21469299275556
2023-09-01,20.12633514404297,29.776926040649414,11.860254287719727,37.149322509765625,134.3812713623047,19.23379135131836,6.307185173034668,321.1384582519531,22.156787872314453,48.36056137084961,46.87471008300781,21.476882934570312,24.85669708251953,55.98892593383789,47.3248405456543,12.362088203430176,33.14097213745117,117893.0,127.27707526175844
2023-09-04,20.062673568725586,29.288326263427734,11.55041790008545,37.539939880371094,134.3812713623047,19.059890747070312,6.290046215057373,321.1384582519531,22.27104377746582,48.36056137084961,46.535255432128906,21.410568237304688,25.063404083251953,55.65508270263672,47.20444107055664,11.717750549316406,33.30690383911133,117777.0,127.33948812115455
2023-09-05,19.990516662597656,29.002544403076172,11.492773056030273,36.91016387939453,134.49024963378906,18.774681091308594,6.2814764976501465,325.91650390625,22.21830940246582,48.399452209472656,47.41384506225586,20.91793441772461,24.744728088378906,54.65355682373047,46.926605224609375,11.487629890441895,33.10409164428711,117331.0,127.40193158594452
2023-09-06,19.854700088500977,28.541597366333008,11.26219654083252,36.08905029296875,133.1925811767578,18.593820571899414,6.255768299102783,325.2618408203125,21.81401824951172,46.920867919921875,46.714969635009766,20.71898651123047,24.3916015625,53.2303352355957,46.17644500732422,11.598087310791016,32.77222442626953,115985.0,127.46440567113635
2023-09-07,19.854700088500977,28.541597366333008,11.26219654083252,36.08905029296875,133.9850311279297,18.593820571899414,6.255768299102783,322.35986328125,21.81401824951172,46.103302001953125,46.714969635009766,20.71898651123047,24.3916015625,53.2303352355957,46.17644500732422,11.598087310791016,32.77222442626953,115985.0,127.46440567113635
2023-09-08,19.7952823638916,28.265031814575195,11.35586929321289,36.25646209716797,135.094482421875,18.62165069580078,6.512854099273682,326.6200256347656,21.91948890686035,45.436302185058594,47.41384506225586,20.91793441772461,24.331310272216797,53.01948928833008,45.19475555419922,11.83741283416748,32.63394546508789,115313.0,127.5269103917453
2023-09-11,20.109359741210938,28.560035705566406,11.795406341552734,36.67100143432617,135.62939453125,19.094667434692383,6.392880916595459,330.20611572265625,22.121627807617188,45.04347229003906,47.63349151611328,20.974777221679688,25.304563522338867,53.80137634277344,46.2783203125,12.426523208618164,32.5233154296875,116883.0,127.58944576279411
2023-09-12,20.2180118560791,29.177701950073242,11.997159004211426,37.85882568359375,134.06427001953125,19.205970764160156,6.521423816680908,324.17718505859375,22.376508712768555,44.73638916015625,48.03285217285156,21.56214714050293,25.046178817749023,54.618412017822266,46.556156158447266,12.997221946716309,32.864410400390625,117968.0,127.65201179931283
2023-09-13,20.2009220123291,30.274749755859375,11.946721076965332,38.592247009277344,135.42138671875,19.30335235595703,6.410019874572754,328.3691101074219,22.596229553222656,45.34956741333008,48.12270736694336,22.09267234802246,25.29595184326172,55.28609848022461,46.537635803222656,12.555390357971191,34.044403076171875,118176.0,127.71460851633887
2023-09-14,20.256484985351562,30.97537612915039,11.708938598632812,38.71979904174805,136.79827880859375,19.22683334350586,6.324324607849121,330.9486389160156,23.009307861328125,45.445274353027344,49.171024322509766,22.680042266845703,24.667213439941406,54.3109245300293,47.44523239135742,12.481751441955566,33.26081848144531,119392.0,127.77723592891704
2023-09-15,20.324874877929688,30.237871170043945,11.672910690307617,40.61711883544922,136.1048583984375,19.185096740722656,6.212920188903809,322.66265869140625,22.14800262451172,43.7692756652832,49.32078170776367,22.585308074951172,24.787790298461914,52.975555419921875,48.64918899536133,12.15037727355957,33.27923583984375,118758.0,127.83989405209948
2023-09-18,20.239383697509766,29.730833053588867,11.773788452148438,40.03516387939453,136.90724182128906,19.13640594482422,6.110085964202881,321.52923583984375,21.998584747314453,43.8350830078125,48.08277130126953,22.490570068359375,24.43466567993164,52.676856994628906,48.20465087890625,12.362088203430176,32.99347686767578,118288.0,127.9025829009458
2023-09-19,20.209463119506836,28.94722557067871,11.651293754577637,39.62062454223633,136.73883056640625,19.0797176361084,6.358602523803711,321.1286315917969,22.068897247314453,43.39041519165039,48.63188934326172,22.500043869018555,23.94373321533203,52.62413787841797,48.88072204589844,12.214812278747559,33.16862106323242,117846.0,127.96530249052296
2023-09-20,20.38899040222168,28.6337890625,12.04759693145752,39.88370132446289,132.4793701171875,19.402864456176758,6.247198581695557,313.4289855957031,22.130416870117188,42.113224029541016,48.63188934326172,22.623201370239258,23.676734924316406,52.492366790771484,50.834842681884766,12.316064834594727,32.99347686767578,118695.0,128.02805283590524
2023-09-21,19.92307472229004,28.421756744384766,11.687320709228516,39.309715270996094,129.2104949951172,18.960289001464844,6.118655204772949,312.21734619140625,21.699766159057617,40.89485549926758,46.36552810668945,22.244253158569336,22.824060440063477,51.402976989746094,51.872093200683594,11.819003105163574,32.24676513671875,116145.0,128.0885832190055
2023-09-22,19.957273483276367,28.596912384033203,11.672910690307617,38.98286819458008,129.0222625732422,18.911115646362305,6.032959938049316,309.75506591796875,21.90190887451172,41.48609924316406,46.68501281738281,22.196884155273438,22.755157470703125,51.086708068847656,51.288639068603516,11.294328689575195,31.88723373413086,116009.0,128.14914222026562
2023-09-25,19.84186363220215,28.486284255981445,11.245484352111816,38.96692657470703,129.87413024902344,18.967309951782227,5.981542587280273,310.27288818359375,21.655818939208984,42.096282958984375,46.9046630859375,22.15898895263672,22.694868087768555,50.8407096862793,51.131202697753906,10.90772533416748,33.36460876464844,115925.0,128.2097298532159
2023-09-26,19.55975341796875,27.85018539428711,11.089193344116211,37.77113342285156,127.35810089111328,18.686321258544922,5.998681545257568,304.99652099609375,21.058170318603516,41.78620147705078,46.85474395751953,21.647411346435547,22.005844116210938,50.375099182128906,50.34400177001953,10.723627090454102,33.31843948364258,114193.0,128.27034613139318
2023-09-27,19.730728149414062,27.55518341064453,11.23060131072998,37.332679748535156,129.30950927734375,18.651185989379883,6.050098896026611,305.6316223144531,20.99665069580078,42.3415412902832,48.2225456237793,21.12635612487793,21.463232040405273,49.71619415283203,50.07542037963867,11.045797348022461,33.263031005859375,114327.0,128.33099106834064
2023-09-28,20.363346099853516,28.320344924926758,11.94507122039795,37.66749954223633,131.06283569335938,19.142932891845703,6.067237854003906,306.4621887207031,21.409826278686523,42.960693359375,47.16424560546875,21.58109474182129,21.48045539855957,50.60621643066406,49.853153228759766,11.404786109924316,33.60470962524414,115731.0,128.39166467760782
2023-09-29,20.16672134399414,28.64300537109375,12.101361274719238,37.26890182495117,129.62652587890625,19.114830017089844,6.110085964202881,308.52386474609375,21.782169342041016,43.36946487426758,46.964569091796875,21.618988037109375,21.88526153564453,51.88201141357422,50.2699089050293,12.085944175720215,33.493896484375,116565.0,128.45236697275072
2023-10-02,20.11115074157715,28.23737907409668,12.019493103027344,36.67100143432617,132.9053192138672,18.937450408935547,6.152933120727539,314.4353942871094,21.578269958496094,44.648658752441406,45.32719802856445,21.258987426757812,21.43739128112793,50.05693054199219,50.21433639526367,11.883437156677246,33.38307571411133,115057.0,128.51309796733176
2023-10-03,19.854686737060547,27.7303409576416,11.699471473693848,35.76219940185547,131.1817169189453,18.698440551757812,6.075807571411133,306.2178649902344,21.00202178955078,43.387420654296875,45.097564697265625,20.529512405395508,20.85171890258789,48.81658172607422,51.19602584838867,11.524450302124023,32.478084564208984,113419.0,128.57385767491976
2023-10-04,20.00429344177246,28.421756744384766,11.70691204071045,35.913665771484375,133.9652557373047,19.127246856689453,5.9129862785339355,311.660400390625,21.36549949645996,43.90985870361328,43.82960510253906,20.576881408691406,21.13594627380371,49.20640182495117,50.93671417236328,11.634906768798828,32.46885681152344,113607.0,128.63464610908989
2023-10-05,20.06413459777832,28.40331268310547,11.424101829528809,35.29185485839844,133.7968292236328,19.42951774597168,5.8787078857421875,312.0511779785156,21.3477725982666,44.554935455322266,43.6399040222168,20.44424819946289,20.90339469909668,49.170963287353516,51.17750549316406,10.585556030273438,32.302635192871094,113284.0,128.69546328342378
2023-10-06,20.88054847717285,28.513944625854492,11.312464714050293,35.020809173583984,136.28317260742188,19.612281799316406,5.8787078857421875,319.7704772949219,21.64032745361328,45.62574005126953,44.46857452392578,20.643198013305664,20.877553939819336,48.338157653808594,52.04806137084961,10.079290390014648,32.136409759521484,114170.0,128.75630921150955
2023-10-09,20.7694149017334,28.292688369750977,11.394331932067871,35.39548873901367,137.11526489257812,19.443567276000977,5.887277603149414,322.2718811035156,22.119054794311523,45.13819122314453,48.37230682373047,20.90846061706543,21.101491928100586,48.462188720703125,52.51112365722656,10.429073333740234,32.18257522583008,115156.0,128.81718390694164
2023-10-10,20.735218048095703,28.66144371032715,11.833434104919434,36.152828216552734,136.7586669921875,19.422487258911133,6.041529655456543,320.8746032714844,22.553457260131836,45.66162872314453,48.17262649536133,21.72319984436035,21.661327362060547,49.67596435546875,52.27959442138672,10.714424133300781,32.59813690185547,116737.0,128.87808738332097
2023-10-11,20.931842803955078,29.398956298828125,11.416659355163574,36.28037643432617,139.2251739501953,19.668514251708984,6.007251262664795,324.8123474121094,22.63324737548828,46.66661834716797,47.52366638183594,21.855833053588867,20.937847137451172,49.250701904296875,52.46481704711914,10.208158493041992,32.478084564208984,117051.0,128.9390196542549
2023-10-12,20.931842803955078,29.398956298828125,11.416659355163574,36.28037643432617,137.6600799560547,19.668514251708984,6.007251262664795,323.5812072753906,22.63324737548828,46.805213928222656,47.52366638183594,21.855833053588867,20.937847137451172,49.250701904296875,52.46481704711914,10.208158493041992,32.478084564208984,117051.0,128.9390196542549
2023-10-13,20.86772346496582,28.541597366333008,11.22315502166748,34.93311309814453,136.06524658203125,19.464658737182617,5.870138168334961,320.2297058105469,22.393882751464844,45.32563018798828,49.91981887817383,21.315832138061523,19.688983917236328,47.65597152709961,54.23371124267578,9.950423240661621,31.896305084228516,115754.0,128.99998073335726
2023-10-16,21.290895462036133,28.421756744384766,11.238040924072266,35.14038848876953,137.78883361816406,19.492780685424805,5.9301252365112305,325.02740478515625,22.393882751464844,45.95774459838867,49.72013854980469,21.37267303466797,20.067949295043945,47.26613998413086,53.13161849975586,10.180543899536133,31.997888565063477,116534.0,129.06097063424815
2023-10-17,21.09854507446289,27.87784194946289,10.903131484985352,34.82948303222656,138.4030303955078,19.204565048217773,5.698747634887695,324.46063232421875,21.91514778137207,43.80716323852539,50.11949920654297,20.756881713867188,19.99384307861328,46.94719314575195,53.22423553466797,10.355435371398926,31.656204223632812,115908.0,129.1219893705543
2023-10-18,20.995954513549805,27.075801849365234,10.63520622253418,34.82948303222656,136.65957641601562,18.80389404296875,5.6130523681640625,322.5552062988281,21.10840606689453,42.07034683227539,50.11949920654297,20.178983688354492,19.655254364013672,45.24614715576172,51.936927795410156,9.729506492614746,31.66544532775879,114060.0,129.1830369559088
2023-10-19,21.158388137817383,26.974393844604492,10.769168853759766,35.9694709777832,136.4515838623047,19.021808624267578,5.433091640472412,323.737548828125,21.46302032470703,41.97564697265625,49.949771881103516,20.529512405395508,20.054611206054688,45.24614715576172,51.84431457519531,9.69268798828125,31.34223175048828,114004.0,129.24411340395116
2023-10-20,21.089996337890625,26.94673728942871,10.575664520263672,36.06513595581055,134.32183837890625,18.95150375366211,5.415952682495117,319.19403076171875,21.489614486694336,41.263763427734375,49.62030029296875,20.434776306152344,20.28901481628418,45.18412780761719,50.8441047668457,9.57302474975586,31.22217559814453,113155.0,129.30521872832742
2023-10-23,21.060077667236328,27.988468170166016,11.01476764678955,36.264434814453125,135.2133331298828,18.972599029541016,5.450230598449707,321.7832946777344,22.092458724975586,42.84703063964844,48.761680603027344,21.249515533447266,20.757829666137695,45.822021484375,50.381046295166016,10.088495254516602,31.305288314819336,112785.0,129.36635294268996
2023-10-24,20.961759567260742,28.449411392211914,11.185943603515625,36.25646209716797,137.5015869140625,18.972599029541016,5.510217189788818,322.9656677246094,22.68643569946289,43.53298568725586,48.771663665771484,21.060039520263672,20.44528579711914,46.610530853271484,48.630672454833984,10.14372444152832,32.3303337097168,113762.0,129.4275160606977
2023-10-25,20.96603775024414,28.44019317626953,10.918017387390137,36.39198303222656,124.4260025024414,19.00774574279785,5.4416608810424805,332.87359619140625,22.27863121032715,41.65459060668945,48.28245162963867,20.88951301574707,19.351398468017578,45.503074645996094,48.71402359008789,9.821555137634277,29.061283111572266,112830.0,129.488708096016
2023-10-26,21.402027130126953,28.689102172851562,11.587834358215332,37.94651412963867,121.12738800048828,19.478721618652344,5.5787739753723145,320.3860168457031,22.819416046142578,40.2059211730957,47.92302703857422,21.571619033813477,19.872297286987305,46.2827262878418,48.815895080566406,10.778858184814453,30.16020393371582,114777.0,129.54992906231672
2023-10-27,20.85917854309082,27.87784194946289,11.31990909576416,37.34861755371094,121.01841735839844,19.19051170349121,5.46737003326416,322.2621154785156,22.28749656677246,40.379398345947266,47.693397521972656,20.93688201904297,19.229854583740234,44.68798828125,48.08425521850586,10.539531707763672,29.20903968811035,113301.0,129.6111789732781
2023-10-30,20.713844299316406,27.250957489013672,10.992441177368164,36.76667022705078,123.2868423461914,19.035863876342773,5.381674766540527,329.5904541015625,21.684650421142578,41.03843688964844,46.2856559753418,20.86109161376953,18.899948120117188,44.57281494140625,47.834205627441406,10.300206184387207,29.82775115966797,112532.0,129.67245784258486
2023-10-31,20.666826248168945,27.287830352783203,10.970113754272461,37.15728759765625,122.91041564941406,18.853092193603516,5.535926342010498,330.37213134765625,21.93288230895996,40.658565521240234,47.62350845336914,21.135828018188477,18.769729614257812,45.068946838378906,47.76011657714844,10.438279151916504,30.483409881591797,113144.0,129.73376568392823
2023-11-01,20.68819808959961,27.23252296447754,11.163617134094238,38.1617546081543,125.2580795288086,19.118732452392578,5.570204257965088,338.1499328613281,22.110193252563477,42.19896697998047,47.992916107177734,21.78951644897461,19.941749572753906,45.99921798706055,47.64897918701172,10.92613410949707,30.54805564880371,115053.0,129.79510251100592
2023-11-02,20.68819808959961,27.23252296447754,11.163617134094238,38.1617546081543,126.28827667236328,19.118732452392578,5.570204257965088,340.3484802246094,22.110193252563477,43.37644958496094,47.992916107177734,21.78951644897461,19.941749572753906,45.99921798706055,47.64897918701172,10.92613410949707,30.54805564880371,115053.0,129.79510251100592
2023-11-03,21.414854049682617,29.472705841064453,11.907858848571777,38.58427429199219,127.88309478759766,19.646297454833984,5.775873184204102,344.72589111328125,22.946603775024414,44.87099075317383,48.12270736694336,21.91267204284668,21.23531723022461,48.55964660644531,47.38040542602539,11.671727180480957,30.96360969543457,118160.0,129.85417615601176
2023-11-06,21.564455032348633,29.693958282470703,11.848319053649902,38.831398010253906,129.0222625732422,19.829187393188477,6.272907257080078,348.37066650390625,22.946603775024414,45.614768981933594,47.93301010131836,21.91267204284668,20.40187644958496,47.85087966918945,48.05647659301758,11.616497039794922,30.668106079101562,118487.0,129.91327668720564
2023-11-07,21.808101654052734,30.200990676879883,12.160900115966797,38.743709564208984,129.7354736328125,20.384885787963867,6.564271450042725,352.2790832519531,23.528095245361328,45.81816482543945,46.74491882324219,21.69477653503418,21.382904052734375,49.02920150756836,48.21391677856445,11.883437156677246,30.271015167236328,119268.0,129.97240411682426
2023-11-08,22.085935592651367,30.96615982055664,11.833434104919434,38.321197509765625,130.59727478027344,20.4763240814209,6.435728549957275,354.8879699707031,23.465473175048828,46.4353141784668,45.407066345214844,21.457935333251953,21.530494689941406,49.170963287353516,49.53826904296875,11.809798240661621,29.966279983520508,119099.0,130.03155845710995
2023-11-09,21.162660598754883,30.053491592407227,11.80366325378418,38.15378952026367,129.01235961914062,20.567766189575195,6.427158832550049,352.4353942871094,23.09868812561035,46.81019592285156,44.65827178955078,21.647411346435547,20.783872604370117,48.9494743347168,49.482704162597656,12.564595222473145,29.92933464050293,119012.0,130.09073972031052
2023-11-10,21.474695205688477,31.34413719177246,12.27997875213623,39.907615661621094,131.34019470214844,20.813962936401367,6.512854099273682,361.2098693847656,23.2418212890625,48.191070556640625,46.39548110961914,21.874778747558594,21.382904052734375,50.216400146484375,50.603309631347656,12.629029273986816,30.631166458129883,120636.0,130.14994791867943
2023-11-13,21.393478393554688,30.781784057617188,12.428827285766602,40.13880157470703,130.84490966796875,20.673280715942383,6.478576183319092,358.2882995605469,23.179203033447266,48.47522735595703,46.22575378417969,21.600040435791016,20.948820114135742,48.993770599365234,50.103206634521484,12.518570899963379,30.215614318847656,120376.0,130.20918306447567
2023-11-14,21.49606704711914,31.454755783081055,12.585115432739258,41.039634704589844,132.36048889160156,20.982776641845703,6.7699408531188965,361.796142578125,23.51020622253418,49.50813674926758,46.914649963378906,22.177936553955078,21.990619659423828,52.2718391418457,48.62141036987305,12.49095630645752,30.89896583557129,123328.0,130.2684451699638
2023-11-15,21.49606704711914,31.454755783081055,12.585115432739258,41.039634704589844,133.35105895996094,20.982776641845703,6.7699408531188965,361.94305419921875,23.51020622253418,48.742427825927734,46.914649963378906,22.177936553955078,21.990619659423828,52.2718391418457,48.62141036987305,12.49095630645752,30.89896583557129,123328.0,130.2684451699638
2023-11-16,21.491788864135742,31.371788024902344,12.629772186279297,41.49403381347656,135.63929748535156,21.320419311523438,7.189848899841309,368.30718994140625,24.225889205932617,49.33265686035156,45.25730895996094,22.367412567138672,22.476791381835938,53.95517349243164,49.45492172241211,12.822330474853516,30.91744041442871,124576.0,130.327734247414
2023-11-17,21.65422248840332,30.754131317138672,12.436269760131836,41.60564422607422,134.03457641601562,21.418895721435547,7.044166564941406,362.1192626953125,24.011180877685547,49.15121078491211,46.40546417236328,22.026357650756836,21.88644027709961,53.8665657043457,49.02890396118164,12.555390357971191,30.714275360107422,125062.0,130.38705030910202
2023-11-20,21.769628524780273,30.59740447998047,12.361845970153809,40.983829498291016,134.96571350097656,21.629919052124023,7.087014198303223,369.5506591796875,24.288509368896484,50.2588996887207,47.45378112792969,22.32004165649414,22.563608169555664,53.93744659423828,48.99186325073242,12.941993713378906,30.91744041442871,126095.0,130.44639336730918
2023-11-21,21.923507690429688,30.09958839416504,12.026935577392578,40.7845344543457,135.67892456054688,21.59475326538086,7.224126815795898,365.2719421386719,24.046966552734375,49.795284271240234,47.90305709838867,21.69477653503418,22.242387771606445,53.1932373046875,49.065948486328125,12.270040512084961,31.083667755126953,125607.0,130.50576343432246
2023-11-22,21.735435485839844,30.726470947265625,11.922743797302246,41.270816802978516,137.18460083007812,21.728397369384766,7.626894950866699,369.9520263671875,23.948558807373047,48.57093048095703,47.16424560546875,21.476882934570312,22.450748443603516,53.33498764038086,49.482704162597656,11.966279983520508,31.489986419677734,126035.0,130.56516052243433
2023-11-23,21.808101654052734,31.06757354736328,12.131131172180176,41.653472900390625,137.18460083007812,21.700258255004883,7.721160411834717,369.9520263671875,24.4942684173584,48.57093048095703,47.16424560546875,21.704252243041992,22.66779136657715,53.79568862915039,49.82536697387695,12.104352951049805,31.453048706054688,126576.0,130.62458464394288
2023-11-24,21.782451629638672,30.791000366210938,11.870646476745605,41.366485595703125,135.40155029296875,21.580686569213867,7.815424919128418,369.5408020019531,24.34218406677246,47.633731842041016,47.13429260253906,21.37267303466797,22.37261199951172,52.98059844970703,49.519752502441406,12.104352951049805,31.139074325561523,125542.0,130.6840358111519
2023-11-27,22.184246063232422,31.205852508544922,12.183228492736816,41.70131301879883,135.1241912841797,21.524404525756836,7.969676971435547,370.6961364746094,23.9306697845459,48.098350524902344,46.14588165283203,21.382144927978516,22.80669593811035,52.2718391418457,49.77906799316406,12.104352951049805,31.526926040649414,125683.0,130.7435140363706
2023-11-28,22.50482940673828,31.34413719177246,12.607443809509277,41.7252197265625,135.90673828125,21.735429763793945,8.50955867767334,374.7007141113281,24.002235412597656,47.6786003112793,46.016090393066406,21.486356735229492,23.041099548339844,52.324989318847656,49.40861511230469,12.58300495147705,31.739320755004883,126538.0,130.803019331914
2023-11-29,22.53902244567871,31.98945426940918,12.503250122070312,41.581729888916016,133.71755981445312,21.883146286010742,8.91232681274414,370.93115234375,24.073806762695312,47.99665451049805,45.83638000488281,21.69477653503418,22.641742706298828,52.475608825683594,50.24212646484375,12.352883338928223,31.517688751220703,126101.0,130.86255171010254
2023-11-30,23.19728660583496,32.763832092285156,13.009330749511719,42.07598876953125,131.28076171875,22.22079086303711,8.329598426818848,370.9898376464844,24.32429313659668,46.630733489990234,45.856346130371094,21.69477653503418,23.093191146850586,53.1932373046875,49.806846618652344,12.684257507324219,31.573097229003906,127331.0,130.92211118326233
2023-12-01,23.244304656982422,32.46883773803711,13.336799621582031,42.30717849731445,130.61708068847656,22.169862747192383,8.6038236618042,366.6818542480469,24.80738067626953,46.62574768066406,44.49852752685547,21.571619033813477,23.770355224609375,53.81340789794922,47.93607711791992,12.224016189575195,32.11792755126953,128103.0,130.98169776372518
2023-12-04,23.154541015625,32.247581481933594,12.815832138061523,42.05207061767578,128.051513671875,22.198020935058594,8.50955867767334,361.424072265625,24.72686767578125,45.37447738647461,44.14908981323242,21.391620635986328,23.153963088989258,53.733673095703125,47.9638671875,11.460014343261719,32.09946823120117,126803.0,131.04131146382835
2023-12-05,23.154541015625,32.2948112487793,12.644048690795898,42.17164993286133,129.7552947998047,22.381010055541992,8.166776657104492,364.73345947265625,24.700031280517578,46.43141555786133,43.090789794921875,21.27793312072754,23.327592849731445,53.8665657043457,47.64897918701172,12.012304306030273,32.59813690185547,126903.0,131.10095229591488
2023-12-06,22.658710479736328,31.8029727935791,12.416229248046875,42.068016052246094,128.79441833496094,22.18394660949707,8.08108139038086,361.0911865234375,24.395862579345703,45.371490478515625,41.3735466003418,21.363197326660156,23.153963088989258,54.10578536987305,47.297054290771484,12.435728073120117,32.681243896484375,125623.0,131.16062027233332
2023-12-07,23.026308059692383,31.580244064331055,12.583297729492188,41.71725082397461,135.63929748535156,22.430269241333008,7.96110725402832,363.1962890625,24.6821346282959,46.46133804321289,42.35197448730469,21.211618423461914,22.832738876342773,54.47788619995117,47.14887237548828,12.978813171386719,32.65354919433594,126010.0,131.22031540543787
2023-12-08,23.27422523498535,31.895771026611328,12.598484992980957,41.57375717163086,133.71755981445312,22.714006423950195,8.166776657104492,366.4076843261719,24.63740348815918,47.36870574951172,44.47855758666992,21.003198623657227,23.006370544433594,54.11463165283203,48.11880874633789,13.457463264465332,31.997888565063477,127094.0,131.28003770758835
2023-12-11,23.26995277404785,32.03497314453125,12.507356643676758,41.254878997802734,132.03358459472656,22.557954788208008,8.183916091918945,363.5389404296875,24.717918395996094,46.49224853515625,44.60835266113281,20.984249114990234,22.798015594482422,54.158935546875,48.71590805053711,13.024836540222168,32.2010498046875,126916.0,131.3397871911502
2023-12-12,22.58271026611328,31.886493682861328,12.636453628540039,41.30270767211914,131.2708740234375,22.444448471069336,8.192485809326172,366.5545654296875,24.673189163208008,47.51927185058594,43.72976303100586,21.154775619506836,23.21472930908203,53.61849594116211,48.298885345458984,13.098474502563477,32.34880065917969,126403.0,131.39956386849448
2023-12-13,22.789180755615234,33.20426940917969,13.426233291625977,41.788997650146484,131.32040405273438,23.12544822692871,8.406723976135254,366.5447998046875,25.147329330444336,47.94902801513672,45.22735595703125,21.16425132751465,24.551706314086914,55.744808197021484,49.14241027832031,13.356210708618164,33.29996871948242,129465.0,131.45936775199797
2023-12-14,22.939729690551758,34.18796157836914,13.669242858886719,41.21501541137695,130.69631958007812,23.316974639892578,8.261041641235352,358.2811584472656,25.693037033081055,48.21026611328125,47.279998779296875,21.74214744567871,24.74270248413086,57.862266540527344,49.67317199707031,13.705994606018066,33.5215950012207,130842.0,131.51686676485903
2023-12-15,23.490320205688477,33.863155364990234,13.016157150268555,40.25838088989258,131.35011291503906,23.217666625976562,7.849703311920166,362.98089599609375,25.871959686279297,48.74870681762695,46.25,21.618988037109375,24.334667205810547,56.737091064453125,49.881683349609375,13.604740142822266,33.27225875854492,130197.0,131.57439092721333
2023-12-18,23.507524490356445,34.33644485473633,12.985779762268066,40.95991516113281,134.51995849609375,23.331161499023438,7.901120662689209,364.8607177734375,25.68408966064453,49.932273864746094,46.099998474121094,21.041091918945312,24.777427673339844,57.029457092285156,49.80585861206055,13.742813110351562,33.34809112548828,131084.0,131.631940250061
2023-12-19,23.593547821044922,34.39212417602539,13.373077392578125,41.57375717163086,135.36192321777344,23.345354080200195,7.892550945281982,365.4580383300781,25.77355194091797,49.46063995361328,46.709999084472656,21.221092224121094,24.65041160583496,57.01173782348633,50.20392990112305,13.954524040222168,33.6996955871582,131851.0,131.68951474440698
2023-12-20,23.318260192871094,33.993072509765625,13.441422462463379,41.08746337890625,137.0360107421875,23.104162216186523,8.218194007873535,362.87310791015625,25.675146102905273,47.971954345703125,45.540000915527344,21.410568237304688,24.064952850341797,56.00174331665039,51.085365295410156,13.945319175720215,33.45912170410156,130804.0,131.74711442126105
2023-12-21,23.352672576904297,34.020912170410156,13.41864013671875,41.0236930847168,139.0963897705078,23.26022720336914,8.3895845413208,365.7321472167969,25.80933952331543,48.848411560058594,45.15999984741211,21.618988037109375,24.38826560974121,57.17121505737305,51.60663986206055,13.613945007324219,33.67194366455078,132182.0,131.8047392916378
2023-12-22,23.417190551757812,34.15083694458008,13.373077392578125,41.3824348449707,140.15631103515625,23.629100799560547,8.406723976135254,366.7503662109375,25.56779670715332,48.688873291015625,45.369998931884766,21.69477653503418,24.632936477661133,57.16234588623047,52.071048736572266,13.37462043762207,33.78297805786133,132753.0,131.86238936655656
2023-12-26,23.632265090942383,34.60556411743164,13.373077392578125,42.211509704589844,140.18605041503906,23.870281219482422,8.381014823913574,366.8287353515625,25.47833251953125,49.1365852355957,45.91999816894531,21.704252243041992,24.729053497314453,56.878841400146484,52.33643341064453,13.27336597442627,33.9772834777832,133533.0,131.92006465704162
2023-12-27,23.597854614257812,34.85613250732422,13.479390144348145,42.76955032348633,139.04685974121094,24.03343391418457,8.372446060180664,366.2510681152344,25.433603286743164,49.27418518066406,45.939998626708984,21.78951644897461,25.20965003967285,56.7445182800293,52.649200439453125,13.39302921295166,34.08833312988281,134194.0,131.97776517412197
2023-12-28,23.82583236694336,34.90253448486328,13.661649703979492,42.913047790527344,138.90818786621094,24.097280502319336,8.312458992004395,367.43572998046875,25.594797134399414,49.37887954711914,46.04999923706055,21.74214744567871,25.131010055541992,56.7445182800293,52.72502517700195,13.650765419006348,34.15310287475586,134185.0,132.03549092883148
2023-12-29,23.82583236694336,34.90253448486328,13.661649703979492,42.913047790527344,138.37327575683594,24.097280502319336,8.312458992004395,368.179931640625,25.594797134399414,49.37887954711914,46.04999923706055,21.74214744567871,25.131010055541992,56.7445182800293,52.72502517700195,13.650765419006348,34.15310287475586,134185.0,132.09324193220888
2024-01-02,23.55483627319336,34.54988098144531,13.319918632507324,42.3931770324707,136.86761474609375,23.790430068969727,8.269610404968262,363.117919921875,25.09947395324707,48.02879333496094,45.349998474121094,21.07898712158203,24.239715576171875,54.65674591064453,52.26061248779297,13.024836540222168,33.838504791259766,132697.0,132.1510181952976
2024-01-03,23.57634735107422,33.90955352783203,13.023751258850098,42.490657806396484,137.61053466796875,23.527820587158203,8.235332489013672,362.8536071777344,25.26157569885254,47.431522369384766,46.880001068115234,21.202144622802734,24.02126121520996,54.33555221557617,52.55442428588867,12.058330535888672,34.09757995605469,132834.0,132.20881972914606
2024-01-04,23.326862335205078,33.50724792480469,12.75795841217041,42.19823455810547,135.10438537597656,23.37167739868164,8.029664039611816,360.24920654296875,25.03643226623535,47.85928726196289,46.41999816894531,21.221092224121094,23.802804946899414,53.20244216918945,51.7582893371582,10.74203872680664,33.64418411254883,131226.0,132.2666465448074
2024-01-05,23.606456756591797,34.2247314453125,12.932622909545898,42.563758850097656,134.4506072998047,23.918176651000977,8.11535930633545,360.06317138671875,25.153507232666016,48.955108642578125,46.08000183105469,21.457935333251953,24.466907501220703,53.978675842285156,51.22753143310547,10.705218315124512,33.28331756591797,132023.0,132.32449865333965
2024-01-08,23.808622360229492,35.32424545288086,13.464205741882324,43.53850555419922,137.5312957763672,23.66267204284668,8.141067504882812,366.8580627441406,25.3786563873291,52.10197830200195,45.75,22.395832061767578,25.235870361328125,56.0307502746582,51.89097213745117,11.036592483520508,33.36659240722656,132427.0,132.38237606580566
2024-01-09,23.451602935791016,35.20310592651367,13.433829307556152,44.1477165222168,139.62142944335938,23.64847755432129,8.149637222290039,367.9350891113281,25.648832321166992,52.986427307128906,46.279998779296875,22.263198852539062,24.930034637451172,55.50434494018555,51.25596237182617,10.134519577026367,32.543060302734375,131447.0,132.44027879327308
2024-01-10,23.41288948059082,35.18447494506836,13.57051944732666,44.220821380615234,140.9388427734375,23.62718391418457,8.11535930633545,374.7691955566406,25.567779541015625,54.192928314208984,44.349998474121094,22.556884765625,24.8426513671875,56.20918655395508,50.96215057373047,10.254182815551758,32.681861877441406,130841.0,132.49820684681447
2024-01-11,23.572046279907227,34.93288803100586,13.357888221740723,43.53038024902344,140.74075317382812,23.669775009155273,7.978246688842773,376.59033203125,25.937023162841797,54.66355895996094,45.5,21.893726348876953,24.510597229003906,54.43368911743164,51.331783294677734,9.490181922912598,32.21921157836914,130649.0,132.5561602375072
2024-01-12,23.70969581604004,35.724918365478516,13.509766578674316,43.457275390625,141.30538940429688,23.698156356811523,8.192485809326172,380.35003662109375,26.153165817260742,54.551883697509766,46.08000183105469,22.234777450561523,24.67662239074707,54.424774169921875,50.782073974609375,9.315290451049805,32.08041000366211,130988.0,132.61413897643354
2024-01-15,24.17424964904785,35.846046447753906,13.479390144348145,43.87154006958008,141.30538940429688,23.740739822387695,8.226763725280762,380.35003662109375,25.80193328857422,54.551883697509766,47.06999969482422,22.064254760742188,24.77274513244629,54.58537292480469,51.04745101928711,9.333699226379395,31.756553649902344,131521.0,132.67214307468043
2024-01-16,24.036602020263672,35.25901794433594,13.509766578674316,43.00239181518555,141.1468963623047,23.40717124938965,8.02109432220459,382.1124267578125,25.198537826538086,56.219051361083984,45.880001068115234,21.571619033813477,23.96883201599121,53.78238296508789,50.15653610229492,9.324494361877441,31.099586486816406,129294.0,132.73017254333988
2024-01-17,24.083919525146484,34.43903732299805,13.950223922729492,42.89679718017578,140.1365203857422,23.421358108520508,7.9268293380737305,381.3291015625,25.09046745300293,55.89101028442383,45.04999923706055,20.86109161376953,23.531923294067383,54.371238708496094,49.948028564453125,9.23244571685791,30.905269622802734,128524.0,132.78822739350863
2024-01-18,23.804319381713867,34.0570068359375,13.737590789794922,40.60615539550781,142.12754821777344,23.321996688842773,7.798286437988281,385.6371765136719,24.829296112060547,56.94195556640625,44.7599983215332,20.624250411987305,23.400848388671875,52.9615478515625,48.8391227722168,8.790614128112793,30.664690017700195,127316.0,132.8463076362883
2024-01-19,24.053810119628906,34.30858612060547,13.965410232543945,40.28936004638672,145.00022888183594,23.378774642944336,7.9268293380737305,390.33685302734375,24.883329391479492,59.319068908691406,44.61000061035156,21.221092224121094,23.287250518798828,53.612857818603516,49.09502410888672,9.039144515991211,30.97929573059082,127636.0,132.90441328278533
2024-01-22,23.8946533203125,34.345863342285156,13.9957857131958,40.26499557495117,144.61392211914062,22.995519638061523,7.866842746734619,388.2220153808594,24.496078491210938,59.481597900390625,44.15999984741211,21.107410430908203,23.129966735839844,52.38160705566406,48.97180938720703,8.983916282653809,30.886760711669922,126602.0,132.9625443441111
2024-01-23,24.32050323486328,34.70926284790039,14.086913108825684,40.87420654296875,145.65399169921875,23.10198211669922,8.012524604797363,390.5620422363281,24.964385986328125,59.69996643066406,44.33000183105469,21.732675552368164,23.70668601989746,52.83664321899414,49.379356384277344,9.057554244995117,31.247634887695312,128263.0,133.0207008313818
2024-01-24,24.367816925048828,34.83039093017578,13.821123123168945,40.053802490234375,147.29833984375,22.995519638061523,8.252471923828125,394.14556884765625,24.64017105102539,61.18466567993164,44.599998474121094,21.32530403137207,23.925140380859375,52.310237884521484,49.1613655090332,9.09437370300293,30.97004508972168,127816.0,133.07888275571844
2024-01-25,24.33770751953125,34.476318359375,14.018568992614746,40.687381744384766,150.43844604492188,22.945833206176758,8.346736907958984,396.4073181152344,24.991403579711914,61.438926696777344,44.79999923706055,21.268463134765625,23.741640090942383,52.069339752197266,49.14241027832031,9.812350273132324,30.7664737701416,128169.0,133.13709012824697
2024-01-26,24.505464553833008,34.513587951660156,14.010974884033203,40.53304672241211,150.75546264648438,23.286516189575195,8.346736907958984,395.48687744140625,25.387664794921875,60.8546142578125,45.689998626708984,21.448461532592773,24.082427978515625,50.1778564453125,50.14706039428711,9.54541015625,30.69245147705078,128967.0,133.19532296009817
2024-01-29,24.311901092529297,34.15950012207031,14.048944473266602,41.06915283203125,152.06301879882812,23.165855407714844,8.11535930633545,401.1558532714844,25.351638793945312,62.28446578979492,44.7599983215332,21.656885147094727,23.70668601989746,49.4730110168457,48.147239685058594,9.324494361877441,30.7664737701416,128503.0,133.25358126240772
2024-01-30,24.187156677246094,33.45133972167969,13.9957857131958,40.85795974731445,150.0323486328125,23.016807556152344,7.875411510467529,400.0494689941406,25.10848045349121,62.59257888793945,44.09000015258789,21.438989639282227,23.199871063232422,48.616485595703125,49.379356384277344,8.937891006469727,30.525897979736328,127402.0,133.31186504631606
2024-01-31,24.281784057617188,33.56315231323242,14.048944473266602,41.10976791381836,138.7794189453125,23.26521873474121,8.063941955566406,389.2696533203125,25.09046745300293,61.349185943603516,43.93000030517578,21.846355438232422,23.724163055419922,48.28636932373047,48.92442321777344,9.168011665344238,29.924440383911133,127752.0,133.3701743229687
2024-02-01,24.83667755126953,34.178138732910156,14.048944473266602,41.507789611816406,139.82945251464844,23.213844299316406,7.883981227874756,395.34002685546875,25.117481231689453,62.8448486328125,43.150001525878906,21.80846405029297,23.383373260498047,48.60756301879883,48.43157196044922,9.140398025512695,30.192781448364258,128481.0,133.4261324470094
2024-02-02,24.828075408935547,34.16881561279297,13.843903541564941,41.24785614013672,141.03794860839844,23.249347686767578,7.798286437988281,402.62457275390625,24.550111770629883,65.96879577636719,42.45000076293945,21.637935638427734,23.304733276367188,47.786739349365234,48.65904235839844,8.809024810791016,30.155776977539062,127182.0,133.48211404940017
2024-02-05,25.094764709472656,34.45767593383789,13.942626953125,41.08539962768555,142.32568359375,23.689624786376953,7.789716720581055,397.17095947265625,24.67619514465332,69.13162231445312,42.04999923706055,21.476882934570312,23.427064895629883,47.947330474853516,49.04763412475586,8.670951843261719,30.775728225708008,127593.0,133.5381191399919
2024-02-06,25.636749267578125,34.988800048828125,14.261574745178223,42.64499282836914,142.74171447753906,24.70509910583496,8.02109432220459,397.0142822265625,24.94637107849121,68.02583312988281,43.599998474121094,21.33477783203125,24.292144775390625,47.0105094909668,50.9052848815918,8.974711418151855,30.75722885131836,130416.0,133.59414772863946
2024-02-07,25.56792449951172,35.762184143066406,14.542555809020996,42.45003890991211,144.1681365966797,24.52756690979004,8.12392807006836,405.3953857421875,25.09947395324707,69.89641571044922,43.970001220703125,22.225305557250977,24.449434280395508,47.75104904174805,50.895809173583984,9.186421394348145,31.118093490600586,129608.0,133.65019982520195
2024-02-08,25.18079376220703,34.78380584716797,14.405861854553223,41.637752532958984,144.53466796875,24.044679641723633,7.909689903259277,405.4540710449219,24.541107177734375,69.43973541259766,43.400001525878906,22.31056785583496,24.03873634338379,46.974830627441406,50.65886306762695,8.937891006469727,31.275392532348633,128217.0,133.70627543954262
2024-02-09,24.763551712036133,35.00743103027344,13.988190650939941,41.775848388671875,147.59555053710938,24.350038528442383,7.71259069442749,411.7594909667969,23.802621841430664,71.9245376586914,42.36000061035156,22.822147369384766,24.292144775390625,46.840999603271484,49.948028564453125,9.49938678741455,30.87751007080078,128026.0,133.7623745815288
2024-02-12,24.763551712036133,35.00743103027344,13.988190650939941,41.775848388671875,146.13937377929688,24.350038528442383,7.71259069442749,406.5801086425781,23.802621841430664,72.0391845703125,42.36000061035156,22.822147369384766,24.292144775390625,46.840999603271484,49.948028564453125,9.49938678741455,30.87751007080078,128026.0,133.7623745815288
2024-02-13,24.763551712036133,35.00743103027344,13.988190650939941,41.775848388671875,143.7718963623047,24.350038528442383,7.71259069442749,397.82696533203125,23.802621841430664,71.91954803466797,42.36000061035156,22.822147369384766,24.292144775390625,46.840999603271484,49.948028564453125,9.49938678741455,30.87751007080078,128026.0,133.7623745815288
2024-02-14,25.099063873291016,34.49494934082031,13.63127326965332,40.866085052490234,144.56436157226562,24.350038528442383,7.566908359527588,401.67205810546875,23.370342254638672,73.6864242553711,42.54999923706055,22.57583236694336,23.02510643005371,46.39488983154297,49.52152633666992,9.287674903869629,31.025556564331055,127018.0,133.81849726103198
2024-02-15,25.103368759155273,34.21541213989258,13.654053688049316,41.2397346496582,141.4242706298828,24.555971145629883,7.806855201721191,398.7980651855469,23.13618278503418,72.44801330566406,44.56999969482422,22.632673263549805,23.191137313842773,46.5108757019043,49.6068229675293,9.241650581359863,30.72946548461914,127804.0,133.87464348792778
2024-02-16,24.892593383789062,33.93587112426758,13.654053688049316,41.11789321899414,139.1954803466797,24.52756690979004,7.755438327789307,396.34576416015625,23.325307846069336,72.40313720703125,45.400001525878906,22.196884155273438,23.08627700805664,46.26997756958008,50.27975082397461,9.701892852783203,30.905269622802734,128726.0,133.930813272096
2024-02-19,25.344249725341797,34.373817443847656,13.790745735168457,40.979801177978516,139.1954803466797,24.797412872314453,7.438365459442139,396.34576416015625,23.253263473510742,72.40313720703125,45.88999938964844,22.016883850097656,22.125076293945312,46.894527435302734,50.2702751159668,9.867579460144043,30.988550186157227,129036.0,133.98700662342057
2024-02-20,25.507705688476562,34.765174865722656,14.352706909179688,41.394065856933594,139.789794921875,25.33710289001465,7.438365459442139,395.10003662109375,23.415369033813477,69.25128936767578,46.119998931884766,22.121095657348633,22.57072639465332,48.214988708496094,51.05693054199219,10.254182815551758,31.710289001464844,129916.0,134.04322355178957
2024-02-21,25.56792449951172,35.43606185913086,14.542555809020996,40.7604866027832,141.20632934570312,25.1950740814209,7.438365459442139,394.50164794921875,23.11817169189453,67.27700805664062,47.0,21.780040740966797,22.334793090820312,48.13468551635742,52.383819580078125,9.876784324645996,33.894012451171875,130032.0,134.0994640670952
2024-02-22,24.991531372070312,35.240379333496094,14.656466484069824,40.817344665527344,142.73179626464844,25.05216407775879,7.53262996673584,403.7908630371094,23.028112411499023,78.31103515625,46.95000076293945,21.685304641723633,22.326053619384766,47.74211883544922,52.829280853271484,10.401459693908691,32.820655822753906,130241.0,134.15572817923385
2024-02-23,24.681821823120117,34.429725646972656,14.504585266113281,40.90669631958008,142.60302734375,25.125499725341797,7.301252841949463,402.5058898925781,23.253263473510742,78.5892105102539,45.79999923706055,21.609514236450195,21.932838439941406,47.45661544799805,52.383819580078125,10.180543899536133,33.29256057739258,129419.0,134.21201589810602
2024-02-26,24.918405532836914,34.429725646972656,14.542555809020996,41.3290901184082,136.2732696533203,25.198837280273438,7.584047794342041,399.7593078613281,23.316299438476562,78.8634262084961,45.86000061035156,21.53372573852539,21.8454532623291,46.475189208984375,53.18943405151367,10.14372444152832,34.12104415893555,129609.0,134.26832723361642
2024-02-27,25.21950912475586,34.06632995605469,14.55014705657959,41.91393280029297,137.5709228515625,25.506855010986328,8.072511672973633,399.70050048828125,23.712560653686523,78.47355651855469,45.400001525878906,21.836883544921875,22.7454891204834,48.62540817260742,53.852882385253906,10.668399810791016,34.48492431640625,131689.0,134.3246621956738
2024-02-28,25.27112579345703,33.90791702270508,14.155258178710938,41.10165023803711,135.094482421875,25.521522521972656,8.166776657104492,399.9358825683594,23.478408813476562,77.43855285644531,44.5,21.67582893371582,22.09012222290039,48.05439758300781,54.383636474609375,10.263387680053711,34.43827819824219,130155.0,134.38102079419124
2024-02-29,24.888294219970703,33.90791702270508,14.641280174255371,41.29659652709961,137.15489196777344,24.890819549560547,8.48384952545166,405.7428894042969,23.784608840942383,78.88336181640625,43.709999084472656,21.52425193786621,22.125076293945312,47.28709411621094,53.40742492675781,9.950423240661621,34.23300552368164,129020.0,134.43740303908586
2024-03-01,24.914104461669922,33.553836822509766,14.542555809020996,41.03666305541992,135.8473358154297,24.999156951904297,8.398154258728027,407.5673522949219,23.49641990661621,82.04121398925781,44.349998474121094,21.088459014892578,22.221195220947266,46.840999603271484,54.48789596557617,9.7387113571167,34.79283905029297,129180.0,134.49380894027897
2024-03-04,24.810867309570312,33.553836822509766,14.565339088439941,40.50868606567383,132.09304809570312,24.80838394165039,8.372446060180664,406.9985046386719,23.406362533569336,84.99065399169922,44.11000061035156,20.93688201904297,21.600784301757812,45.65435791015625,55.39776611328125,9.269264221191406,34.652870178222656,128341.0,134.55023850769606
2024-03-05,24.982929229736328,33.12521743774414,14.656466484069824,41.158512115478516,131.41946411132812,24.786365509033203,8.54383659362793,394.962646484375,23.442386627197266,85.71958923339844,44.31999969482422,20.898988723754883,21.513402938842773,45.342079162597656,55.511497497558594,9.591435432434082,34.9234504699707,128098.0,134.60669175126674
2024-03-06,25.35285186767578,33.25566482543945,14.770377159118652,41.394065856933594,130.1614227294922,25.05785369873047,8.243902206420898,394.41339111328125,23.48741912841797,88.44779968261719,43.63999938964844,21.173725128173828,21.793027877807617,45.79711151123047,55.246116638183594,9.775530815124512,34.64354705810547,128890.0,134.6631686809248
2024-03-07,25.111970901489258,33.14385223388672,14.588119506835938,40.931068420410156,133.1133270263672,24.79370880126953,8.321028709411621,401.32879638671875,23.415369033813477,92.405517578125,43.349998474121094,20.95583152770996,21.48719024658203,47.43877029418945,55.748443603515625,10.254182815551758,34.42894744873047,128340.0,134.71966930660827
2024-03-08,24.866788864135742,33.19975662231445,14.81594181060791,41.42655944824219,134.1336212158203,25.021167755126953,8.261041641235352,398.46453857421875,23.514432907104492,87.27912139892578,44.70000076293945,21.041091918945312,21.924097061157227,47.420928955078125,56.06121063232422,10.373844146728516,34.44760513305664,127071.0,134.77619363825926
2024-03-11,24.6173038482666,33.13453674316406,14.876690864562988,41.020416259765625,136.37232971191406,25.14590835571289,8.166776657104492,396.7970275878906,23.451393127441406,85.53012084960938,44.900001525878906,21.031620025634766,22.05516815185547,46.66255187988281,55.511497497558594,10.383049964904785,34.67154312133789,126124.0,134.83274168582403
2024-03-12,24.95525550842285,33.93587112426758,15.385493278503418,41.15038299560547,137.1945037841797,25.248638153076172,8.295319557189941,407.3515319824219,23.649520874023438,91.65166473388672,47.5,21.135828018188477,22.020221710205078,47.822418212890625,56.02330017089844,10.410665512084961,35.091400146484375,127668.0,134.8893134592532
2024-03-13,24.67797088623047,34.849029541015625,15.871508598327637,40.378719329833984,138.47232055664062,25.498119354248047,8.51812744140625,407.1750183105469,23.685544967651367,90.62958526611328,48.91999816894531,21.003198623657227,22.16876792907715,48.62540817260742,56.32658767700195,10.511917114257812,35.473941802978516,128006.0,134.9459089685013
2024-03-14,24.569658279418945,34.6440315246582,15.734816551208496,39.80198287963867,141.7511444091797,25.48343849182129,8.792353630065918,417.1018371582031,23.775604248046875,87.6939468383789,48.599998474121094,21.031620025634766,22.256149291992188,48.1079216003418,56.3929328918457,9.987242698669434,35.25934600830078,127690.0,135.0025282235272
2024-03-15,24.820945739746094,33.796104431152344,15.681658744812012,38.79475784301758,139.8492431640625,25.344026565551758,8.595253944396973,408.4698181152344,23.352327346801758,87.5872573852539,47.79999923706055,20.898988723754883,22.037694931030273,47.10865020751953,57.62504577636719,10.990569114685059,35.45528793334961,126742.0,135.05917123429396
2024-03-18,24.275053024291992,33.49793243408203,15.400678634643555,38.664791107177734,146.2879638671875,25.446748733520508,8.526697158813477,409.3526611328125,23.514432907104492,88.20349884033203,47.7599983215332,20.88951301574707,22.79791831970215,46.867759704589844,57.86199188232422,10.74203872680664,35.45528793334961,126954.0,135.11583801076875
2024-03-19,24.188398361206055,33.917240142822266,15.408272743225098,38.989707946777344,145.6440887451172,25.48343849182129,8.55240535736084,413.36456298828125,23.577472686767578,89.1438217163086,49.209999084472656,20.86109161376953,22.85908317565918,47.51015090942383,59.567996978759766,11.091821670532227,36.164398193359375,127529.0,135.17252856292293
2024-03-20,24.44835090637207,34.755855560302734,15.719629287719727,39.46895217895508,147.33798217773438,25.534801483154297,8.595253944396973,417.1116027832031,24.117830276489258,90.11504364013672,47.45000076293945,20.93688201904297,23.52318572998047,48.80384826660156,58.819252014160156,12.02151107788086,36.22970199584961,129125.0,135.2292429007321
2024-03-21,24.1060791015625,34.7278938293457,15.681658744812012,39.355228424072266,146.20870971679688,25.270652770996094,8.826631546020508,421.1725769042969,23.955720901489258,91.17501831054688,47.099998474121094,21.031620025634766,23.741640090942383,48.02762985229492,58.800296783447266,12.030714988708496,36.78952407836914,128159.0,135.28356178302045
2024-03-22,24.00643539428711,34.187461853027344,15.446246147155762,39.290252685546875,149.3488311767578,24.917282104492188,8.243902206420898,420.5545654296875,23.50542640686035,94.02091979980469,46.689998626708984,20.71898651123047,23.06879997253418,47.15326690673828,58.90454864501953,11.460014343261719,37.07876205444336,127027.0,135.33790248411742
2024-03-25,24.10175132751465,34.401763916015625,15.058947563171387,38.770381927490234,148.65545654296875,24.917282104492188,8.329598426818848,414.7868347167969,23.361331939697266,94.73187255859375,47.66999816894531,20.690567016601562,23.26103973388672,46.840999603271484,58.402225494384766,11.312738418579102,36.478660583496094,126931.0,135.39226501278725
2024-03-26,24.231725692749023,34.74653244018555,15.461433410644531,38.526702880859375,149.2498016357422,25.412372589111328,8.029664039611816,413.59991455078125,23.59548568725586,92.29782104492188,47.290000915527344,20.90846061706543,22.5357723236084,48.11684799194336,59.68172836303711,11.23909854888916,36.2357177734375,126863.0,135.44664937779757
2024-03-27,24.249053955078125,34.56949234008789,15.499402046203613,38.83536911010742,149.44790649414062,25.552783966064453,7.832564353942871,413.3841552734375,23.253263473510742,89.99340057373047,47.08000183105469,21.28740882873535,22.56478500366211,48.1079216003418,60.468387603759766,11.331149101257324,36.020816802978516,127691.0,135.50105558791964
2024-03-28,24.53066635131836,33.9451904296875,15.461433410644531,38.88410949707031,149.50733947753906,25.59712028503418,8.835201263427734,412.68768310546875,23.046123504638672,90.0990982055664,48.7400016784668,21.088459014892578,22.23101043701172,48.786014556884766,60.63898849487305,11.809798240661621,35.69378662109375,128106.0,135.5554836519282
2024-04-01,24.296714782714844,33.08794021606445,15.37789535522461,38.3642463684082,154.02435302734375,24.722972869873047,8.835201263427734,416.46417236328125,22.81197166442871,90.1060791015625,48.38999938964844,20.88951301574707,22.204662322998047,46.974830627441406,61.50146484375,11.358762741088867,35.497554779052734,126990.0,135.6099335786015
2024-04-02,24.335704803466797,33.05998992919922,15.6588773727417,38.8597412109375,153.10313415527344,24.752552032470703,8.715227127075195,413.39398193359375,22.739925384521484,89.19766235351562,49.04999923706055,21.33477783203125,22.03777503967285,47.13006591796875,61.8237190246582,11.809798240661621,35.665740966796875,127549.0,135.66440537672136
2024-04-03,24.431018829345703,33.05067443847656,15.620904922485352,39.0384407043457,153.45974731445312,24.56772232055664,8.689518928527832,412.4228515625,22.550800323486328,88.71104431152344,49.38999938964844,21.12635612487793,22.468164443969727,46.59981155395508,61.22660827636719,11.423195838928223,35.40410614013672,127318.0,135.71889905507305
2024-04-04,24.595653533935547,33.34884262084961,15.408272743225098,39.0384407043457,149.111083984375,24.242416381835938,8.775214195251465,409.9019470214844,22.496767044067383,85.6607437133789,50.04999923706055,21.240041732788086,22.907339096069336,48.001853942871094,60.54420852661133,11.432400703430176,35.60033416748047,127428.0,135.7734146224455
2024-04-05,24.69963264465332,32.98544692993164,15.522185325622559,38.624176025390625,151.06256103515625,24.198057174682617,8.792353630065918,417.39605712890625,22.555517196655273,87.75778198242188,50.45000076293945,21.268463134765625,22.178312301635742,47.795143127441406,59.530086517333984,11.598087310791016,35.497554779052734,126795.0,135.82795208763102
2024-04-08,25.08523178100586,33.842689514160156,15.681658744812012,39.08717727661133,153.39039611816406,24.560327529907227,9.10085678100586,416.48382568359375,22.899871826171875,86.88525390625,49.65999984741211,21.600040435791016,22.046558380126953,48.442237854003906,59.331050872802734,12.17799186706543,35.69378662109375,128857.0,135.88251145942561
2024-04-09,25.29752540588379,33.852012634277344,15.681658744812012,39.75325393676758,155.12391662597656,24.819089889526367,9.263678550720215,418.1416015625,23.334854125976562,85.1113052368164,49.84000015258789,22.045303344726562,22.336414337158203,49.718448638916016,59.0372428894043,12.757896423339844,36.25441360473633,129890.0,135.93709274662862
2024-04-10,24.95525550842285,32.612728118896484,15.248799324035645,38.38861083984375,154.66822814941406,24.294164657592773,8.94660472869873,415.1792297363281,22.63707160949707,86.79153442382812,50.189998626708984,21.50530242919922,21.704002380371094,48.16361999511719,58.534915924072266,12.59221076965332,35.880653381347656,128054.0,135.9916959580431
2024-04-11,25.01590919494629,32.351829528808594,15.484214782714844,38.50233840942383,157.90744018554688,24.249805450439453,8.886618614196777,419.7600402832031,22.936119079589844,90.35834503173828,49.79999923706055,21.52425193786621,21.56346321105957,47.8850212097168,58.01363754272461,12.02151107788086,35.73115921020508,127396.0,136.04632110247553
2024-04-12,24.69097137451172,31.960472106933594,14.89188003540039,38.05557632446289,156.2432403564453,23.998437881469727,8.526697158813477,413.8451232910156,22.328964233398438,87.93525695800781,50.86000061035156,21.12635612487793,21.554683685302734,46.59981155395508,58.0041618347168,11.137846946716309,35.48820114135742,125946.0,136.10096818873595
2024-04-15,24.461347579956055,31.34549331665039,13.813530921936035,37.85250473022461,153.4002685546875,23.591812133789062,8.93803596496582,405.7428894042969,21.93023109436035,85.7564697265625,50.099998474121094,20.529512405395508,21.05402374267578,45.45840835571289,57.86199188232422,10.50271224975586,35.17051696777344,125334.0,136.155637225638
2024-04-16,24.18406867980957,31.028682708740234,13.881874084472656,37.527587890625,152.9446258544922,23.41437339782715,8.90375804901123,406.6648864746094,21.803359985351562,87.16645812988281,49.79999923706055,20.25477409362793,20.649986267089844,45.00005340576172,58.146324157714844,10.63158130645752,36.22637939453125,124389.0,136.21032822199876
2024-04-17,24.236055374145508,30.506881713867188,14.147665023803711,37.12957000732422,154.0045623779297,23.429166793823242,8.329598426818848,403.97723388671875,21.67649269104004,83.79605865478516,48.72999954223633,20.008459091186523,20.52701759338379,44.937137603759766,57.634525299072266,10.447484016418457,35.71247100830078,124171.0,136.26504118663897
2024-04-18,24.201396942138672,30.311199188232422,14.276763916015625,37.00773239135742,154.53944396972656,23.45873260498047,8.329598426818848,396.5517578125,21.649307250976562,84.43023681640625,49.2400016784668,19.989511489868164,20.48309898376465,45.75499725341797,57.577659606933594,10.686808586120605,36.06753158569336,124196.0,136.3197761283828
2024-04-19,24.010765075683594,30.39505958557129,14.178044319152832,37.527587890625,152.63755798339844,23.325654983520508,8.398154258728027,391.5000915527344,21.821487426757812,75.98334503173828,48.79999923706055,20.131616592407227,21.47563362121582,45.179805755615234,58.01363754272461,11.064207077026367,36.020816802978516,125124.0,136.37453305605806
2024-04-22,23.73348617553711,31.04731559753418,14.337516784667969,38.08806610107422,154.80690002441406,23.310871124267578,8.338167190551758,393.304931640625,21.785240173339844,79.29190826416016,48.0,19.980037689208984,21.791837692260742,44.523719787597656,57.38810348510742,10.93533992767334,35.759185791015625,125573.0,136.429311978496
2024-04-23,23.915454864501953,30.516197204589844,14.322330474853516,37.746910095214844,156.7682342529297,23.658348083496094,8.218194007873535,399.78875732421875,21.67649269104004,82.18865203857422,49.18000030517578,19.980037689208984,21.607383728027344,45.152835845947266,56.98055648803711,10.806471824645996,35.497554779052734,125148.0,136.48411290453151
2024-04-24,23.828798294067383,30.516197204589844,14.367894172668457,37.178306579589844,157.6300506591797,23.554845809936523,8.218194007873535,401.25030517578125,21.594934463500977,79.45045471191406,48.43000030517578,19.563194274902344,21.405363082885742,44.505741119384766,57.3975830078125,10.843290328979492,35.7218017578125,124741.0,136.53893584300297
2024-04-25,23.724821090698242,30.37642478942871,14.512179374694824,37.01585388183594,154.52957153320312,23.42176055908203,8.295319557189941,391.4216003417969,20.90621566772461,82.39704895019531,49.38999938964844,19.515827178955078,21.91480255126953,43.80473327636719,56.77204513549805,11.045797348022461,36.1329345703125,124646.0,136.5937808027524
2024-04-26,23.724821090698242,31.774110794067383,15.14248275756836,37.66567611694336,170.32920837402344,23.81361198425293,8.372446060180664,398.5626525878906,21.748985290527344,87.48555755615234,49.25,19.743194580078125,22.705320358276367,45.386512756347656,56.46875762939453,12.02151107788086,36.64685821533203,126526.0,136.6486477926252
2024-04-29,23.872127532958984,31.62502670288086,15.263988494873047,37.26765823364258,164.5838623046875,23.628780364990234,8.295319557189941,394.57037353515625,21.649307250976562,87.50749206542969,49.560001373291016,19.733722686767578,23.241111755371094,45.43144607543945,55.82426452636719,12.270040512084961,36.777671813964844,127352.0,136.70353682147055
2024-04-30,23.75948143005371,31.12186050415039,14.884285926818848,36.63407897949219,161.24563598632812,23.185182571411133,8.098219871520996,381.8970031738281,20.743099212646484,86.1563491821289,48.0,19.098983764648438,22.837074279785156,44.06535720825195,55.40724182128906,11.358762741088867,36.9552001953125,125924.0,136.75844789814101
2024-05-01,23.75948143005371,31.12186050415039,14.884285926818848,36.63407897949219,162.3154754638672,23.185182571411133,8.098219871520996,387.3998718261719,20.743099212646484,82.80489349365234,48.0,19.098983764648438,22.837074279785156,44.06535720825195,55.40724182128906,11.358762741088867,36.9552001953125,125924.0,136.75844789814101
2024-05-02,24.010765075683594,31.839338302612305,15.370944023132324,37.1539421081543,165.04942321777344,23.523725509643555,8.149637222290039,390.2445068359375,21.232450485229492,85.572998046875,47.41999816894531,19.539066314697266,23.24989128112793,43.5980110168457,55.92852020263672,11.588883399963379,36.3011360168457,127122.0,136.81338103149275
2024-05-03,24.45268440246582,32.91090393066406,15.983613014221191,38.55107498168945,165.66360473632812,23.819616317749023,8.192485809326172,398.8961181640625,22.29271697998047,88.53654479980469,46.75,19.98638153076172,23.55731773376465,44.829288482666016,56.08016586303711,12.536980628967285,36.22637939453125,128509.0,136.86833623038547
2024-05-06,24.59132194519043,32.75249481201172,15.650135040283203,38.05557632446289,166.5155029296875,23.967571258544922,7.789716720581055,405.6448059082031,22.120532989501953,91.87802124023438,47.189998626708984,19.79603385925293,23.899873733520508,43.93054962158203,56.37397384643555,12.067533493041992,36.09556198120117,128466.0,136.92331350368246
2024-05-07,24.513338088989258,32.91090393066406,15.611356735229492,38.347999572753906,169.63577270507812,24.46319580078125,8.04680347442627,401.5249938964844,21.81242561340332,90.2965316772461,47.16999816894531,19.73893165588379,26.130882263183594,44.6046028137207,49.45518112182617,11.423195838928223,36.347843170166016,129210.0,136.97831286025064
2024-05-08,24.59132194519043,32.249332427978516,15.875036239624023,37.97434997558594,167.78341674804688,24.618539810180664,8.94660472869873,402.70208740234375,21.712738037109375,90.15494537353516,46.540000915527344,19.67230987548828,25.928863525390625,45.098915100097656,49.58787155151367,11.920256614685059,36.52538299560547,129481.0,137.03333430896032
2024-05-09,23.516860961914062,30.9448184967041,15.397011756896973,38.063697814941406,168.3579864501953,23.878795623779297,8.91232681274414,404.44805908203125,21.241514205932617,88.49466705322266,46.779998779296875,19.472444534301758,26.587623596191406,44.5327033996582,49.948028564453125,11.598087310791016,36.347843170166016,128188.0,137.08714729934343
2024-05-10,23.932781219482422,31.233673095703125,15.681090354919434,38.63229751586914,167.06031799316406,24.152502059936523,8.526697158813477,406.8218688964844,21.431814193725586,89.62244415283203,47.0,19.96734619140625,26.895044326782227,42.240909576416016,49.000244140625,11.24830436706543,36.41326141357422,127600.0,137.1409814220879
2024-05-13,24.114742279052734,31.746158599853516,15.543111801147461,37.94997787475586,167.54568481445312,24.448392868041992,8.629531860351562,405.8212890625,21.44993782043457,90.1419677734375,46.400001525878906,19.834102630615234,27.03557777404785,41.61178970336914,48.052467346191406,11.027387619018555,36.51604080200195,128155.0,137.1948366854923
2024-05-14,24.27071762084961,32.32386779785156,15.583691596984863,38.59980773925781,168.73434448242188,24.714706420898438,8.706657409667969,408.60711669921875,21.431814193725586,91.09623718261719,45.90999984741211,19.643756866455078,26.97409439086914,42.240909576416016,47.25632858276367,11.05500316619873,37.01127243041992,128515.0,137.24871309785868
2024-05-15,23.958776473999023,33.03203582763672,15.664857864379883,38.88410949707031,170.8839111328125,24.64813232421875,9.255108833312988,415.7511901855469,21.79429817199707,94.36095428466797,47.0,19.50099754333496,27.04436492919922,43.031803131103516,47.90081787109375,11.441605567932129,37.02061080932617,128028.0,137.30261066749222
2024-05-16,23.984771728515625,33.190433502197266,15.689205169677734,38.486087799072266,172.5381622314453,24.574161529541016,9.666446685791016,413.6973876953125,21.767114639282227,94.09071350097656,47.61000061035156,20.024450302124023,27.140981674194336,43.70586395263672,48.99076843261719,11.717750549316406,37.00191879272461,128284.0,137.3565294027013
2024-05-17,23.993432998657227,32.6593132019043,15.299613952636719,38.0068359375,174.40045166015625,24.581546783447266,9.872116088867188,412.9308776855469,21.821487426757812,92.21604919433594,48.119998931884766,19.73893165588379,27.316650390625,43.499149322509766,48.76329803466797,11.386377334594727,37.039302825927734,128151.0,137.41046931179775
2024-05-20,24.192733764648438,32.090919494628906,15.494409561157227,37.93373107910156,175.25233459472656,24.507585525512695,10.223467826843262,417.9720458984375,21.29588508605957,94.51051330566406,47.5,19.32968521118164,27.527456283569336,43.067752838134766,48.38418960571289,11.358762741088867,37.23552322387695,127751.0,137.4644304030965
2024-05-21,24.17540168762207,31.783437728881836,15.299613952636719,37.98247146606445,176.17356872558594,24.381824493408203,10.360580444335938,421.60797119140625,21.26869773864746,95.11478424072266,45.849998474121094,19.681825637817383,27.220035552978516,41.899391174316406,46.583404541015625,11.340352058410645,37.15142059326172,127412.0,137.51841268491575
2024-05-22,23.828798294067383,30.851642608642578,14.893787384033203,36.96711730957031,174.71746826171875,24.004554748535156,10.034937858581543,423.06231689453125,20.761219024658203,94.68002319335938,44.209999084472656,19.50099754333496,25.5775203704834,41.162418365478516,45.79674530029297,11.064207077026367,36.702919006347656,125650.0,137.5724161655771
2024-05-23,23.34356117248535,30.32052230834961,15.283379554748535,36.57721710205078,171.91412353515625,23.790037155151367,10.172049522399902,419.603271484375,20.69778823852539,103.5038833618164,44.470001220703125,19.50099754333496,25.64778709411621,41.072540283203125,47.483795166015625,10.90772533416748,36.469322204589844,124729.0,137.62644085340528
2024-05-24,23.46487045288086,29.9105281829834,15.242799758911133,37.97434997558594,173.340576171875,23.56070899963379,10.04350757598877,422.70855712890625,20.65247917175293,106.16627502441406,43.45000076293945,19.339202880859375,25.454551696777344,40.80292510986328,46.384368896484375,10.74203872680664,35.82459259033203,124306.0,137.6804867567284
2024-05-27,23.75081443786621,30.031661987304688,15.242799758911133,37.9905891418457,173.340576171875,23.479337692260742,9.95781135559082,422.70855712890625,20.815595626831055,106.16627502441406,43.66999816894531,19.32968521118164,25.068077087402344,40.389503479003906,46.44123458862305,10.81567668914795,35.83393096923828,124496.0,137.7345538838778
2024-05-28,23.672828674316406,30.040983200073242,15.242799758911133,37.60881805419922,174.7372589111328,23.35358238220215,9.966381072998047,422.86578369140625,20.897153854370117,113.5771484375,43.15999984741211,19.167890548706055,24.751874923706055,40.0479850769043,46.51706314086914,10.613170623779297,35.7218017578125,123780.0,137.78864224318795
2024-05-29,23.672828674316406,29.752124786376953,15.299613952636719,37.194557189941406,174.24197387695312,23.190841674804688,9.829268455505371,421.73577880859375,20.752161026000977,114.49851989746094,42.43000030517578,18.796714782714844,24.435665130615234,39.54468536376953,46.70661544799805,10.50271224975586,35.254608154296875,122707.0,137.84275184299685
2024-05-30,23.672828674316406,29.752124786376953,15.299613952636719,37.194557189941406,170.48768615722656,23.190841674804688,9.829268455505371,407.4869079589844,20.752161026000977,110.1858139038086,42.43000030517578,18.796714782714844,24.435665130615234,39.54468536376953,46.70661544799805,10.50271224975586,35.254608154296875,122707.0,137.84275184299685
2024-05-31,23.499530792236328,29.435317993164062,14.958723068237305,37.12957000732422,170.87405395507812,22.954126358032227,9.666446685791016,407.93890380859375,20.570919036865234,109.32128143310547,41.61000061035156,18.75864601135254,24.119462966918945,38.40327835083008,46.15690231323242,10.475098609924316,35.086421966552734,122098.0,137.8968826916456
2024-06-03,23.525527954101562,30.339157104492188,15.372661590576172,38.063697814941406,171.5377197265625,23.27805519104004,9.829268455505371,406.35675048828125,20.743099212646484,114.67301940917969,41.16999816894531,18.872854232788086,23.987709045410156,38.331382751464844,44.64993667602539,10.48430347442627,34.890193939208984,122032.0,137.9510347974786
2024-06-04,23.594846725463867,30.068937301635742,15.09670352935791,37.633182525634766,172.15184020996094,23.35947036743164,9.52933406829834,408.8626403808594,20.888092041015625,116.10591888427734,40.88999938964844,18.90140724182129,23.847169876098633,38.502140045166016,44.450897216796875,10.511917114257812,35.32001876831055,121802.0,138.00520816884355
2024-06-05,23.646835327148438,30.273929595947266,15.583691596984863,37.93373107910156,173.75657653808594,23.315059661865234,9.383651733398438,416.66510009765625,20.688724517822266,122.09188842773438,40.13999938964844,18.84429931640625,23.627586364746094,38.66391372680664,44.20447540283203,10.511917114257812,35.07707977294922,121407.0,138.05940281409144
2024-06-06,23.958776473999023,31.028682708740234,16.021984100341797,38.104312896728516,175.06414794921875,23.611129760742188,9.426499366760254,417.16619873046875,21.19620132446289,120.65396881103516,40.16999816894531,19.510515213012695,24.0404109954834,39.275062561035156,45.8251838684082,10.732832908630371,35.32936477661133,122899.0,138.11361874157652
2024-06-07,23.551517486572266,30.450969696044922,15.664857864379883,37.48697280883789,172.8155517578125,23.27805519104004,9.52933406829834,416.50787353515625,20.73403549194336,120.54429626464844,39.91999816894531,18.84429931640625,23.636369705200195,38.4212532043457,46.109519958496094,10.410665512084961,35.366729736328125,120767.0,138.1678559596563
2024-06-10,23.5775146484375,29.44463539123535,15.50252914428711,37.243289947509766,173.55931091308594,23.093019485473633,9.49505615234375,420.458251953125,20.434986114501953,121.44371795654297,40.79999923706055,18.65395736694336,23.32016372680664,37.621376037597656,47.09520721435547,10.208158493041992,35.32936477661133,120760.0,138.22211447669167
2024-06-11,23.837467193603516,30.031661987304688,15.421361923217773,37.16206359863281,175.15597534179688,23.352073669433594,9.709294319152832,425.18487548828125,20.589040756225586,120.57613372802734,42.54999923706055,19.03464698791504,23.855955123901367,37.3427619934082,46.36541748046875,10.355435371398926,35.32001876831055,121635.0,138.27639430104662
2024-06-12,23.386262893676758,29.52849578857422,15.380780220031738,36.325408935546875,176.31625366210938,23.315059661865234,9.323665618896484,433.4197082519531,20.570919036865234,124.85427856445312,42.689998626708984,18.65395736694336,23.522184371948242,36.86642837524414,46.44123458862305,10.438279151916504,35.572303771972656,119936.0,138.33069544108864
2024-06-13,23.544870376586914,29.705533981323242,15.356432914733887,36.18732452392578,173.70806884765625,23.07081413269043,9.152274131774902,433.9307556152344,20.34436798095703,129.25210571289062,41.86000061035156,18.454090118408203,23.495832443237305,36.111488342285156,46.22324752807617,10.327821731567383,35.89934539794922,119568.0,138.38501790518833
2024-06-14,23.48647689819336,29.724170684814453,15.056119918823242,36.8533935546875,175.32455444335938,23.048603057861328,9.015161514282227,434.90362548828125,20.35342788696289,131.51583862304688,42.0099983215332,18.815750122070312,23.65393829345703,36.32718276977539,46.41280746459961,10.438279151916504,36.22637939453125,119662.0,138.4393617017197
2024-06-17,23.48647689819336,29.509859085083008,15.17786979675293,36.02486038208008,175.7708282470703,23.611129760742188,8.783783912658691,440.6031188964844,20.072505950927734,130.61831665039062,41.720001220703125,18.339885711669922,22.433032989501953,35.410465240478516,45.97682189941406,10.208158493041992,36.22637939453125,119138.0,138.49372683905995
2024-06-18,23.15793228149414,29.761445999145508,15.17786979675293,36.02486038208008,173.63865661621094,23.5963191986084,9.049440383911133,438.6082458496094,20.17218589782715,135.2056121826172,41.25,18.55878257751465,23.01274299621582,35.1857795715332,45.777793884277344,10.02406120300293,36.31047821044922,119630.0,138.5481133255896
2024-06-19,23.326648712158203,30.05030059814453,15.16974925994873,35.95988082885742,173.63865661621094,23.781362533569336,9.323665618896484,438.6082458496094,20.407798767089844,135.2056121826172,41.310001373291016,18.596851348876953,22.968826293945312,35.88302230834961,46.185340881347656,9.941218376159668,37.198150634765625,120261.0,138.60252116969255
2024-06-20,23.433198928833008,29.658945083618164,15.33208179473877,35.80554962158203,174.83863830566406,23.618528366088867,9.537903785705566,437.9793395996094,20.12687873840332,130.4188690185547,40.95000076293945,18.65395736694336,22.608701705932617,35.54222869873047,45.635623931884766,9.775530815124512,38.10450744628906,120446.0,138.6569503797559
2024-06-21,23.62855339050293,30.26460838317871,15.380780220031738,36.54472732543945,178.1410369873047,23.78339958190918,9.640738487243652,441.9886779785156,20.117813110351562,126.2204818725586,41.33000183105469,19.082233428955078,23.144493103027344,37.39870071411133,46.299068450927734,9.775530815124512,38.384830474853516,121341.0,138.71140096417
2024-06-24,23.80614471435547,30.637325286865234,15.989519119262695,36.71530532836914,177.73440551757812,24.126577377319336,9.632168769836426,439.9152526855469,20.888092041015625,117.78384399414062,42.08000183105469,19.282100677490234,23.37286376953125,37.829193115234375,47.0383415222168,10.042471885681152,38.1885986328125,122637.0,138.76587293132863
2024-06-25,23.877180099487305,30.497554779052734,16.557674407958984,36.23605728149414,182.50453186035156,24.201181411743164,9.640738487243652,443.1384582519531,20.688724517822266,125.7418212890625,42.02000045776367,19.358238220214844,22.942474365234375,37.87404251098633,47.10468673706055,9.913604736328125,38.84267044067383,122331.0,138.82036628962874
2024-06-26,23.717344284057617,30.227336883544922,16.817399978637695,36.23605728149414,182.3557891845703,24.15641212463379,9.803559303283691,444.32745361328125,20.8427791595459,126.05097198486328,43.02000045776367,19.605688095092773,23.17962646484375,38.02649688720703,48.15672302246094,9.757121086120605,39.197750091552734,122641.0,138.87488104747067
2024-06-27,23.70846939086914,29.99439239501953,16.79305076599121,37.080833435058594,183.8731231689453,24.201181411743164,10.429136276245117,445.0055236816406,21.084177017211914,123.64761352539062,43.18000030517578,20.072036743164062,24.0579776763916,38.87681198120117,54.02348327636719,10.14372444152832,38.96415328979492,124308.0,138.929417213258
2024-06-28,23.717344284057617,28.80169677734375,16.720003128051758,37.05646896362305,180.64012145996094,24.17879867553711,10.591957092285156,439.207763671875,20.63558006286621,123.19886779785156,43.7599983215332,19.71989631652832,23.891090393066406,38.10562515258789,54.032958984375,9.895193099975586,39.42200469970703,123907.0,138.98397479539764
2024-07-01,23.40656089782715,29.071916580200195,16.695653915405273,37.04021453857422,181.4731903076172,24.06507682800293,10.771918296813965,448.81829833984375,20.672197341918945,123.95677947998047,45.099998474121094,19.605688095092773,23.587190628051758,37.89695358276367,54.63954162597656,9.83076000213623,39.274864196777344,124718.0,139.03855380229976
2024-07-02,23.48647689819336,29.174413681030273,16.882333755493164,36.51223373413086,183.7045440673828,24.378582000732422,11.011865615844727,451.3240966796875,20.672197341918945,122.33126831054688,45.7400016784668,19.69134521484375,23.772708892822266,37.83344650268555,54.59214782714844,9.85837459564209,39.33100509643555,124787.0,139.09315424237792
2024-07-03,23.717344284057617,30.087570190429688,17.36932373046875,37.07271194458008,184.27972412109375,24.527873992919922,10.300593376159668,452.7882995605469,21.221506118774414,127.92576599121094,46.09000015258789,20.129140853881836,24.249753952026367,38.241722106933594,54.345726013183594,10.162134170532227,39.4058723449707,125662.0,139.1477761240489
2024-07-04,23.84166145324707,30.55628776550293,17.913131713867188,37.576332092285156,184.27972412109375,24.565189361572266,10.326302528381348,452.7882995605469,21.77081298828125,127.92576599121094,46.400001525878906,20.319488525390625,24.48827362060547,39.55727005004883,54.02348327636719,10.916930198669434,39.20000076293945,126164.0,139.20241945573278
2024-07-05,23.735107421875,30.735584259033203,17.629051208496094,37.80376434326172,189.02008056640625,24.580114364624023,10.566248893737793,459.460693359375,22.127859115600586,125.4825439453125,46.54999923706055,20.46224594116211,24.470605850219727,39.68429183959961,51.89097213745117,11.147050857543945,39.480735778808594,126267.0,139.25708424585304
2024-07-08,23.344406127929688,30.565723419189453,17.4099063873291,38.43735122680664,187.463134765625,24.535337448120117,10.403428077697754,458.16351318359375,22.146169662475586,127.84598541259766,45.349998474121094,20.367074966430664,24.52361297607422,39.593563079833984,50.44087219238281,10.981364250183105,41.614322662353516,126548.0,139.3117705028364
2024-07-09,23.264488220214844,30.178815841674805,17.491071701049805,38.90847396850586,187.41354370117188,24.707008361816406,10.206328392028809,451.5796203613281,22.265186309814453,131.01722717285156,45.40999984741211,20.719215393066406,25.256845474243164,40.301231384277344,50.07123565673828,10.972159385681152,41.689186096191406,127108.0,139.36647823511282
2024-07-10,23.62855339050293,29.92402458190918,17.815732955932617,38.58355712890625,189.5952911376953,24.96826934814453,10.206328392028809,458.1733703613281,22.246875762939453,134.5374755859375,45.470001220703125,21.27121925354004,25.309850692749023,41.05427169799805,49.711082458496094,11.37717056274414,41.22129440307617,127218.0,139.42120745111575
2024-07-11,23.513113021850586,30.00895118713379,17.629051208496094,38.98158264160156,184.0318145751953,25.117551803588867,10.309162139892578,446.8235168457031,22.484905242919922,127.04821014404297,45.36000061035156,21.994537353515625,25.309850692749023,42.27909469604492,50.24183654785156,12.270040512084961,42.0728645324707,128294.0,139.4759581592818
2024-07-12,23.823902130126953,30.688400268554688,17.052780151367188,39.39584732055664,183.5359344482422,24.97573471069336,10.50626277923584,445.693359375,22.603925704956055,128.88311767578125,45.59000015258789,21.680465698242188,25.566041946411133,42.36982727050781,49.568912506103516,11.72695541381836,42.933773040771484,128897.0,139.53073036805094
2024-07-15,23.930456161499023,30.35811424255371,17.206995010375977,38.68915939331055,184.9838409423828,25.072763442993164,10.57481861114502,446.0962829589844,22.594768524169922,128.0853271484375,46.52000045776367,22.04212188720703,26.034250259399414,42.13393020629883,51.36969757080078,11.975485801696777,43.5233154296875,129321.0,139.58552408586644
2024-07-16,24.010372161865234,30.244871139526367,17.64528465270996,38.72165298461914,182.3954620361328,25.2220516204834,10.45484447479248,441.73321533203125,22.777870178222656,126.0110855102539,45.45000076293945,21.709014892578125,26.060754776000977,41.60770797729492,51.331783294677734,11.984691619873047,43.68240737915039,129110.0,139.64033932117493
2024-07-17,24.250118255615234,30.650653839111328,17.669633865356445,38.61605453491211,179.51951599121094,25.498233795166016,10.57481861114502,435.83709716796875,22.95181655883789,117.6641845703125,46.16999816894531,21.64239501953125,25.778060913085938,40.945396423339844,51.34126281738281,11.911050796508789,44.02864456176758,129450.0,139.69517608242637
2024-07-18,24.143569946289062,29.895713806152344,17.450485229492188,38.16929626464844,176.21710205078125,25.37880516052246,9.615030288696289,432.74169921875,22.320114135742188,120.75562286376953,45.470001220703125,21.556739807128906,25.035991668701172,39.439327239990234,51.06640625,11.285122871398926,44.35616683959961,127652.0,139.7500343780739
2024-07-19,24.07253074645996,29.961767196655273,17.580352783203125,37.60881805419922,176.18736267089844,25.572874069213867,9.597890853881836,429.5381774902344,22.548992156982422,117.60435485839844,45.290000915527344,21.47108268737793,24.823972702026367,39.3848876953125,50.801025390625,11.404786109924316,44.25323486328125,127616.0,139.80491421657416
2024-07-22,24.099170684814453,30.33924102783203,17.758914947509766,38.11243438720703,180.1641082763672,25.557954788208008,9.657877922058105,435.2671203613281,23.44619369506836,123.19886779785156,44.689998626708984,21.575775146484375,24.87697982788086,38.9675407409668,50.497737884521484,11.496834754943848,44.14093780517578,127860.0,139.859815606387
2024-07-23,23.957094192504883,30.38642692565918,17.61281967163086,37.06459045410156,180.2831268310547,25.520626068115234,9.46077823638916,437.1440734863281,23.125762939453125,122.25147247314453,43.79999923706055,21.290254592895508,24.558948516845703,39.357669830322266,50.33661651611328,11.625701904296875,44.02864456176758,126590.0,139.91473855597562
2024-07-24,23.859424591064453,30.16938018798828,17.52353858947754,36.317283630371094,171.1990509033203,25.483304977416992,9.443638801574707,421.4703674316406,22.11870574951172,113.93451690673828,46.0,21.033287048339844,24.29392433166504,39.285091400146484,50.26079559326172,11.717750549316406,43.654335021972656,126423.0,139.96968307380652
2024-07-25,23.877180099487305,30.254308700561523,17.33686065673828,35.82179260253906,165.89337158203125,25.371341705322266,9.426499366760254,411.15228271484375,21.743345260620117,111.9699478149414,45.81999969482422,21.17604637145996,23.90522003173828,39.06734085083008,49.730037689208984,11.653315544128418,42.99928283691406,125954.0,140.0246491683496
2024-07-26,24.08140754699707,30.74502182006836,17.515422821044922,36.146705627441406,165.61570739746094,25.557954788208008,9.726433753967285,417.90325927734375,22.127859115600586,112.74779510498047,47.5,21.4901180267334,24.806303024291992,39.85667419433594,49.085548400878906,11.828207969665527,43.90699005126953,127492.0,140.079636848078
2024-07-29,24.116928100585938,30.480792999267578,17.312509536743164,36.122337341308594,168.124755859375,25.744550704956055,9.597890853881836,419.33795166015625,21.89898109436035,111.28186798095703,47.18000030517578,21.356876373291016,24.95648765563965,38.64999008178711,50.02384567260742,11.671727180480957,43.4952507019043,126954.0,140.13464612146822
2024-07-30,23.930456161499023,30.244871139526367,17.531654357910156,35.862403869628906,168.87843322753906,25.647518157958984,9.880684852600098,415.59393310546875,21.76165771484375,103.44356536865234,47.040000915527344,21.11894416809082,24.885814666748047,38.14191818237305,50.630428314208984,11.56126880645752,42.91505813598633,126139.0,140.1896769970001
2024-07-31,23.575273513793945,30.773332595825195,18.018646240234375,35.6837043762207,170.1180877685547,25.28923225402832,9.692155838012695,411.1031494140625,21.93560028076172,116.69686889648438,48.04999923706055,21.08087158203125,24.373430252075195,39.76594924926758,51.04745101928711,12.030714988708496,47.406822204589844,127652.0,140.24472948315682
2024-08-01,23.41544532775879,30.9243221282959,17.848196029663086,36.658443450927734,169.3445587158203,24.921541213989258,10.05207633972168,409.8846130371094,22.228567123413086,108.90841674804688,47.9900016784668,21.7946720123291,24.779800415039062,39.70243453979492,50.99058532714844,11.984691619873047,49.446842193603516,127395.0,140.29980358842485
2024-08-02,23.228973388671875,30.896015167236328,17.79949951171875,37.105201721191406,165.27854919433594,24.607873916625977,9.872116088867188,401.4139099121094,22.704627990722656,106.9737777709961,46.0099983215332,22.28005599975586,24.71796417236328,40.90003967285156,50.23236083984375,12.168787002563477,46.620765686035156,125854.0,140.354899321294
2024-08-05,23.264488220214844,29.9995174407959,17.353090286254883,35.77305603027344,157.92996215820312,24.607873916625977,9.683586120605469,388.3049621582031,22.69547462463379,100.17262268066406,44.66999816894531,21.59480857849121,24.170246124267578,39.86574935913086,50.26079559326172,11.966279983520508,45.89518737792969,125270.0,140.41001669025746
2024-08-06,23.6640682220459,30.461917877197266,17.50730323791504,36.09796905517578,156.9779052734375,25.153053283691406,9.649308204650879,392.6877746582031,23.391260147094727,103.9621353149414,43.25,22.118261337280273,24.735631942749023,40.41011047363281,49.18032455444336,11.828207969665527,45.99851989746094,126267.0,140.46515570381172
2024-08-07,23.353282928466797,31.660390853881836,18.432586669921875,36.349769592285156,157.6225128173828,25.220264434814453,9.743573188781738,391.5282287597656,23.510278701782227,98.63687896728516,45.06999969482422,22.061159133911133,25.654382705688477,44.04829406738281,49.47413635253906,12.334474563598633,45.38795471191406,127514.0,140.52031637045656
2024-08-08,23.25560760498047,32.46251678466797,18.22967529296875,37.243289947509766,160.68690490722656,25.130647659301758,10.120633125305176,395.71435546875,23.473655700683594,104.68013000488281,46.36000061035156,22.670265197753906,25.848735809326172,43.975711822509766,50.801025390625,11.819003105163574,46.674827575683594,128661.0,140.57549869869524
2024-08-09,23.575273513793945,32.57575607299805,18.91957664489746,37.83625793457031,162.31332397460938,25.810256958007812,10.3862886428833,398.9866943359375,24.077892303466797,104.46074676513672,47.83000183105469,22.441848754882812,26.219770431518555,44.32046890258789,51.654029846191406,12.141172409057617,46.68421936035156,130615.0,140.63070269703422
2024-08-12,24.08140754699707,33.08534240722656,18.935806274414062,37.9174919128418,160.9447479248047,25.847599029541016,10.429136276245117,399.7630310058594,24.279306411743164,108.71896362304688,48.599998474121094,21.851776123046875,25.928241729736328,44.656166076660156,51.549774169921875,11.83741283416748,47.510826110839844,131116.0,140.68592837398333
2024-08-13,24.392192840576172,33.59492492675781,19.284818649291992,38.43212890625,162.79925537109375,26.579484939575195,10.626235961914062,406.83831787109375,24.544803619384766,115.81929016113281,49.130001068115234,21.956466674804688,26.369951248168945,43.6400146484375,51.69194412231445,12.03991985321045,48.02745056152344,132398.0,140.74117573805577
2024-08-14,24.8006591796875,33.02872085571289,19.179304122924805,40.108863830566406,159.0406494140625,27.236684799194336,10.994726181030273,409.6389465332031,25.00255584716797,117.75394439697266,49.599998474121094,22.251502990722656,27.14735221862793,36.29106903076172,51.84358596801758,12.141172409057617,48.412574768066406,133318.0,140.7964447977681
2024-08-15,24.99600601196289,34.151695251464844,19.236120223999023,40.382789611816406,159.9629669189453,27.669845581054688,11.217535018920898,414.482421875,24.325082778930664,122.520751953125,48.91999816894531,22.69881820678711,27.80991554260254,35.56524658203125,50.782073974609375,12.536980628967285,49.50218200683594,134153.0,140.85173556164014
2024-08-16,25.191362380981445,34.038455963134766,18.91957664489746,40.507301330566406,161.60919189453125,27.43833351135254,11.046143531799316,411.9622497558594,24.15113067626953,124.2359848022461,49.20000076293945,22.08019256591797,27.915925979614258,38.64999008178711,51.568729400634766,12.224016189575195,50.018802642822266,133953.0,140.90704803819517
2024-08-19,25.86620330810547,34.26493835449219,19.17119026184082,41.62788772583008,165.28843688964844,27.602628707885742,12.50296688079834,414.97467041015625,24.618043899536133,129.64102172851562,47.88999938964844,22.46088409423828,28.31346321105957,40.147003173828125,52.165836334228516,12.564595222473145,48.64739990234375,135778.0,140.96238223595978
2024-08-20,25.981639862060547,34.397056579589844,19.325403213500977,40.89743423461914,165.79421997070312,27.804277420043945,12.45154857635498,418.1937561035156,24.75537109375,126.89862060546875,47.83000183105469,22.50847053527832,29.117368698120117,38.98569107055664,52.95248794555664,12.77630615234375,49.887306213378906,136087.0,141.01773816346383
2024-08-21,25.86620330810547,34.68016052246094,19.39845085144043,40.440895080566406,164.47525024414062,27.69225311279297,12.717205047607422,417.5440368652344,24.4440975189209,128.14517211914062,46.849998474121094,22.365711212158203,29.576749801635742,39.64800262451172,53.511680603027344,12.813126564025879,50.18788146972656,136464.0,141.0731158292406
2024-08-22,25.283674240112305,34.07620620727539,18.83029556274414,39.42820739746094,162.44223022460938,27.43833351135254,12.554383277893066,409.087646484375,23.96803092956543,123.39830017089844,46.86000061035156,22.251502990722656,28.54315757751465,38.05118942260742,53.464290618896484,12.187195777893066,50.911163330078125,135173.0,141.12851524182673
2024-08-23,25.473236083984375,34.30268859863281,19.4796199798584,40.382789611816406,164.24713134765625,27.229225158691406,12.47725772857666,410.30841064453125,24.434940338134766,129.01275634765625,47.04999923706055,22.47040367126465,29.6562557220459,38.3778076171875,53.15152359008789,12.905174255371094,50.54482650756836,135608.0,141.1839364097622
2024-08-26,25.572526931762695,34.246070861816406,19.179304122924805,39.95945739746094,164.78268432617188,27.288965225219727,12.400132179260254,407.0596618652344,24.480716705322266,126.11078643798828,47.25,21.813705444335938,29.62091636657715,38.35966491699219,52.298519134521484,12.748692512512207,50.79844284057617,136889.0,141.2393793415903
2024-08-27,25.283674240112305,34.000709533691406,19.43903350830078,39.5942268371582,163.31494140625,27.31884002685547,12.520105361938477,407.4042053222656,24.178598403930664,127.94573211669922,47.7400016784668,21.747087478637695,29.126205444335938,38.922176361083984,52.715545654296875,12.849945068359375,50.723297119140625,136776.0,141.29484404585773
2024-08-28,25.43712615966797,34.31212615966797,19.390331268310547,39.75193405151367,161.5001220703125,27.90883445739746,12.845747947692871,404.21466064453125,23.931411743164062,125.26313781738281,47.36000061035156,21.461565017700195,29.02019500732422,38.559261322021484,53.15152359008789,12.702667236328125,50.723297119140625,137344.0,141.3503305311145
2024-08-29,25.545442581176758,33.55717849731445,18.992626190185547,39.2870979309082,160.43898010253906,27.602628707885742,12.562952995300293,406.6954650878906,23.418725967407227,117.2652816772461,46.72999954223633,20.97618293762207,28.702167510986328,37.87881088256836,52.601810455322266,12.214812278747559,50.29121017456055,136041.0,141.40583880591407
2024-08-30,25.382966995239258,33.55717849731445,19.33351707458496,39.27050018310547,162.02574157714844,27.40846061706543,12.47725772857666,410.6529235839844,23.473655700683594,119.04037475585938,46.84000015258789,20.795352935791016,28.207454681396484,37.534034729003906,52.12792205810547,12.334474563598633,50.86419677734375,136004.0,141.46136887881312
2024-09-02,25.65376853942871,33.311824798583984,19.495847702026367,39.26219940185547,162.02574157714844,27.19002914428711,11.945945739746094,410.6529235839844,23.208160400390625,119.04037475585938,46.709999084472656,20.443212509155273,27.977767944335938,37.425167083740234,52.21322250366211,12.224016189575195,49.17341613769531,134981.0,141.51692075837184
2024-09-03,25.888458251953125,33.40619659423828,19.536428451538086,39.60252380371094,156.05560302734375,27.630861282348633,11.714568138122559,403.0726318359375,23.427879333496094,107.70177459716797,44.29999923706055,20.395626068115234,28.61382484436035,36.926170349121094,51.73933410644531,11.966279983520508,49.59611511230469,134353.0,141.57249445315364
2024-09-04,26.168285369873047,33.481689453125,19.893556594848633,40.772918701171875,155.15313720703125,27.825130462646484,12.588661193847656,402.5410461425781,23.748310089111328,105.91670989990234,43.720001220703125,20.624040603637695,29.506074905395508,38.04212188720703,52.48808288574219,12.316064834594727,50.15031433105469,136111.0,141.6280899717254
2024-09-05,26.402976989746094,33.57605743408203,19.96660614013672,40.09226608276367,155.9365997314453,28.00446128845215,12.494397163391113,402.03900146484375,23.748310089111328,106.91395568847656,43.52000045776367,20.738250732421875,29.302888870239258,38.550193786621094,52.3932991027832,12.435728073120117,50.713905334472656,136502.0,141.68370732265728
2024-09-06,25.96969985961914,33.019287109375,19.8773250579834,39.92625045776367,149.6690216064453,27.608442306518555,12.408700942993164,395.45306396484375,23.75746726989746,102.54605865478516,42.459999084472656,20.55742073059082,29.46190071105957,38.123775482177734,51.530818939208984,12.141172409057617,49.671260833740234,134572.0,141.73934651452285
2024-09-09,26.29465675354004,33.58549118041992,19.942258834838867,39.82664108276367,147.67300415039062,27.87742805480957,12.297297477722168,399.4104919433594,23.711688995361328,106.17599487304688,41.959999084472656,20.271900177001953,29.550247192382812,37.69734573364258,51.29387283325195,11.966279983520508,49.2673454284668,134737.0,141.79500755589908
2024-09-10,25.90651512145996,33.311824798583984,20.291269302368164,39.71873474121094,147.6233673095703,27.87742805480957,12.391562461853027,407.7586669921875,24.279306411743164,107.8014907836914,42.20000076293945,20.55742073059082,29.62091636657715,38.10562515258789,52.31747817993164,11.929461479187012,49.68064880371094,134320.0,141.8506904553663
2024-09-11,25.91554069519043,32.66069030761719,20.27503204345703,39.5195198059082,150.10594177246094,27.929738998413086,12.288727760314941,416.4611511230469,24.590579986572266,116.58717346191406,42.529998779296875,20.55742073059082,29.70042610168457,38.43224334716797,52.24164962768555,11.920256614685059,50.253631591796875,134677.0,141.9063952215081
2024-09-12,25.648967742919922,32.141666412353516,20.258800506591797,39.5278205871582,153.611328125,27.623388290405273,12.357284545898438,420.3595886230469,24.627199172973633,118.82117462158203,42.279998779296875,20.081554412841797,29.832937240600586,38.33244323730469,51.549774169921875,11.828207969665527,50.075164794921875,134029.0,141.96212186291157
2024-09-13,25.821596145629883,32.934356689453125,20.68897819519043,40.10056686401367,156.3619842529297,27.65328025817871,12.357284545898438,423.8937683105469,25.194814682006836,118.7812728881836,43.310001373291016,20.13865852355957,30.707515716552734,40.10163497924805,51.45500183105469,12.500160217285156,50.36634826660156,134882.0,142.01787038816713
2024-09-16,25.957881927490234,33.30239486694336,20.835071563720703,40.108863830566406,156.9578094482422,27.64580535888672,12.374423027038574,424.6321105957031,25.26805877685547,116.46748352050781,42.7400016784668,20.09107208251953,30.424827575683594,39.72965621948242,50.251312255859375,13.337800025939941,49.78397750854492,135118.0,142.07364080586856
2024-09-17,25.794334411621094,33.274078369140625,20.69709014892578,40.142066955566406,158.20904541015625,27.57855987548828,12.597230911254883,428.3828430175781,24.865232467651367,115.2806625366211,43.36000061035156,19.93879508972168,30.10679817199707,40.18328857421875,50.50721740722656,13.42064380645752,50.08456039428711,134960.0,142.129433124613
2024-09-18,25.66714096069336,33.22689437866211,20.713327407836914,40.00095748901367,158.6956024169922,27.421649932861328,11.911667823791504,424.1103820800781,24.75537109375,113.06660461425781,43.189998626708984,19.653274536132812,30.398324966430664,40.664146423339844,49.853248596191406,13.411438941955566,50.34756851196289,133748.0,142.18524735300105
2024-09-19,25.358224868774414,32.75505828857422,20.486061096191406,39.2289924621582,161.00936889648438,27.3469295501709,12.425840377807617,431.8678283691406,24.29761505126953,117.55457305908203,44.0099983215332,19.491479873657227,29.567916870117188,40.20143508911133,49.82481384277344,13.070860862731934,50.02819061279297,133123.0,142.24236032315778
2024-09-20,24.985706329345703,31.452781677246094,19.796159744262695,37.7680778503418,162.4492645263672,27.048057556152344,12.220171928405762,428.5010070800781,24.114513397216797,115.68958282470703,44.20000076293945,18.95850944519043,28.781673431396484,39.012901306152344,49.6068229675293,12.242425918579102,49.333099365234375,131065.0,142.2994962344524
2024-09-23,24.89484977722168,30.943195343017578,19.12248992919922,37.62696838378906,160.72137451171875,26.88996696472168,12.057350158691406,426.76837158203125,23.913103103637695,115.9488754272461,44.58000183105469,18.84429931640625,28.083778381347656,38.749794006347656,48.95286178588867,11.745365142822266,51.02387619018555,130568.0,142.35665509609984
2024-09-24,24.87668228149414,30.85826301574707,19.0332088470459,37.8012809753418,161.1583251953125,26.8824462890625,11.911667823791504,422.495849609375,24.05958366394043,120.54654693603516,46.540000915527344,19.063201904296875,28.410640716552734,39.08549118041992,50.24183654785156,11.83741283416748,52.02894973754883,132156.0,142.41383691731886
2024-09-25,24.803993225097656,30.999813079833984,18.78971290588379,37.6435661315918,160.36390686035156,27.221200942993164,12.160183906555176,425.3901062011719,23.528589248657227,123.17948150634766,44.810001373291016,18.872854232788086,28.01310157775879,37.99675369262695,49.436222076416016,11.533653259277344,52.30134963989258,131586.0,142.47104170733178
2024-09-26,24.967538833618164,31.301790237426758,18.61115264892578,37.84278106689453,161.5952606201172,27.567485809326172,11.937376976013184,424.6025390625,23.510278701782227,123.70806121826172,42.63999938964844,19.20595932006836,27.88058853149414,38.28944396972656,51.40761184692383,11.515244483947754,52.64889907836914,133010.0,142.52826947536477
2024-09-27,24.758567810058594,32.17940902709961,18.424470901489258,37.5937614440918,162.80674743652344,27.672874450683594,11.860250473022461,421.3636779785156,23.38210678100586,121.07512664794922,43.58000183105469,19.101268768310547,27.974788665771484,37.89555358886719,51.54029846191406,11.413990020751953,52.63011932373047,132730.0,142.58552023064763
2024-09-30,24.69496726989746,31.396162033081055,18.148508071899414,37.17872619628906,164.6935272216797,27.183557510375977,11.688859939575195,423.6082458496094,23.482812881469727,121.11502838134766,43.33000183105469,19.03464698791504,27.459863662719727,37.55663299560547,51.597164154052734,11.441605567932129,51.15359115600586,131816.0,142.64279398241388
2024-10-01,24.604110717773438,31.056434631347656,18.44881820678711,36.979515075683594,165.82553100585938,26.737417221069336,11.783124923706055,414.1477355957031,23.418725967407227,116.68690490722656,44.2599983215332,18.90140724182129,27.024837493896484,37.648231506347656,52.02366638183594,11.901847839355469,52.554935455322266,132495.0,142.70009073990076
2024-10-02,24.66771125793457,30.622346878051758,18.91145896911621,37.1455192565918,164.7034149169922,26.903121948242188,11.825972557067871,410.6430969238281,23.473655700683594,118.53194427490234,44.119998931884766,19.082233428955078,27.015958786010742,38.28028106689453,52.22269821166992,12.665847778320312,52.05647277832031,133515.0,142.75741051234917
2024-10-03,24.440568923950195,30.471355438232422,18.627384185791016,36.630882263183594,164.7034149169922,26.240327835083008,11.680290222167969,410.062255859375,23.23562240600586,122.52124786376953,44.61000061035156,18.815750122070312,26.96269416809082,37.0986213684082,51.985755920410156,12.380497932434082,51.351104736328125,131672.0,142.81475330900375
2024-10-04,24.404226303100586,30.669530868530273,18.375770568847656,36.730491638183594,165.89505004882812,26.293054580688477,11.534607887268066,409.5897216796875,23.610986709594727,124.585693359375,44.810001373291016,18.987062454223633,27.131372451782227,38.381046295166016,52.8387565612793,12.27924633026123,51.25704574584961,131792.0,142.87211913911293
2024-10-07,24.5223388671875,30.55628776550293,18.469552993774414,36.373565673828125,161.843505859375,26.466283798217773,11.52603816986084,403.171142578125,23.656757354736328,127.37820434570312,45.529998779296875,18.968029022216797,26.953813552856445,37.94136047363281,52.876670837402344,12.60141372680664,50.222503662109375,132018.0,142.92950801192873
2024-10-08,24.51325225830078,30.773332595825195,18.527246475219727,36.52297592163086,163.23374938964844,26.62444496154785,11.534607887268066,408.2607727050781,23.565208435058594,132.5343780517578,44.11000061035156,18.701541900634766,27.175764083862305,39.26042175292969,52.79136657714844,12.748692512512207,51.07835388183594,131512.0,142.98691993670695
2024-10-09,24.01353645324707,30.59403419494629,18.27175521850586,36.091339111328125,160.73133850097656,26.134883880615234,11.140408515930176,410.96795654296875,23.290555953979492,132.29502868652344,43.70000076293945,18.311330795288086,26.687471389770508,37.99631881713867,51.54029846191406,12.573800086975098,50.78679656982422,129962.0,143.04435492270713
2024-10-10,23.804567337036133,30.188251495361328,18.378896713256836,36.116241455078125,160.9497833251953,26.277986526489258,11.260382652282715,409.3731384277344,23.748310089111328,134.4492645263672,44.880001068115234,18.339885711669922,26.84727668762207,37.66655349731445,51.30335235595703,12.389702796936035,50.956092834472656,130353.0,143.1018129791925
2024-10-11,23.92268180847168,30.33924102783203,18.304719924926758,36.016632080078125,162.10171508789062,26.08216094970703,10.883321762084961,409.8456726074219,23.437036514282227,134.4392852783203,44.2599983215332,18.206640243530273,26.59868812561035,38.08792495727539,51.36969757080078,12.34367847442627,50.94668197631836,129992.0,143.15929411542996
2024-10-14,24.095308303833008,30.782766342163086,18.428348541259766,36.53127670288086,163.80970764160156,26.247859954833984,11.286090850830078,412.621826171875,23.675067901611328,137.70053100585938,43.43000030517578,18.178089141845703,26.607566833496094,38.89401626586914,51.8341064453125,12.500160217285156,51.76491928100586,131005.0,143.21679834069022
2024-10-15,24.04987907409668,31.235734939575195,18.584936141967773,36.51467514038086,164.30624389648438,26.54912567138672,11.474620819091797,412.22802734375,23.913103103637695,131.24783325195312,43.29999923706055,18.178089141845703,26.749616622924805,39.04057693481445,51.862545013427734,12.573800086975098,53.166255950927734,131043.0,143.27432566424773
2024-10-16,24.31336784362793,31.348974227905273,19.054712295532227,36.78029251098633,164.00830078125,26.390966415405273,11.474620819091797,409.6488037109375,23.839862823486328,135.35679626464844,42.77000045776367,18.320850372314453,27.113618850708008,39.526065826416016,51.61611557006836,12.80392074584961,53.7869873046875,131750.0,143.33187609538052
2024-10-17,24.277023315429688,31.320663452148438,19.029987335205078,36.29055404663086,161.79383850097656,26.44368553161621,11.765985488891602,410.2394714355469,23.839862823486328,136.56356811523438,42.70000076293945,18.51119613647461,26.7141056060791,39.068058013916016,52.13739776611328,12.794715881347656,52.874698638916016,130793.0,143.3894496433705
2024-10-18,24.24976921081543,31.26404571533203,19.285476684570312,36.149444580078125,162.2804412841797,26.571720123291016,12.468688011169434,411.6571044921875,23.739158630371094,137.63070678710938,42.18000030517578,18.263744354248047,26.580934524536133,38.7016487121582,52.85771179199219,13.024836540222168,51.9342041015625,130499.0,143.44704631750324
2024-10-21,24.186166763305664,30.90545082092285,19.310205459594727,36.33205795288086,162.92591857910156,26.4361515045166,12.614370346069336,412.2674560546875,23.830707550048828,143.325439453125,41.91999816894531,18.225675582885742,26.27907943725586,38.948978424072266,53.33160400390625,13.300981521606445,51.76491928100586,130362.0,143.50466612706808
2024-10-22,23.895423889160156,30.509105682373047,19.26899528503418,36.041534423828125,163.9884490966797,26.481342315673828,12.348714828491211,420.8616943359375,23.23562240600586,143.20571899414062,41.61000061035156,17.987741470336914,26.4832763671875,38.97645568847656,54.57319641113281,13.126091003417969,52.620765686035156,129721.0,143.562309081358
2024-10-23,23.92268180847168,30.452484130859375,19.53272819519043,35.56839370727539,161.64491271972656,26.64703369140625,12.425840377807617,417.9969177246094,23.290555953979492,139.18653869628906,41.20000076293945,18.082916259765625,26.066003799438477,38.81157302856445,54.544761657714844,13.190523147583008,52.85589599609375,129233.0,143.6199751896698
2024-10-24,23.949941635131836,30.773332595825195,20.11788558959961,36.00003433227539,161.58531188964844,26.888046264648438,12.357284545898438,418.1249084472656,22.98843765258789,140.03427124023438,41.959999084472656,18.178089141845703,26.59868812561035,39.84667205810547,54.40259552001953,13.347005844116211,52.921730041503906,130067.0,143.67766446130398
2024-10-25,23.959026336669922,30.735584259033203,20.23326873779297,35.726112365722656,164.1175537109375,26.5867862701416,12.3829927444458,421.4917297363281,22.979280471801758,141.16123962402344,41.650001525878906,18.29229736328125,25.85293197631836,38.59172439575195,55.91904067993164,13.356210708618164,52.16933059692383,129893.0,143.7353769055648
2024-10-28,23.91359519958496,31.405595779418945,20.38161849975586,35.60159683227539,165.5574493408203,26.910648345947266,12.648649215698242,419.9559631347656,22.942659378051758,140.1439666748047,40.95000076293945,18.84429931640625,26.59868812561035,38.82073974609375,56.24128723144531,13.319392204284668,52.91231918334961,131213.0,143.7931125317602
2024-10-29,23.777311325073242,31.103618621826172,20.686559677124023,35.344276428222656,168.4967803955078,26.62444496154785,13.025708198547363,425.2326354980469,22.92435073852539,140.8720245361328,40.5,18.93947410583496,26.749616622924805,38.61005783081055,56.449798583984375,13.56792163848877,53.55186080932617,130730.0,143.85087134920195
2024-10-30,23.959026336669922,30.811080932617188,20.744251251220703,35.684608459472656,173.2434539794922,26.54912567138672,13.205669403076172,425.8036193847656,23.30886459350586,138.9671173095703,41.209999084472656,18.825267791748047,26.296836853027344,39.049739837646484,57.236454010009766,13.862476348876953,50.78679656982422,130639.0,143.90865336720552
2024-10-31,23.92268180847168,30.688400268554688,20.14261245727539,35.817420959472656,169.9168243408203,26.37590217590332,13.445615768432617,400.03070068359375,23.427879333496094,132.4047393798828,40.97999954223633,18.93947410583496,26.066003799438477,38.490970611572266,56.648834228515625,13.816452026367188,50.89025115966797,129713.0,143.96645859509002
2024-11-01,23.70462417602539,29.905149459838867,19.747013092041016,34.77983093261719,170.09556579589844,26.23095703125,13.171390533447266,403.98822021484375,22.92435073852539,135.03762817382812,39.849998474121094,18.51119613647461,25.542198181152344,37.336788177490234,56.85734558105469,13.68758487701416,51.44514465332031,128121.0,144.02428704217849
2024-11-04,23.840909957885742,31.235734939575195,19.862394332885742,35.82571792602539,168.0598602294922,26.585119247436523,13.62557601928711,402.10791015625,23.491966247558594,135.68592834472656,40.880001068115234,19.472444534301758,26.19029998779297,38.839054107666016,56.8383903503418,14.368741989135742,52.84648513793945,130515.0,144.0821387177976
2024-11-05,23.849994659423828,31.301790237426758,19.417346954345703,35.71780776977539,168.556396484375,27.383880615234375,13.59129810333252,405.061279296875,23.363798141479492,139.5355987548828,40.33000183105469,19.481962203979492,26.208057403564453,38.774932861328125,57.34071350097656,14.359537124633789,52.67719650268555,130661.0,144.14001363127775
2024-11-06,23.895423889160156,31.405595779418945,19.36789321899414,35.261268615722656,175.2791748046875,27.255773544311523,13.771258354187012,413.6455993652344,23.153228759765625,145.2203369140625,40.88999938964844,19.700862884521484,26.074886322021484,39.068058013916016,56.3929328918457,14.580453872680664,52.75243377685547,130341.0,144.19791179195315
2024-11-07,23.795482635498047,31.20742416381836,18.81570816040039,34.92094039916992,179.48959350585938,26.85639762878418,13.385629653930664,418.8139953613281,22.78702735900879,148.48162841796875,39.90999984741211,19.12982177734375,25.799663543701172,38.51844787597656,55.81478500366211,15.178767204284668,52.45147705078125,129682.0,144.25841290980372
2024-11-08,23.613767623901367,30.669530868530273,18.70856475830078,34.240291595458984,177.1063232421875,26.43441390991211,12.940013885498047,415.9689636230469,22.594768524169922,147.2349090576172,38.970001220703125,18.51119613647461,25.462297439575195,37.46503448486328,55.35037612915039,15.013079643249512,51.81193923950195,127830.0,144.3189394121083
2024-11-11,23.631938934326172,31.70757484436035,18.716806411743164,34.215389251708984,179.0924072265625,26.464557647705078,13.197098731994629,411.5093994140625,22.448286056518555,144.87127685546875,39.310001373291016,18.76816177368164,25.417905807495117,38.99477767944336,55.132381439208984,16.20970916748047,52.18813705444336,127874.0,144.37949130951745
2024-11-12,23.577423095703125,31.990678787231445,18.790979385375977,33.33551025390625,180.35353088378906,26.14806365966797,13.46275520324707,416.4513244628906,22.46660041809082,147.89315795898438,39.20000076293945,18.996578216552734,25.568832397460938,41.642059326171875,56.279197692871094,15.97958755493164,52.12230682373047,127698.0,144.4400686126862
2024-11-13,23.577423095703125,32.04729461669922,19.04647445678711,34.148983001708984,177.6326446533203,26.012428283691406,13.377059936523438,418.58758544921875,22.75040626525879,145.87855529785156,39.349998474121094,19.11078643798828,26.074886322021484,41.38557434082031,56.629878997802734,15.629803657531738,51.44514465332031,127734.0,144.500671332274
2024-11-14,23.050453186035156,32.226593017578125,18.675594329833984,34.71342468261719,174.3556365966797,25.937074661254883,14.48253059387207,420.25128173828125,23.482812881469727,146.3672637939453,39.70000076293945,19.139339447021484,26.19029998779297,40.97336959838867,57.38810348510742,14.976261138916016,51.115966796875,127792.0,144.5612994789449
2024-11-15,23.050453186035156,32.226593017578125,18.675594329833984,34.71342468261719,171.28721618652344,25.937074661254883,14.48253059387207,408.54620361328125,23.482812881469727,141.60003662109375,39.70000076293945,19.139339447021484,26.19029998779297,40.97336959838867,57.38810348510742,14.976261138916016,51.115966796875,127792.0,144.5612994789449
2024-11-18,23.359365463256836,32.23603439331055,18.411861419677734,33.991268157958984,174.0775909423828,25.84664535522461,14.362557411193848,409.29443359375,23.299713134765625,139.7749481201172,40.20000076293945,19.196443557739258,26.15478515625,39.709266662597656,57.549224853515625,15.031488418579102,50.78679656982422,127768.0,144.6219530633673
2024-11-19,23.4865665435791,32.20772171020508,18.378896713256836,34.82963562011719,176.87794494628906,26.080245971679688,14.619643211364746,411.2928161621094,23.69338035583496,146.61659240722656,39.77000045776367,19.42485809326172,25.58658790588379,40.20391082763672,57.24593734741211,15.233994483947754,50.909061431884766,128197.0,144.6826320962141
2024-11-20,23.4865665435791,32.20772171020508,18.378896713256836,34.82963562011719,174.7528533935547,26.080245971679688,14.619643211364746,409.0285949707031,23.69338035583496,145.4995880126953,39.77000045776367,19.42485809326172,25.58658790588379,40.20391082763672,57.24593734741211,15.233994483947754,50.909061431884766,128197.0,144.6826320962141
2024-11-21,22.95050811767578,31.320663452148438,18.411861419677734,34.032772064208984,166.4611053466797,25.62811851501465,15.030982971191406,407.2629089355469,23.253936767578125,146.27752685546875,39.130001068115234,18.948991775512695,25.062786102294922,39.8833122253418,57.615570068359375,14.921031951904297,50.532867431640625,126922.0,144.74333658816272
2024-11-22,23.259424209594727,31.424470901489258,18.749773025512695,34.83794021606445,163.61106872558594,25.70347023010254,15.596572875976562,411.3367919921875,23.546897888183594,141.57012939453125,40.400001525878906,19.186925888061523,25.84405517578125,40.48788070678711,57.530269622802734,15.10512924194336,50.796199798583984,129126.0,144.80406654989503
2024-11-25,23.395709991455078,31.24517250061035,18.70856475830078,34.68022537231445,166.48092651367188,25.695940017700195,15.733685493469238,413.1025085449219,23.601829528808594,135.656005859375,39.849998474121094,19.358238220214844,26.208057403564453,39.87415313720703,56.77204513549805,15.04990005493164,49.0468864440918,129036.0,144.86482199209735
2024-11-26,23.769149780273438,31.915185928344727,19.137128829956055,35.344276428222656,167.94068908691406,26.18574333190918,15.682267189025879,422.17755126953125,23.913103103637695,136.5535888671875,39.849998474121094,19.777000427246094,26.12815284729004,40.377960205078125,56.20337677001953,15.187971115112305,49.6393928527832,129922.0,144.9256029254606
2024-11-27,23.352468490600586,30.244871139526367,17.89263916015625,34.63042068481445,168.04994201660156,25.54522705078125,16.06789779663086,417.2454528808594,22.75040626525879,134.9778289794922,39.56999969482422,19.263063430786133,24.902976989746094,38.06043243408203,56.620399475097656,14.350333213806152,49.00925827026367,127669.0,144.98640936068003
2024-11-28,22.667268753051758,29.159645080566406,16.67287254333496,33.69244384765625,168.04994201660156,24.625898361206055,15.742255210876465,417.2454528808594,21.77081298828125,134.9778289794922,39.470001220703125,18.482643127441406,24.32590675354004,35.7245979309082,58.316925048828125,12.831534385681152,49.76165771484375,124610.0,145.04724130845548
2024-11-29,22.935794830322266,28.57456398010254,16.944847106933594,33.377017974853516,167.77188110351562,24.565616607666016,16.085037231445312,417.70904541015625,21.779966354370117,137.8800506591797,40.13999938964844,18.51119613647461,24.01517105102539,34.42386245727539,59.14149856567383,12.895968437194824,50.730369567871094,125668.0,145.10809877949126
2024-12-02,22.75060272216797,28.31977081298828,16.738805770874023,32.73786544799805,170.29415893554688,24.21702766418457,16.20500946044922,425.126953125,21.487001419067383,138.25901794433594,40.0,17.94967269897461,23.970783233642578,33.54448318481445,58.85716247558594,12.454136848449707,50.64572525024414,125236.0,145.1689817844962
2024-12-03,23.02838897705078,28.37639045715332,16.903636932373047,33.02839279174805,170.14523315429688,24.488447189331055,16.453527450561523,425.3439636230469,21.221506118774414,139.88462829589844,40.810001373291016,17.85449981689453,23.43809700012207,34.00249099731445,60.08927536010742,12.270040512084961,51.351104736328125,126139.0,145.22989033418355
2024-12-04,23.306175231933594,28.989778518676758,17.07671546936035,32.71296691894531,173.15411376953125,24.63924217224121,16.702043533325195,431.4794616699219,20.93769645690918,144.75157165527344,39.709999084472656,18.349401473999023,23.864242553710938,33.214717864990234,61.65311813354492,12.352883338928223,51.727298736572266,126087.0,145.29082443927106
2024-12-05,23.593217849731445,29.254011154174805,17.34868812561035,33.06989669799805,171.43612670898438,25.167011260986328,17.027687072753906,436.6088562011719,21.69757080078125,144.68177795410156,40.65999984741211,18.76816177368164,24.174978256225586,33.89257049560547,61.70050048828125,12.362088203430176,51.66146469116211,127858.0,145.35178411048105
2024-12-06,22.898754119873047,28.88597869873047,17.068471908569336,32.42244338989258,173.49171447753906,24.65431785583496,16.702043533325195,437.5459899902344,21.258127212524414,142.068603515625,39.70000076293945,18.273263931274414,24.32590675354004,31.895658493041992,62.01327133178711,12.17799186706543,52.29159164428711,125946.0,145.4127693585403
2024-12-09,22.84320068359375,28.659496307373047,16.903636932373047,31.924396514892578,174.34671020507812,24.77495574951172,17.45616340637207,439.96270751953125,21.31305503845215,138.44805908203125,39.900001525878906,18.206640243530273,24.07731819152832,30.640714645385742,63.16956329345703,12.001396179199219,52.43266677856445,127210.0,145.47378019418005
2024-12-10,22.991352081298828,29.103023529052734,16.961332321166992,32.12361526489258,184.08950805664062,25.11028289794922,17.096242904663086,437.3092041015625,21.19403839111328,134.71783447265625,40.04999923706055,18.634920120239258,24.547855377197266,31.538410186767578,61.23609161376953,12.37440013885498,53.49543380737305,128228.0,145.53481662813613
2024-12-11,23.482107162475586,29.659791946411133,17.15913200378418,33.161197662353516,194.25982666015625,25.353849411010742,17.910348892211914,442.8923645019531,21.61517333984375,138.94677734375,41.9900016784668,18.90140724182129,24.876346588134766,32.45442581176758,60.752723693847656,12.812679290771484,55.06604766845703,129593.0,145.5958786711488
2024-12-12,23.17112922668457,29.01809310913086,16.475072860717773,32.44734191894531,190.83990478515625,24.72209930419922,16.976268768310547,443.45458984375,20.791213989257812,136.98190307617188,41.04999923706055,18.435056686401367,24.42356300354004,30.91551971435547,59.710166931152344,11.982745170593262,54.36068344116211,126042.0,145.6621437234084
2024-12-13,22.854097366333008,28.480195999145508,16.087717056274414,31.791584014892578,188.71238708496094,24.402414321899414,16.639999389648438,441.19573974609375,20.598960876464844,133.89996337890625,41.5,18.092432022094727,23.81097412109375,29.523178100585938,59.16044998168945,11.637717247009277,54.22901916503906,124612.0,145.72843893488124
2024-12-16,22.52774429321289,27.253414154052734,15.683874130249023,31.127534866333008,195.51246643066406,24.136011123657227,17.459999084472656,445.45703125,20.177825927734375,131.6558074951172,41.150001525878906,17.6070499420166,23.899757385253906,28.13083267211914,60.53472900390625,11.6936674118042,53.71174621582031,123560.0,145.79476431929365
2024-12-17,22.770179748535156,27.574264526367188,15.57673168182373,31.965900421142578,194.27967834472656,24.265409469604492,16.0,448.2881164550781,20.30599594116211,130.05001831054688,41.31999969482422,17.99725914001465,23.68668556213379,28.56136131286621,60.835548400878906,12.542251586914062,54.45473861694336,124698.0,145.8611198903783
2024-12-18,22.136119842529297,26.064380645751953,14.826742172241211,30.80380630493164,187.3006591796875,23.572765350341797,16.290000915527344,431.4498596191406,19.82077407836914,128.57386779785156,39.91999816894531,17.273942947387695,23.233903884887695,27.77686309814453,60.29726791381836,11.628392219543457,53.655311584472656,120772.0,145.92750566187397
2024-12-19,22.275983810424805,26.923128128051758,15.189374923706055,31.54256248474121,187.41001892089844,23.70216178894043,16.3700008392334,431.0947265625,19.884859085083008,130.33924865722656,39.68000030517578,17.6070499420166,23.61199951171875,30.20838165283203,59.40665817260742,12.178572654724121,53.10042190551758,121188.0,145.99392164752587
2024-12-20,22.453149795532227,27.403154373168945,15.337725639343262,32.22322463989258,190.29310607910156,23.976171493530273,16.799999237060547,430.67059326171875,20.50740623474121,134.3488006591797,40.27000045776367,17.74980926513672,24.077260971069336,31.257089614868164,58.349666595458984,12.393049240112305,52.235164642333984,122102.0,146.0603678610853
2024-12-23,22.303956985473633,26.630563735961914,15.082233428955078,30.911720275878906,193.49432373046875,23.511869430541992,16.65999984741211,429.3389587402344,19.77215576171875,139.30580139160156,39.25,17.312013626098633,23.406213760375977,30.5146427154541,59.935150146484375,11.740293502807617,51.08588790893555,120767.0,146.1268443163099
2024-12-24,22.303956985473633,26.630563735961914,15.082233428955078,30.911720275878906,194.96566772460938,23.511869430541992,16.65999984741211,433.363525390625,19.77215576171875,139.85440063476562,39.25,17.312013626098633,23.406213760375977,30.5146427154541,59.935150146484375,11.740293502807617,51.08588790893555,120767.0,146.19335102696357
2024-12-26,22.565044403076172,26.535181045532227,15.04926872253418,30.87021255493164,194.4586639404297,23.66410255432129,16.829999923706055,432.1601257324219,19.457576751708984,139.5651397705078,39.900001525878906,17.09311294555664,22.96779441833496,30.1898193359375,60.620235443115234,11.469865798950195,51.48146438598633,121078.0,146.25988800681648
2024-12-27,22.481121063232422,26.306264877319336,14.826742172241211,30.57969093322754,191.63523864746094,23.42814826965332,16.600000381469727,424.6830749511719,19.605613708496094,136.6527557373047,39.90999984741211,16.98842430114746,22.618846893310547,30.161977767944336,60.27769088745117,11.469865798950195,50.558448791503906,120269.0,146.32645526964504
2024-12-30,22.537071228027344,25.943815231323242,14.389932632446289,30.280868530273438,190.12411499023438,23.390092849731445,17.030000686645508,419.0604248046875,19.50383758544922,137.1315155029297,40.150001525878906,16.978906631469727,22.744112014770508,29.883562088012695,60.46364212036133,11.60041618347168,49.70137023925781,120283.0,146.3930528292319
2024-12-31,22.537071228027344,25.943815231323242,14.389932632446289,30.280868530273438,188.19540405273438,23.390092849731445,17.030000686645508,415.7757263183594,19.50383758544922,133.93984985351562,40.150001525878906,16.978906631469727,22.744112014770508,29.883562088012695,60.46364212036133,11.60041618347168,49.70137023925781,120283.0,146.45968069936606
2025-01-02,22.303956985473633,25.848432540893555,14.414660453796387,29.923938751220703,188.3246612548828,23.28167724609375,17.15999984741211,412.89532470703125,19.371049880981445,137.94937133789062,40.77000045776367,16.931320190429688,22.6009521484375,29.883562088012695,61.0704345703125,11.572441101074219,49.6542854309082,120125.0,146.52633889384273
2025-01-03,22.136119842529297,25.485980987548828,14.258068084716797,29.55040740966797,190.67088317871094,22.710493087768555,16.850000381469727,417.6005859375,19.135162353515625,144.0933074951172,40.619998931884766,16.7409725189209,22.502531051635742,29.95780372619629,61.34446716308594,11.591092109680176,49.409400939941406,118533.0,146.5930274264635
2025-01-06,22.34125518798828,26.42438507080078,14.727845191955566,30.66269302368164,195.7212371826172,23.73101043701172,16.40999984741211,422.0394592285156,19.74846649169922,149.04039001464844,40.97999954223633,17.102630615234375,23.28095054626465,29.97636604309082,61.11936569213867,11.814894676208496,49.418819427490234,120022.0,146.6597463110361
2025-01-07,22.611661911010742,26.894367218017578,14.793773651123047,31.243743896484375,194.3492889404297,23.98995018005371,16.799999237060547,416.63385009765625,19.672985076904297,139.7746124267578,41.630001068115234,17.416702270507812,23.84463119506836,29.697948455810547,60.69853210449219,11.796243667602539,50.40775680541992,121163.0,146.72649556137463
2025-01-08,22.52774429321289,26.779268264770508,14.661909103393555,30.546483993530273,192.81829833984375,23.601537704467773,16.950000762939453,418.7941589355469,19.29556655883789,139.74468994140625,41.400001525878906,17.131183624267578,23.59410858154297,28.52859115600586,60.483219146728516,11.171463012695312,50.11578369140625,119625.0,146.79327519129944
2025-01-09,22.630313873291016,27.431488037109375,14.99981689453125,30.629491806030273,192.81829833984375,23.662473678588867,16.989999771118164,418.7941589355469,19.342742919921875,139.74468994140625,41.959999084472656,16.98842430114746,23.692527770996094,28.1016845703125,60.160247802734375,11.255388259887695,51.13298416137695,119781.0,146.86008521463728
2025-01-10,22.574365615844727,26.597028732299805,14.917401313781738,30.330669403076172,190.91941833496094,23.334991455078125,16.860000610351562,413.26031494140625,19.097421646118164,135.55563354492188,42.630001068115234,16.37931251525879,23.5046329498291,26.793119430541992,60.13088607788086,11.246063232421875,50.24763870239258,118856.0,146.92692564522102
2025-01-13,22.574365615844727,27.162925720214844,15.288272857666016,30.24766731262207,189.8954315185547,23.50253677368164,16.899999618530273,411.52423095703125,18.870967864990234,132.8826141357422,42.529998779296875,16.284141540527344,23.316740036010742,26.69103240966797,60.75725173950195,11.302013397216797,50.1534538269043,119007.0,146.9937964968899
2025-01-14,22.98464012145996,27.354755401611328,15.84046745300293,30.214460372924805,188.55331420898438,23.517772674560547,16.510000228881836,410.02484130859375,19.323871612548828,131.41644287109375,42.20000076293945,16.42690086364746,23.4151611328125,27.117937088012695,59.63175582885742,11.339314460754395,49.8520622253418,119299.0,147.06069778348953
2025-01-15,23.562753677368164,28.92774772644043,16.400897979736328,30.787208557128906,194.40896606445312,24.538293838500977,16.219999313354492,420.5203857421875,19.72960090637207,135.884765625,43.0,16.512557983398438,24.193578720092773,28.742046356201172,59.78834533691406,11.469865798950195,51.010536193847656,122650.0,147.12762951887171
2025-01-16,23.66531753540039,28.89897346496582,16.087717056274414,29.882431030273438,191.78436279296875,24.46213722229004,15.1899995803833,418.8138427734375,19.23895263671875,133.2217559814453,41.970001220703125,16.093795776367188,23.880422592163086,28.06456184387207,59.07390213012695,11.329988479614258,50.54903030395508,121234.0,147.19459171689465
2025-01-17,23.637348175048828,28.822242736816406,16.087717056274414,30.471778869628906,194.85633850097656,24.63729476928711,15.479999542236328,423.20343017578125,19.371049880981445,137.3509521484375,42.709999084472656,16.24607276916504,23.8983154296875,28.25017547607422,60.95298767089844,11.134161949157715,51.019954681396484,122350.0,147.2615843914228
2025-01-20,23.711942672729492,28.98529624938965,16.392656326293945,30.886816024780273,194.85633850097656,24.87338638305664,15.579999923706055,423.20343017578125,19.531450271606445,137.3509521484375,42.689998626708984,16.150897979736328,24.157787322998047,28.380102157592773,60.483219146728516,11.348639488220215,51.92413330078125,122543.0,147.32860755632683
2025-01-21,23.92640495300293,29.157941818237305,16.565732955932617,30.63779640197754,196.8943634033203,24.92670249938965,14.949999809265137,422.68060302734375,19.7956485748291,140.46279907226562,42.720001220703125,16.055727005004883,24.417261123657227,28.361541748046875,61.0704345703125,11.339314460754395,52.39506149291992,123338.0,147.39566122548393
2025-01-22,24.364652633666992,29.62792205810547,16.615182876586914,31.00302505493164,197.2124786376953,24.835311889648438,15.029999732971191,440.1402282714844,19.823951721191406,146.68653869628906,42.45000076293945,16.169933319091797,24.766206741333008,28.333698272705078,60.091739654541016,11.6936674118042,53.15795135498047,122972.0,147.46274541277748
2025-01-23,24.914791107177734,29.656694412231445,16.483314514160156,30.87021255493164,196.82476806640625,24.782005310058594,15.640000343322754,440.6433410644531,19.73903465270996,146.83616638183594,41.47999954223633,15.970070838928223,24.77515411376953,27.86966896057129,61.4129753112793,11.376614570617676,53.92085266113281,122483.0,147.5298601320972
2025-01-24,24.821544647216797,29.723834991455078,16.8129825592041,31.193939208984375,199.04177856445312,24.721073150634766,15.649999618530273,438.0293273925781,19.635244369506836,142.24813842773438,41.150001525878906,15.893932342529297,25.06146812438965,28.13880729675293,61.422760009765625,11.637717247009277,54.50479507446289,122447.0,147.59700539733913
2025-01-27,25.837905883789062,30.36646270751953,17.27451515197754,32.07381057739258,190.69076538085938,25.31511116027832,15.84000015258789,428.6583251953125,20.324033737182617,118.1112289428711,42.099998474121094,16.541109085083008,25.562519073486328,29.42881202697754,61.745731353759766,12.327775001525879,50.2099723815918,124862.0,147.66418122240563
2025-01-28,25.670066833496094,30.126676559448242,17.068471908569336,32.23982620239258,194.160400390625,25.360803604125977,15.930000305175781,441.1266784667969,20.34290313720703,128.6536865234375,41.380001068115234,16.731456756591797,24.84673500061035,29.113271713256836,61.422760009765625,12.309123992919922,50.94460678100586,124056.0,147.73138762120536
2025-01-29,25.586145401000977,29.954030990600586,17.266273498535156,31.750083923339844,194.269775390625,25.29987907409668,15.739999771118164,436.3227844238281,20.333467483520508,123.3774642944336,40.41999816894531,17.045528411865234,24.327789306640625,28.008878707885742,60.87469482421875,12.570225715637207,51.264835357666016,123432.0,147.7986246076534
2025-01-30,25.772634506225586,30.74052619934082,17.637147903442383,33.534732818603516,199.69790649414062,25.916759490966797,15.920000076293945,409.3541564941406,21.05056381225586,124.32499694824219,41.459999084472656,17.43573760986328,25.285154342651367,29.382408142089844,61.031288146972656,13.40015983581543,52.94132614135742,126913.0,147.87110061920228
2025-01-31,25.809932708740234,31.239280700683594,17.818464279174805,32.92047882080078,202.8295135498047,25.749208450317383,15.890000343322754,409.4231872558594,21.13548469543457,119.75692749023438,40.9900016784668,17.51187515258789,25.00778579711914,28.649240493774414,61.04106903076172,13.40015983581543,51.83937072753906,126135.0,147.94361217081294
2025-02-03,25.744661331176758,30.692569732666016,18.090436935424805,33.47662353515625,200.0557861328125,25.511205673217773,15.100000381469727,405.33941650390625,21.33363151550293,116.35584259033203,41.22999954223633,17.74980926513672,25.00778579711914,29.215356826782227,61.11936569213867,13.446785926818848,50.76565933227539,125970.0,148.01615927991315
2025-02-04,25.89385223388672,30.32809829711914,18.049230575561523,33.684139251708984,205.17575073242188,25.602643966674805,14.729999542236328,406.7696838378906,21.343069076538086,118.34063720703125,41.22999954223633,17.825946807861328,25.168838500976562,29.382408142089844,58.64327621459961,13.558686256408691,50.91635513305664,125147.0,148.08874196393927
2025-02-05,25.949798583984375,30.404827117919922,17.9173641204834,33.90826416015625,190.2135772705078,25.99125862121582,14.989999771118164,407.67718505859375,21.24871063232422,124.50453186035156,40.34000015258789,17.5784969329834,25.14199447631836,29.317445755004883,58.418174743652344,13.418810844421387,51.302513122558594,125534.0,148.16136024033614
2025-02-06,26.248178482055664,30.788482666015625,18.700321197509766,33.91656494140625,190.4820098876953,26.036975860595703,15.229999542236328,410.1728210449219,21.003387451171875,128.34446716308594,40.56999969482422,17.959192276000977,25.338834762573242,29.595861434936523,58.809654235839844,13.679912567138672,51.35902404785156,126225.0,148.23401412655718
2025-02-07,25.90317726135254,30.807666778564453,18.420106887817383,33.60943603515625,184.25851440429688,25.846481323242188,14.84000015258789,404.185302734375,20.824111938476562,129.50143432617188,39.619998931884766,17.559463500976562,25.18673324584961,27.78614616394043,58.25179672241211,13.670587539672852,50.8033332824707,124619.0,148.30670364006443
2025-02-10,25.940473556518555,30.260953903198242,18.77449607849121,33.194400787353516,185.38194274902344,26.128414154052734,15.130000114440918,406.6217346191406,21.041128158569336,133.2217559814453,40.0,17.540428161621094,25.553573608398438,28.055282592773438,58.085418701171875,14.211442947387695,51.05763244628906,125572.0,148.37942879832843
2025-02-11,26.164257049560547,30.99949836730957,19.292259216308594,34.09918212890625,184.2386474609375,26.402725219726562,15.239999771118164,405.8523254394531,21.163793563842773,132.45376586914062,40.29999923706055,17.864017486572266,25.875675201416016,28.797731399536133,57.67436981201172,14.425921440124512,50.02159881591797,126522.0,148.45218961882827
2025-02-12,25.73533821105957,30.414419174194336,19.31765365600586,33.501529693603516,182.5386199951172,25.671222686767578,14.619999885559082,403.4849548339844,21.041128158569336,130.79808044433594,39.5099983215332,17.673669815063477,25.723569869995117,28.472909927368164,56.734825134277344,14.314020156860352,49.63544464111328,124380.0,148.52498611905168
2025-02-13,25.595470428466797,30.318506240844727,19.199140548706055,33.72564697265625,185.0538787841797,25.808382034301758,14.149999618530273,404.96453857421875,21.031696319580078,134.937255859375,38.88999938964844,17.883052825927734,25.660940170288086,27.60053253173828,57.96797561645508,14.407269477844238,49.418819427490234,124850.0,148.59781831649488
2025-02-14,26.80764389038086,31.690080642700195,19.673194885253906,34.97074508666992,184.149169921875,26.494163513183594,14.4399995803833,402.8832092285156,21.560081481933594,138.4879608154297,39.43000030517578,18.777681350708008,26.36777687072754,29.33600616455078,57.596073150634766,15.004076957702637,50.67147445678711,128219.0,148.67068622866273
2025-02-17,27.18994140625,32.05455017089844,19.876358032226562,35.277870178222656,184.149169921875,26.547502517700195,14.149999618530273,402.8832092285156,21.87145233154297,138.4879608154297,39.119998931884766,18.435056686401367,26.985143661499023,30.13414192199707,56.5782356262207,15.237204551696777,49.39997100830078,128869.0,148.74358987306871
2025-02-18,27.460350036621094,32.15047073364258,20.087987899780273,34.88774108886719,182.6976776123047,26.503095626831055,14.050000190734863,404.0767822265625,21.673309326171875,139.03652954101562,39.0,18.101951599121094,26.84198760986328,29.697948455810547,56.470577239990234,15.283827781677246,49.81439208984375,128532.0,148.81652926723476
2025-02-19,26.91020965576172,31.536617279052734,19.258399963378906,34.26519012451172,184.18893432617188,26.255630493164062,13.869999885559082,409.1370544433594,21.28645133972168,138.86697387695312,39.0099983215332,17.74980926513672,26.305147171020508,28.259456634521484,56.83269500732422,15.11597728729248,49.173927307128906,127309.0,148.88950442869157
2025-02-20,26.10831069946289,31.939455032348633,19.266862869262695,34.07427215576172,183.4830780029297,26.18378257751465,13.569999694824219,411.3017272949219,21.210968017578125,139.74468994140625,38.529998779296875,17.597532272338867,26.91356658935547,28.166648864746094,56.44121551513672,15.367753982543945,49.0703239440918,127601.0,148.96251537497827
2025-02-21,26.089662551879883,31.94904899597168,20.104921340942383,34.60552215576172,178.6116485595703,26.103958129882812,13.789999961853027,403.47357177734375,20.937341690063477,134.07949829101562,37.70000076293945,17.197803497314453,26.555673599243164,27.136497497558594,56.274837493896484,15.834009170532227,49.87090301513672,127128.0,149.03556212364268
2025-02-24,25.931148529052734,31.30642318725586,19.24993324279785,33.626033782958984,178.20407104492188,25.96026039123535,13.460000038146973,399.3124084472656,20.522180557250977,129.94032287597656,36.72999954223633,17.131183624267578,25.303049087524414,25.86505889892578,55.81485366821289,14.994751930236816,48.55231475830078,125401.0,149.10864469224128
2025-02-25,26.32277488708496,31.105003356933594,18.87746238708496,34.68022537231445,174.39639282226562,26.223697662353516,13.720000267028809,393.283203125,20.62596893310547,126.29981994628906,36.65999984741211,17.11214828491211,25.643043518066406,26.301246643066406,55.628902435302734,15.069351196289062,49.35288619995117,125980.0,149.18176309833902
2025-02-26,26.173583984375,31.066635131835938,18.454200744628906,33.97583770751953,171.7220916748047,26.159832000732422,13.930000305175781,395.09197998046875,20.239112854003906,130.93772888183594,36.16999816894531,16.560144424438477,25.32094383239746,25.65160369873047,55.82463836669922,14.304694175720215,45.067474365234375,124769.0,149.25491735950956
2025-02-27,26.071016311645508,30.730937957763672,18.581180572509766,33.71495056152344,167.5167999267578,26.13588523864746,15.170000076293945,387.9754943847656,20.324033737182617,119.83672332763672,38.20000076293945,16.607730865478516,25.052520751953125,25.614482879638672,55.95186996459961,14.388620376586914,46.05641174316406,124799.0,149.32810749333515
2025-02-28,25.464929580688477,30.289730072021484,17.954748153686523,33.09752655029297,169.2864227294922,25.49725341796875,13.630000114440918,392.3837585449219,19.76734161376953,124.59428405761719,38.16999816894531,16.112829208374023,24.327789306640625,26.078510284423828,55.11019515991211,13.735862731933594,45.60432434082031,122799.0,149.40133351740667
2025-03-03,25.464929580688477,30.289730072021484,17.954748153686523,33.09752655029297,166.03546142578125,25.49725341796875,13.630000114440918,383.9823913574219,19.76734161376953,113.76260375976562,38.16999816894531,16.112829208374023,24.327789306640625,26.078510284423828,55.11019515991211,13.735862731933594,45.60432434082031,122799.0,149.40133351740667
2025-03-04,25.464929580688477,30.289730072021484,17.954748153686523,33.09752655029297,169.9226837158203,25.49725341796875,13.630000114440918,384.1009521484375,19.76734161376953,115.68757629394531,38.16999816894531,16.112829208374023,24.327789306640625,26.078510284423828,55.11019515991211,13.735862731933594,45.60432434082031,122799.0,149.40133351740667
2025-03-05,25.89385223388672,30.635025024414062,18.039403915405273,32.89751052856445,172.0104217529297,25.878767013549805,14.59000015258789,396.366943359375,19.578630447387695,116.99415588378906,37.369998931884766,16.626766204833984,24.139894485473633,26.078510284423828,54.190223693847656,13.446785926818848,45.1613883972168,123047.0,149.4745954493236
2025-03-06,25.856555938720703,30.165042877197266,18.479597091674805,33.22796630859375,171.34432983398438,25.926692962646484,14.1899995803833,392.2849426269531,20.00322723388672,110.2817153930664,37.47999954223633,17.09311294555664,24.18463134765625,26.282684326171875,53.98469543457031,13.661262512207031,44.81071090698242,123358.0,149.5478933066941
2025-03-07,26.164257049560547,30.769304275512695,18.758949279785156,34.10627746582031,172.84552001953125,26.038511276245117,14.850000381469727,388.7464294433594,20.3712100982666,112.39617919921875,38.31999969482422,17.007457733154297,25.177785873413086,27.67477798461914,54.16086196899414,13.782488822937012,45.38885498046875,125035.0,149.62122710713493
2025-03-10,26.080337524414062,30.577472686767578,18.631969451904297,33.97583770751953,165.09205627441406,26.2701473236084,15.039999961853027,375.74908447265625,20.25798225402832,106.70105743408203,37.529998779296875,16.503040313720703,24.721467971801758,27.609811782836914,54.40553665161133,13.586661338806152,45.189823150634766,124519.0,149.69459686827147
2025-03-11,25.84722900390625,30.625429153442383,18.1917781829834,33.89756774902344,163.27061462402344,26.038511276245117,14.569999694824219,376.0356750488281,20.191936492919922,108.47642517089844,37.15999984741211,16.55062484741211,23.97884178161621,27.860387802124023,53.95533752441406,13.064456939697266,44.166221618652344,123507.0,149.76800260773777
2025-03-12,25.819000244140625,31.00908851623535,19.199140548706055,34.43673324584961,166.32623291015625,26.118389129638672,15.029999732971191,378.82293701171875,20.27685546875,115.44884490966797,36.880001068115234,16.66483497619629,24.971996307373047,28.166648864746094,53.583431243896484,13.484086036682129,44.734886169433594,123864.0,149.84144434317653
2025-03-13,26.23897361755371,32.01618957519531,18.97904396057129,34.95849609375,161.9966278076172,26.54171371459961,14.9399995803833,374.37518310546875,20.578792572021484,115.28924560546875,36.5,16.940837860107422,24.605154037475586,29.01118278503418,53.152809143066406,12.495626449584961,44.29891586303711,125637.0,149.9149220922391
2025-03-14,26.611223220825195,32.553306579589844,19.749380111694336,35.593318939208984,164.71383666992188,27.404338836669922,15.260000228881836,384.051513671875,21.61669158935547,121.36392211914062,39.349998474121094,17.131183624267578,25.3477840423584,30.486799240112305,52.98643112182617,12.672802925109863,44.29891586303711,128957.0,149.98843587258548
2025-03-17,27.16482925415039,33.474082946777344,19.876358032226562,36.14117431640625,163.5194549560547,28.227022171020508,14.8100004196167,384.1899719238281,22.069599151611328,119.22930908203125,39.70000076293945,17.28346061706543,25.884624481201172,30.969390869140625,53.43662643432617,12.859304428100586,45.1613883972168,130834.0,150.06198570188434
2025-03-18,27.20301055908203,34.1167106628418,20.528181076049805,36.12378692626953,159.9164276123047,28.378786087036133,15.800000190734863,379.0700378417969,21.96580696105957,115.13961791992188,39.650001525878906,17.178770065307617,25.634098052978516,30.523923873901367,53.837890625,12.896605491638184,45.1613883972168,131475.0,150.135571597813
2025-03-19,27.0980167388916,34.35649490356445,21.129213333129883,36.97600555419922,163.12132263183594,28.449071884155273,15.979999542236328,383.3201599121094,22.05072784423828,117.22434997558594,39.27000045776367,17.321529388427734,25.90251922607422,31.182846069335938,53.68130111694336,13.465435981750488,45.62579345703125,132508.0,150.2091935780574
2025-03-20,26.964387893676758,34.1167106628418,20.502784729003906,36.549896240234375,162.0364532470703,28.18549156188965,17.049999237060547,382.3515319824219,21.805402755737305,118.23181915283203,39.279998779296875,17.312013626098633,25.75935935974121,30.755939483642578,54.65020751953125,13.297584533691406,45.39833068847656,131955.0,150.2880999695359
2025-03-21,27.078927993774414,34.337310791015625,20.257295608520508,36.21944046020508,163.22085571289062,28.246999740600586,18.209999084472656,386.72027587890625,21.8431453704834,117.4039077758789,39.060001373291016,16.921802520751953,25.6788330078125,31.052915573120117,53.19195556640625,13.101758003234863,45.35094451904297,132345.0,150.36704781133088
2025-03-24,27.06938362121582,33.78101348876953,20.121850967407227,35.67158126831055,166.89356994628906,28.27335548400879,17.850000381469727,388.5191345214844,21.72048568725586,121.10458374023438,39.5,16.25558853149414,25.267257690429688,30.1991024017334,52.976646423339844,12.924580574035645,44.962364196777344,131321.0,150.44603712521663
2025-03-25,27.174375534057617,34.01120376586914,20.485857009887695,35.82811737060547,169.7600555419922,28.501794815063477,17.56999969482422,390.57501220703125,21.729921340942383,120.38639831542969,39.09000015258789,16.22703742980957,25.32988929748535,30.84874725341797,52.2719841003418,13.232308387756348,44.6205940246582,132068.0,150.52506793297889
2025-03-26,27.498903274536133,33.87692642211914,20.756744384765625,35.575927734375,164.28582763671875,28.194276809692383,17.309999465942383,385.4452209472656,21.805402755737305,113.47382354736328,40.619998931884766,16.25558853149414,25.95620346069336,32.315086364746094,52.379642486572266,13.418810844421387,44.38325119018555,132520.0,150.60414025641478
2025-03-27,27.384363174438477,33.49326705932617,21.11228370666504,35.602020263671875,161.47909545898438,28.229421615600586,17.829999923706055,386.048095703125,21.63556480407715,111.14968872070312,40.65999984741211,16.484004974365234,25.78609848022461,32.678436279296875,52.75154495239258,13.42813491821289,44.04146957397461,133149.0,150.68325411733287
2025-03-28,27.336639404296875,33.474082946777344,20.985305786132812,35.08894348144531,153.60618591308594,27.84284210205078,18.059999465942383,374.4048156738281,21.475162506103516,109.39411926269531,40.13999938964844,16.160415649414062,25.948162078857422,32.424530029296875,52.06645965576172,13.39083480834961,43.528812408447266,131902.0,150.76240953755325
2025-03-31,26.90711784362793,32.32311248779297,20.78213882446289,34.784576416015625,153.91473388671875,27.596834182739258,18.059999465942383,371.0343933105469,21.324193954467773,108.10736083984375,39.79999923706055,15.437098503112793,25.38994789123535,31.587587356567383,51.81199645996094,12.868630409240723,42.987667083740234,130260.0,150.8416065389074
2025-04-01,27.040746688842773,32.73554611206055,21.425493240356445,34.83675765991211,156.3333282470703,27.603553771972656,18.700000762939453,377.7554931640625,21.56736946105957,109.87291717529297,40.060001373291016,15.503721237182617,25.164857864379883,33.007568359375,52.26219940185547,13.129733085632324,43.05412673950195,131147.0,150.92084514323838
2025-04-02,27.05983543395996,32.95615005493164,21.882619857788086,35.184600830078125,156.30345153808594,27.612348556518555,18.760000228881836,377.7060852050781,21.681734085083008,110.14222717285156,39.58000183105469,16.055727005004883,25.57001495361328,34.27709197998047,52.30134201049805,13.325559616088867,42.62690734863281,131190.0,151.0001253724006
2025-04-03,27.212553024291992,33.387760162353516,22.043458938598633,36.67164611816406,150.01312255859375,28.104639053344727,18.600000381469727,368.78082275390625,22.444168090820312,101.5439224243164,36.83000183105469,16.798076629638672,25.993181228637695,35.019996643066406,49.981842041015625,13.679912567138672,42.02880096435547,131141.0,151.07944724825998
2025-04-04,26.70667266845703,31.670896530151367,21.467824935913086,35.697669982910156,144.91712951660156,27.374990463256836,18.549999237060547,355.6648254394531,21.710329055786133,94.07275390625,33.900001525878906,16.24607276916504,25.76809310913086,33.94795608520508,49.815467834472656,12.747404098510742,41.50664520263672,127256.0,151.15881079269394
2025-04-07,26.42032814025879,32.2751579284668,21.467824935913086,35.141117095947266,146.06173706054688,27.4277400970459,18.549999237060547,353.7077941894531,21.62455177307129,97.39437103271484,34.5099983215332,16.21752166748047,25.443967819213867,33.67524337768555,49.423988342285156,12.784704208374023,41.7724723815918,125588.0,151.23821602759148
2025-04-08,26.372602462768555,32.22719955444336,22.085786819458008,35.31504440307617,144.02133178710938,27.4365234375,18.59000015258789,350.446044921875,21.958118438720703,96.05775451660156,33.81999969482422,16.02717399597168,25.90314483642578,33.571800231933594,49.629512786865234,12.822004318237305,41.7724723815918,123932.0,151.3176629748529
2025-04-09,26.48714256286621,32.63962936401367,22.13657569885254,35.384613037109375,157.9656219482422,27.937610626220703,19.610000610351562,385.95916748046875,22.52041244506836,114.04238891601562,35.79999923706055,16.341245651245117,26.137237548828125,34.766090393066406,51.126914978027344,13.39083480834961,43.111087799072266,127796.0,151.39715165639024
2025-04-10,26.3057861328125,32.2080192565918,21.68792152404785,35.16720962524414,152.103271484375,27.82332992553711,19.93000030517578,376.92523193359375,22.377456665039062,107.29939270019531,32.88999938964844,16.35076332092285,26.00218391418457,35.17045974731445,51.126914978027344,13.28825855255127,42.63640213012695,126355.0,151.47668209412686
2025-04-11,26.534866333007812,32.19842529296875,21.950342178344727,35.82811737060547,156.4029998779297,27.963985443115234,20.15999984741211,383.9428405761719,22.682430267333984,110.65093994140625,34.33000183105469,16.91228485107422,26.164249420166016,36.27070999145508,50.539695739746094,13.52138614654541,42.83576583862305,127682.0,151.55625430999774
2025-04-14,26.792579650878906,32.9753303527832,22.475183486938477,36.66294479370117,158.32395935058594,28.421113967895508,20.5,383.3102722167969,23.063648223876953,110.4314956665039,33.81999969482422,17.5784969329834,26.69545555114746,36.919578552246094,51.29329299926758,14.118192672729492,43.50032424926758,129454.0,151.63586832594933
2025-04-15,26.5062313079834,32.89859390258789,22.906911849975586,36.97600555419922,155.57688903808594,28.781543731689453,20.149999618530273,381.2544250488281,22.93975257873535,111.9177474975586,33.029998779296875,17.6070499420166,26.947555541992188,37.05122756958008,50.84309387207031,13.819788932800293,43.50032424926758,129245.0,151.71552416393962
2025-04-16,26.391691207885742,32.63962936401367,22.779932022094727,36.68033981323242,152.61087036132812,28.73758888244629,20.649999618530273,367.2982482910156,22.98740577697754,104.2271499633789,33.400001525878906,17.616567611694336,26.73147201538086,36.439979553222656,50.755008697509766,14.099542617797852,43.51932144165039,128317.0,151.7952218459382
2025-04-17,26.181705474853516,33.31102752685547,23.143938064575195,36.9933967590332,150.4510498046875,28.79033088684082,20.700000762939453,363.5126953125,23.0064640045166,101.23468780517578,34.560001373291016,17.968706130981445,26.893537521362305,37.85055923461914,50.73543930053711,14.873523712158203,43.62375259399414,129650.0,151.87496139392607
2025-04-21,26.181705474853516,33.31102752685547,23.143938064575195,36.9933967590332,146.97740173339844,28.79033088684082,20.700000762939453,354.9531555175781,23.0064640045166,96.66622161865234,34.560001373291016,17.968706130981445,26.893537521362305,37.85055923461914,50.73543930053711,14.873523712158203,43.62375259399414,129650.0,151.87496139392607
2025-04-22,26.515777587890625,33.52204513549805,23.757383346557617,37.2542839050293,150.75958251953125,29.35295295715332,21.139999389648438,362.5638427734375,23.149423599243164,98.64122772216797,34.58000183105469,18.12098503112793,26.73147201538086,36.81613540649414,50.725650787353516,15.442355155944824,43.899070739746094,130464.0,151.9547428298959
2025-04-23,26.763944625854492,34.260581970214844,23.53293228149414,37.93258285522461,154.62139892578125,29.96832275390625,21.329999923706055,370.0459899902344,23.340028762817383,102.45162200927734,33.25,18.454090118408203,26.911540985107422,37.954002380371094,51.32265090942383,15.563581466674805,43.92755126953125,132216.0,152.0345661758519
2025-04-24,26.43941879272461,34.62505340576172,23.999099731445312,39.17612838745117,158.53294372558594,30.548532485961914,21.06999969482422,382.80621337890625,23.969038009643555,106.1622543334961,34.5099983215332,18.968029022216797,27.838903427124023,39.12008285522461,51.13669967651367,15.908608436584473,46.13010025024414,134580.0,152.11443145380971
2025-04-25,26.735309600830078,35.1046257019043,23.5242977142334,39.56745910644531,161.20040893554688,30.434242248535156,22.850000381469727,387.3034362792969,24.30260467529297,110.73075866699219,34.880001068115234,18.73009490966797,28.289081573486328,40.2579460144043,50.18737030029297,15.106653213500977,47.364280700683594,134739.0,152.19433868579674
2025-04-28,27.05983543395996,35.60337829589844,23.852340698242188,39.56745910644531,159.85671997070312,30.75950813293457,21.93000030517578,386.62139892578125,23.969038009643555,108.45647430419922,33.810001373291016,18.625402450561523,28.361108779907227,40.493045806884766,49.76652908325195,15.3397798538208,47.77251052856445,135016.0,152.27428789385175
2025-04-29,27.20301055908203,35.8719482421875,23.135822296142578,39.654415130615234,159.40884399414062,31.00564956665039,21.75,389.46795654296875,24.264480590820312,108.74574279785156,34.65999984741211,18.52071189880371,28.32509422302246,40.605892181396484,49.28697204589844,14.770949363708496,47.91492462158203,135093.0,152.35427910002528
2025-04-30,27.613441467285156,36.55293273925781,23.783281326293945,39.95008850097656,158.0552215576172,31.27817726135254,21.479999542236328,390.673828125,24.53133201599121,108.64599609375,33.709999084472656,18.46360969543457,28.829294204711914,40.39900588989258,49.012939453125,15.060027122497559,42.38006591796875,135067.0,152.4343123263793
2025-05-01,27.613441467285156,36.55293273925781,23.783281326293945,39.95008850097656,160.54348754882812,31.27817726135254,21.479999542236328,420.464111328125,24.53133201599121,111.32923126220703,33.709999084472656,18.46360969543457,28.829294204711914,40.39900588989258,49.012939453125,15.060027122497559,42.38006591796875,135067.0,152.4343123263793
2025-05-02,27.584808349609375,36.207645416259766,24.180387496948242,39.480499267578125,163.26068115234375,31.196950912475586,21.59000015258789,430.2294921875,24.76006317138672,114.21196746826172,36.43000030517578,18.339885711669922,28.775270462036133,40.53065872192383,49.57079315185547,14.994751930236816,42.17120361328125,135134.0,152.5143875949875
2025-05-05,27.7947940826416,35.9390869140625,24.6033935546875,39.228309631347656,163.4398651123047,30.642839431762695,20.760000228881836,431.1091613769531,24.51227378845215,113.53367614746094,35.470001220703125,17.987741470336914,28.757265090942383,40.493045806884766,49.423988342285156,14.966775894165039,40.37688064575195,133491.0,152.59450492793502
2025-05-06,27.584808349609375,35.83357620239258,25.0350341796875,38.915245056152344,162.46441650390625,30.48453140258789,20.450000762939453,428.2823486328125,24.474151611328125,113.25439453125,36.970001220703125,18.130502700805664,28.406126022338867,39.49623489379883,49.365264892578125,15.349104881286621,40.77562713623047,133516.0,152.67466434731872
2025-05-07,27.976146697998047,36.25559997558594,24.99186897277832,38.8195915222168,150.67001342773438,30.81874656677246,20.56999969482422,428.3218688964844,24.11199378967285,116.76553344726562,35.72999954223633,17.844982147216797,28.361108779907227,39.58087158203125,50.148223876953125,15.237204551696777,39.826255798339844,133398.0,152.754865875247
2025-05-08,28.071598052978516,38.4520378112793,25.596162796020508,40.22836685180664,153.55641174316406,31.065011978149414,20.450000762939453,433.0859375,24.798187255859375,117.07474517822266,36.65999984741211,18.282777786254883,30.341888427734375,41.28297424316406,50.373321533203125,16.001861572265625,40.07308578491211,136232.0,152.83775983076285
2025-05-09,28.18613624572754,39.14262008666992,26.010536193847656,39.70659637451172,152.03358459472656,32.74492263793945,19.850000381469727,433.6394348144531,24.46462059020996,116.35655975341797,36.66999816894531,16.98842430114746,30.27886199951172,38.555850982666016,49.02272415161133,18.137310028076172,39.674354553222656,136512.0,152.9206987695126
2025-05-12,27.7470703125,38.12592697143555,25.527101516723633,39.17612838745117,157.716796875,32.085289001464844,19.81999969482422,444.04730224609375,24.131059646606445,122.69058227539062,38.560001373291016,16.4744873046875,29.855695724487305,39.026039123535156,51.13669967651367,17.810930252075195,40.50979995727539,136563.0,153.00368271590688
2025-05-13,28.310218811035156,38.89324188232422,25.91557502746582,40.637088775634766,158.7817840576172,32.48106002807617,20.09000015258789,443.9287109375,24.702880859375,129.6031494140625,39.27000045776367,17.26442527770996,31.206222534179688,39.25173568725586,51.919654846191406,18.678163528442383,41.7724723815918,138963.0,153.08671169436948
2025-05-14,28.405670166015625,38.74937057495117,25.932842254638672,40.32402038574219,164.59439086914062,32.70094299316406,19.799999237060547,447.6846008300781,24.46462059020996,134.99954223632812,39.20000076293945,16.798076629638672,30.91811180114746,37.342750549316406,51.88050842285156,18.98589324951172,41.838924407958984,138423.0,153.16978572933758
2025-05-15,28.062053680419922,38.85487747192383,25.665225982666016,40.43707275390625,163.1909942626953,33.140708923339844,20.65999984741211,448.6946105957031,24.62664031982422,134.49081420898438,39.0,17.026491165161133,31.719425201416016,38.32075119018555,52.673248291015625,19.27496910095215,41.933868408203125,139334.0,153.25290484526147
2025-05-16,24.501800537109375,38.308162689208984,26.010536193847656,40.24575424194336,165.41055297851562,33.334205627441406,25.06999969482422,449.82342529296875,24.874431610107422,135.0593719482422,39.43000030517578,17.34056282043457,32.05255126953125,39.34577178955078,52.52644348144531,18.911291122436523,42.721839904785156,139187.0,153.3360690666048
2025-05-19,23.900470733642578,38.84528350830078,25.976003646850586,41.08058547973633,165.75889587402344,33.72998809814453,23.459999084472656,454.3784484863281,25.093629837036133,135.2289581298828,39.38999938964844,17.292978286743164,32.74582290649414,39.59027099609375,52.056671142578125,18.603565216064453,42.29462432861328,139636.0,153.41927841784448
2025-05-20,24.33953857421875,38.38489532470703,25.81198501586914,41.90671920776367,163.21090698242188,33.68601608276367,24.469999313354492,453.685302734375,25.246116638183594,134.04196166992188,39.7400016784668,17.711742401123047,33.07896041870117,39.21411895751953,51.89029312133789,20.282079696655273,42.275634765625,140110.0,153.5025329234707
2025-05-21,24.110456466674805,37.92450714111328,25.0350341796875,40.610992431640625,167.76942443847656,33.0087776184082,24.6200008392334,448.1401062011719,24.72194480895996,131.46844482421875,39.75,17.11214828491211,32.70981216430664,37.954002380371094,52.07624435424805,20.086254119873047,41.25031280517578,137881.0,153.58583260798696
2025-05-22,23.910015106201172,38.00123596191406,24.43937110900879,40.845794677734375,170.068603515625,32.78010559082031,25.079999923706055,450.4076843261719,24.636171340942383,132.495849609375,38.97999954223633,17.273942947387695,32.682796478271484,38.1420783996582,52.056671142578125,20.42195701599121,41.459171295166016,137273.0,153.66917749591
2025-05-23,23.308685302734375,38.06837844848633,25.734285354614258,41.13276290893555,167.6798553466797,33.17588806152344,24.84000015258789,445.7734375,24.683820724487305,130.959716796875,38.79999923706055,17.18828773498535,33.2230110168457,38.170291900634766,51.831573486328125,21.056062698364258,41.47815704345703,137824.0,153.75256761176993
2025-05-26,23.54730796813965,38.31775665283203,25.363075256347656,41.33277893066406,167.6798553466797,33.24625778198242,25.110000610351562,445.7734375,24.85536766052246,130.959716796875,39.04999923706055,17.664154052734375,33.376068115234375,38.414791107177734,51.63582992553711,21.0747127532959,41.51613998413086,138136.0,153.83600298011012
2025-05-27,23.45185661315918,39.3728141784668,25.837881088256836,42.524147033691406,172.0890655517578,33.51011276245117,24.690000534057617,456.18060302734375,25.579683303833008,135.15914916992188,39.40999984741211,18.178089141845703,33.53813552856445,40.10749053955078,50.216732025146484,21.624893188476562,42.33259963989258,139541.0,153.91948362548732
2025-05-28,22.98415756225586,39.603004455566406,25.501201629638672,41.78497314453125,171.55160522460938,33.23746109008789,25.309999465942383,452.8831787109375,25.636865615844727,134.4708709716797,39.20000076293945,18.054363250732422,33.7362174987793,40.737548828125,49.97206115722656,21.35446548461914,42.39905548095703,138888.0,154.00300957247154
2025-05-29,22.62145233154297,38.95079040527344,25.19905662536621,42.08934020996094,171.053955078125,32.973602294921875,25.850000381469727,454.1902770996094,25.894187927246094,138.83985900878906,40.0,18.254228591918945,33.709205627441406,40.85038757324219,49.50228500366211,21.251890182495117,41.79145431518555,138534.0,154.08658084564615
2025-05-30,22.354190826416016,37.93409729003906,24.741519927978516,41.30668258666992,170.9345245361328,32.92082977294922,25.40999984741211,455.85382080078125,25.6178035736084,134.79006958007812,38.95000076293945,17.911603927612305,34.015323638916016,40.39900588989258,48.59210205078125,21.53164291381836,40.20600128173828,137027.0,154.17019746960784
2025-06-02,22.220561981201172,38.116336822509766,24.9746036529541,41.011016845703125,168.2372283935547,32.68998336791992,25.3799991607666,457.44805908203125,25.398605346679688,137.03440856933594,39.7400016784668,18.254228591918945,33.709205627441406,40.72814178466797,48.52359390258789,21.858020782470703,39.73131561279297,136787.0,154.2538594689667
2025-06-03,22.341806411743164,38.89324188232422,25.466670989990234,41.71540451049805,165.40060424804688,32.584381103515625,25.260000228881836,458.43829345703125,25.54155731201172,140.86474609375,40.95000076293945,18.644437789916992,32.682796478271484,40.54947280883789,49.32611846923828,21.98857307434082,39.58891296386719,137546.0,154.33756686834613
2025-06-04,21.72930335998535,38.75896072387695,25.6824893951416,41.645835876464844,167.2618408203125,32.505184173583984,25.260000228881836,459.3294982910156,25.284238815307617,141.56297302246094,40.900001525878906,18.701541900634766,32.9619140625,41.09489822387695,48.69975280761719,22.557403564453125,40.974998474121094,137002.0,154.4213196923829
2025-06-05,21.62235450744629,38.55754470825195,25.734285354614258,41.18494415283203,167.42108154296875,32.109214782714844,24.790000915527344,463.1021423339844,25.01738929748535,139.63783264160156,41.04999923706055,18.330366134643555,32.6287841796875,41.565086364746094,51.77285385131836,23.051631927490234,40.386383056640625,136236.0,154.50511796572718
2025-06-06,21.107074737548828,38.3657112121582,25.56163215637207,40.89796447753906,172.86541748046875,32.18840026855469,24.530000686645508,465.7757568359375,25.02691650390625,141.36349487304688,42.5099983215332,18.159053802490234,32.268638610839844,41.18893051147461,52.28177261352539,22.958383560180664,40.41486740112305,136102.0,154.58896171304247
2025-06-09,21.12651824951172,38.17388153076172,26.053699493408203,40.43707275390625,175.47628784179688,32.021209716796875,25.15999984741211,468.1225280761719,24.5789852142334,142.27122497558594,42.150001525878906,17.940156936645508,32.25062942504883,41.05727767944336,52.4285774230957,23.378009796142578,40.67119598388672,135699.0,154.67285095900567
2025-06-10,20.941795349121094,38.087562561035156,26.364479064941406,40.53273010253906,177.9775390625,31.97156524658203,25.489999771118164,466.3104248046875,24.85536766052246,143.59786987304688,42.56999969482422,18.225675582885742,32.5567512512207,41.36760711669922,52.154541015625,22.89310646057129,40.15852737426758,136436.0,154.75678572830708
2025-06-11,20.80568504333496,38.538360595703125,25.8983097076416,40.3066291809082,176.73190307617188,32.264644622802734,25.579999923706055,467.9938049316406,24.712411880493164,142.48060607910156,43.310001373291016,18.30181312561035,31.800458908081055,41.377010345458984,51.85114288330078,22.147096633911133,40.14903259277344,137128.0,154.8407660456504
2025-06-12,20.825130462646484,39.526275634765625,25.72565460205078,40.54142379760742,175.087646484375,32.513309478759766,25.280000686645508,474.1826477050781,24.941144943237305,144.64527893066406,43.220001220703125,18.12098503112793,31.73743438720703,41.8095817565918,51.82178497314453,21.98857307434082,40.12055587768555,137800.0,154.92479193575275
2025-06-13,20.99040985107422,38.85487747192383,25.112728118896484,40.36750411987305,174.0612335205078,32.122554779052734,25.18000030517578,470.3109130859375,24.493213653564453,141.62269592285156,43.97999954223633,18.206640243530273,31.602380752563477,41.39581298828125,52.957069396972656,21.54096794128418,40.24397659301758,137213.0,155.00886342334462
2025-06-16,21.369577407836914,39.70851516723633,25.466670989990234,41.11537170410156,176.1539306640625,32.70869064331055,25.0,474.4499816894531,24.731473922729492,144.33604431152344,43.18000030517578,18.53974723815918,31.980525970458984,42.3079948425293,53.09408950805664,21.820720672607422,40.386383056640625,139256.0,155.09298053316994
2025-06-17,21.291799545288086,40.0058479309082,25.751554489135742,41.02840805053711,175.33677673339844,32.904075622558594,24.399999618530273,473.36077880859375,24.99832534790039,143.7674102783203,44.029998779296875,18.37136459350586,32.138023376464844,41.94124221801758,51.51838684082031,21.913970947265625,39.31359100341797,138840.0,155.17714328998608
2025-06-18,21.204299926757812,40.0921745300293,25.38897705078125,40.993629455566406,172.71595764160156,32.70869064331055,24.360000610351562,475.5392150878906,25.103158950805664,145.12411499023438,43.70000076293945,18.351503372192383,31.938798904418945,42.20454788208008,51.68476867675781,21.401090621948242,39.740806579589844,138717.0,155.26135171856382
2025-06-20,20.7570743560791,40.111351013183594,25.16452407836914,40.74143981933594,166.05921936035156,32.539955139160156,23.31999969482422,472.7270202636719,24.636171340942383,143.4980926513672,43.560001373291016,17.845048904418945,31.5131893157959,40.681121826171875,50.76479721069336,22.08182144165039,39.53194046020508,137116.0,155.34694885437978
2025-06-23,20.50429344177246,39.852386474609375,24.689722061157227,40.25445556640625,164.61428833007812,32.46890640258789,24.360000610351562,481.24285888671875,24.874431610107422,143.8173065185547,43.25,17.358455657958984,31.422636032104492,39.88179016113281,50.64735412597656,21.858020782470703,39.58338165283203,136551.0,155.43259318075272
2025-06-24,20.844575881958008,40.71561050415039,25.129993438720703,40.9240608215332,166.18878173828125,33.08169174194336,23.770000457763672,485.3125915527344,25.827472686767578,147.53817749023438,41.560001373291016,17.715953826904297,32.03841018676758,40.91621780395508,50.74522018432617,22.212373733520508,39.4311408996582,137165.0,155.5182847236992
2025-06-25,20.669574737548828,40.42787170410156,25.613426208496094,40.00226593017578,170.0851593017578,32.486671447753906,22.760000228881836,487.45147705078125,25.32236099243164,153.93251037597656,41.029998779296875,17.62657928466797,31.341135025024414,40.57767868041992,50.39289474487305,22.53875160217285,39.79271697998047,135767.0,155.60402350925023
2025-06-26,21.000131607055664,40.43746566772461,25.432138442993164,40.680564880371094,172.93516540527344,32.246883392333984,22.90999984741211,492.580810546875,25.8655948638916,154.64077758789062,41.849998474121094,17.745744705200195,32.03841018676758,37.6248664855957,50.510337829589844,22.286975860595703,40.98212432861328,137114.0,155.68980956345112
2025-06-27,21.12651824951172,39.98666000366211,25.20768928527832,40.4544677734375,177.90777587890625,32.21134948730469,22.5,491.0855407714844,25.770292282104492,157.36407470703125,41.869998931884766,17.83511734008789,31.60374641418457,38.13267517089844,50.06013870239258,22.799854278564453,40.297027587890625,136866.0,155.77564291236158
2025-06-30,21.476520538330078,40.523780822753906,25.483938217163086,42.01976776123047,175.6157989501953,32.81526565551758,22.899999618530273,492.54119873046875,26.17003059387207,157.603515625,42.400001525878906,18.401155471801758,32.07463073730469,38.58613967895508,50.11886215209961,22.75322914123535,40.706180572509766,138855.0,155.86152358205558
2025-07-01,21.3015193939209,41.11845016479492,25.993270874023438,41.90671920776367,175.22715759277344,32.96421813964844,22.600000381469727,487.2336120605469,26.131561279296875,152.92498779296875,41.79999923706055,18.550111770629883,32.065574645996094,38.69089126586914,49.756744384765625,23.032981872558594,40.43975830078125,139549.0,155.94745159862163
2025-07-02,21.37929916381836,39.84279251098633,24.741519927978516,40.82839584350586,178.01739501953125,32.697669982910156,22.1299991607666,486.28302001953125,25.669906616210938,156.86532592773438,42.15999984741211,17.994007110595703,31.504135131835938,36.46257019042969,50.60820388793945,21.979244232177734,40.37314987182617,139051.0,156.03342698816246
2025-07-03,21.680692672729492,40.57174301147461,25.38034439086914,42.02846908569336,178.90431213378906,33.506221771240234,21.940000534057617,493.9571533203125,25.91996955871582,158.95021057128906,42.58000183105469,18.51038932800293,31.866355895996094,37.37675094604492,50.95075225830078,22.45482635498047,40.63957214355469,140928.0,156.1194497767953
2025-07-04,21.807079315185547,40.70602035522461,25.855148315429688,41.9849853515625,178.90431213378906,33.523990631103516,22.229999542236328,493.9571533203125,26.131561279296875,158.95021057128906,42.58000183105469,18.450807571411133,31.63091278076172,37.31009292602539,50.84309387207031,22.641328811645508,40.9155158996582,141478.0,156.20551999065177
2025-07-07,21.44735336303711,40.27440643310547,25.492570877075195,41.39365005493164,176.17385864257812,33.07973861694336,23.139999389648438,492.84814453125,25.88149642944336,157.85289001464844,41.7599983215332,18.172754287719727,30.99702262878418,36.84347915649414,49.92312240600586,22.464153289794922,40.27799987792969,139490.0,156.29163765587782
2025-07-08,21.389020919799805,39.32485580444336,26.036436080932617,41.176239013671875,173.75233459472656,32.999759674072266,23.68000030517578,491.7589416503906,25.948822021484375,159.6085968017578,43.08000183105469,18.013866424560547,31.476966857910156,36.45304870605469,49.844825744628906,22.7439022064209,38.641380310058594,139303.0,156.3778027986339
2025-07-09,20.854297637939453,39.47831726074219,26.096864700317383,40.55882263183594,176.00442504882812,32.31560134887695,22.559999465942383,498.58148193359375,25.612199783325195,162.48155212402344,42.56999969482422,17.338594436645508,30.815916061401367,35.54839324951172,48.93464279174805,22.370899200439453,38.16561508178711,137481.0,156.46401544509484
2025-07-10,20.620960235595703,39.133026123046875,25.596162796020508,40.10662078857422,177.00094604492188,31.32044792175293,24.0,496.5713806152344,25.246723175048828,163.6985626220703,41.79999923706055,17.060543060302734,30.616695404052734,36.424476623535156,48.787837982177734,21.820720672607422,37.965797424316406,136743.0,156.55027562144988
2025-07-11,20.552906036376953,39.16180419921875,25.6824893951416,39.793556213378906,179.56201171875,31.062774658203125,23.0,498.3933410644531,24.91010093688965,164.51654052734375,42.720001220703125,17.000961303710938,30.154861450195312,34.910362243652344,48.83677291870117,21.30784034729004,37.823062896728516,136187.0,156.63658335390275
2025-07-14,20.105680465698242,38.941200256347656,25.35444450378418,39.52397537231445,180.92723083496094,31.009475708007812,23.0,498.0962219238281,24.881248474121094,163.6686248779297,42.900001525878906,17.269081115722656,30.281641006469727,34.719905853271484,48.88570785522461,21.046735763549805,37.61372756958008,135299.0,156.72293866867162
2025-07-15,20.319568634033203,38.58631896972656,25.8983097076416,39.82834243774414,181.36569213867188,31.1160945892334,23.600000381469727,500.86883544921875,24.919715881347656,170.28240966796875,42.119998931884766,17.328664779663086,30.48991584777832,35.148433685302734,49.423988342285156,22.00722312927246,37.74694061279297,135250.0,156.80934159198904
2025-07-16,20.300125122070312,39.3728141784668,25.587528228759766,39.845733642578125,182.3323211669922,31.267147064208984,23.200000762939453,500.6708068847656,24.948570251464844,170.95077514648438,42.38999938964844,16.881793975830078,30.435583114624023,35.23413848876953,49.44356155395508,21.755443572998047,39.126651763916016,135511.0,156.89579215010215
2025-07-17,20.164011001586914,40.0058479309082,26.096864700317383,39.78486251831055,182.94020080566406,31.738067626953125,23.260000228881836,506.6912841796875,25.07360076904297,172.57679748535156,43.29999923706055,16.603740692138672,30.408416748046875,35.57695388793945,49.423988342285156,21.820720672607422,40.049625396728516,135565.0,156.98229036927245
2025-07-18,19.697343826293945,38.68223190307617,25.734285354614258,39.41093063354492,184.4150390625,31.1605167388916,22.639999389648438,505.0574645996094,24.275325775146484,171.9882354736328,43.290000915527344,16.46471405029297,29.783586502075195,34.09140396118164,49.531646728515625,20.962812423706055,40.31605911254883,133382.0,157.06883627577594
2025-07-21,19.308454513549805,38.17388153076172,25.527101516723633,39.5413703918457,189.43746948242188,31.52480697631836,22.829999923706055,505.0673522949219,24.381120681762695,170.9607696533203,42.7599983215332,16.4945068359375,29.901308059692383,34.110450744628906,49.913333892822266,19.937047958374023,39.935447692871094,134167.0,157.15542989590315
2025-07-22,19.33761978149414,38.05878829956055,24.862377166748047,39.263092041015625,190.6731414794922,31.09832000732422,23.0,500.32421875,24.131061553955078,166.6213836669922,42.58000183105469,16.673255920410156,29.62964630126953,34.09140396118164,50.16779327392578,19.890426635742188,39.31695556640625,134036.0,157.24207125595908
2025-07-23,19.648731231689453,38.739776611328125,25.1904239654541,40.00226593017578,189.56700134277344,31.444852828979492,23.219999313354492,500.9183349609375,24.765832901000977,170.36221313476562,42.470001220703125,16.971168518066406,29.973751068115234,34.50088882446289,50.64735412597656,20.66440773010254,36.16741180419922,135368.0,157.32876038226323
2025-07-24,19.512622833251953,37.847774505615234,24.965970993041992,39.654415130615234,191.50025939941406,31.151639938354492,22.979999542236328,505.8793640136719,24.381120681762695,173.3149871826172,42.29999923706055,16.63353157043457,29.52097511291504,34.2532958984375,50.40268325805664,19.58269691467285,34.473697662353516,133808.0,157.4154973011496
2025-07-25,19.677900314331055,37.751861572265625,25.112728118896484,39.489192962646484,192.50672912597656,31.284914016723633,23.260000228881836,508.681640625,24.284944534301758,173.0755615234375,41.900001525878906,16.56402015686035,29.448532104492188,34.453277587890625,51.44988250732422,19.806499481201172,34.41660690307617,133524.0,157.50228203896668
2025-07-28,19.386234283447266,36.91741180419922,24.396207809448242,38.88916015625,191.90882873535156,30.62740707397461,22.90999984741211,507.4834899902344,23.89061164855957,176.31761169433594,41.47999954223633,16.732837677001953,29.376087188720703,33.49147415161133,51.03883361816406,19.023191452026367,35.11591720581055,132129.0,157.5891146220776
2025-07-29,19.395954132080078,37.13801193237305,24.965970993041992,39.645721435546875,195.06776428222656,30.805116653442383,23.049999237060547,507.55279541015625,24.275325775146484,175.0806427001953,41.970001220703125,16.732837677001953,29.54814338684082,33.77715301513672,50.74522018432617,19.806499481201172,34.97250747680664,132726.0,157.67599507685992
2025-07-30,19.34734344482422,37.521671295166016,25.42350959777832,40.176185607910156,195.84507751464844,31.1605167388916,23.719999313354492,508.2162170410156,24.477298736572266,178.83145141601562,42.720001220703125,16.4945068359375,29.65680694580078,33.89142990112305,51.06819534301758,20.058277130126953,35.23064422607422,133990.0,157.76292342970578
2025-07-31,19.15289878845215,37.53125762939453,25.414875030517578,39.70659637451172,191.23117065429688,31.240488052368164,21.299999237060547,528.2780151367188,24.333030700683594,177.43487548828125,42.189998626708984,16.42499351501465,29.430421829223633,32.97724533081055,51.03883361816406,19.862449645996094,35.479217529296875,133071.0,157.84989970702182
2025-08-01,17.840389251708984,37.47370910644531,25.984638214111328,40.00226593017578,188.47085571289062,31.05171012878418,21.420000076293945,518.9797973632812,24.669654846191406,173.29502868652344,40.9900016784668,16.21645164489746,29.339868545532227,32.72966003417969,50.63756561279297,20.599132537841797,35.546138763427734,132437.0,157.9369239352293
2025-08-04,18.20011329650879,37.56962585449219,25.363075256347656,39.80225372314453,194.36024475097656,31.380632400512695,21.329999923706055,530.3970336914062,24.323413848876953,179.55966186523438,40.47999954223633,16.325687408447266,30.064308166503906,32.720130920410156,49.688236236572266,20.785634994506836,35.44097900390625,132971.0,158.02399614076404
2025-08-05,18.102890014648438,37.60798645019531,25.984638214111328,39.8370361328125,193.9915313720703,31.727338790893555,22.09000015258789,522.5841674804688,24.515769958496094,177.8239288330078,40.619998931884766,16.42499351501465,30.26352882385254,32.93915557861328,49.883975982666016,20.72968292236328,35.49834442138672,133151.0,158.11111635007643
2025-08-06,18.180667877197266,38.19306564331055,27.857948303222656,40.43707275390625,195.4065704345703,32.12736511230469,22.15999984741211,519.8016357421875,24.842775344848633,178.98106384277344,39.790000915527344,16.583881378173828,31.13286018371582,33.71050262451172,50.52012634277344,21.578266143798828,36.48307418823242,134538.0,158.1982845896314
2025-08-07,18.384838104248047,38.64386749267578,28.31548309326172,42.03716278076172,195.83509826660156,32.696311950683594,22.100000381469727,515.7418212890625,25.102455139160156,180.32777404785156,39.650001525878906,16.832141876220703,32.50929641723633,33.948570251464844,52.98643112182617,22.04452133178711,37.286163330078125,136528.0,158.2855008859085
2025-08-08,18.404281616210938,39.09465789794922,27.624862670898438,41.77627944946289,200.718017578125,32.918556213378906,22.239999771118164,516.9300537109375,24.948570251464844,182.2530517578125,39.540000915527344,15.233336448669434,32.8443489074707,33.71050262451172,53.417057037353516,20.400964736938477,36.42571258544922,135913.0,158.37276526540194
2025-08-11,18.56955909729004,38.96226119995117,27.478105545043945,41.08928298950195,200.2994842529297,33.123016357421875,22.280000686645508,516.6627197265625,25.102455139160156,181.6146240234375,39.130001068115234,15.342571258544922,33.1431770324707,32.92963409423828,52.927711486816406,20.62869644165039,35.58438491821289,135623.0,158.46007775462044
2025-08-12,18.705673217773438,44.07350540161133,27.797517776489258,42.4980583190918,202.63131713867188,33.807525634765625,22.1299991607666,524.0595703125,25.708375930786133,182.71192932128906,39.27000045776367,15.78944206237793,33.51445770263672,32.77727127075195,52.937496185302734,20.8184757232666,35.00119400024414,137914.0,158.54743838008733
2025-08-13,18.74456214904785,43.12914276123047,27.417678833007812,41.53925704956055,201.2561492919922,33.48749923706055,21.450000762939453,515.484375,25.50640296936035,181.14576721191406,38.869998931884766,15.809303283691406,33.35145950317383,33.13913345336914,52.712398529052734,20.078346252441406,35.0107536315918,136687.0,158.63484716834068
2025-08-14,19.298730850219727,43.333587646484375,27.797517776489258,41.58364486694336,202.23272705078125,33.44304275512695,21.479999542236328,517.36572265625,25.49678611755371,181.57472229003906,38.79999923706055,15.92846965789795,33.568790435791016,32.75822448730469,52.76133346557617,20.258634567260742,34.8864631652832,136356.0,158.72230414593307
2025-08-15,20.076513290405273,43.275177001953125,27.624862670898438,41.494869232177734,203.1893768310547,33.327484130859375,23.360000610351562,515.078369140625,25.59296417236328,180.00857543945312,38.810001373291016,15.84902572631836,33.98534393310547,32.58681869506836,52.19369125366211,20.30607795715332,34.38931655883789,136341.0,158.80980933943175
2025-08-18,20.484848022460938,43.878787994384766,28.14282989501953,41.63690948486328,202.790771484375,33.56748962402344,23.360000610351562,512.0383911132812,25.71799659729004,181.5647430419922,37.59000015258789,15.749720573425293,34.60111999511719,33.21531677246094,51.479244232177734,20.448410034179688,34.80997848510742,137322.0,158.8973627754187
2025-08-19,19.250120162963867,42.350284576416016,27.797517776489258,40.66035461425781,200.86749267578125,32.59215545654297,23.399999618530273,504.7801818847656,25.112075805664062,175.2103271484375,36.849998474121094,15.322710990905762,33.7951774597168,32.186859130859375,51.88050842285156,19.78419303894043,34.03557586669922,134432.0,158.98496448049042
2025-08-20,19.308454513549805,41.882972717285156,27.40904426574707,41.35282516479492,198.6253204345703,32.610107421875,22.65999984741211,500.7698669433594,25.3429012298584,174.97091674804688,37.29999923706055,14.846048355102539,33.813289642333984,31.65359115600586,51.371585845947266,19.803171157836914,34.48491668701172,134667.0,159.07261448125817
2025-08-21,19.14317512512207,41.48381042480469,27.71118927001953,41.015464782714844,199.0538330078125,32.646018981933594,22.229999542236328,500.1251220703125,25.21786880493164,174.55194091796875,37.5,14.577925682067871,33.722740173339844,31.139358520507812,51.18563461303711,19.556461334228516,34.331947326660156,134511.0,159.16031280434785
2025-08-22,19.930679321289062,42.15557098388672,28.565837860107422,42.1429443359375,205.3717498779297,33.56157302856445,22.700000762939453,503.09075927734375,25.804553985595703,177.55458068847656,38.04999923706055,14.965213775634766,34.20267868041992,32.96772766113281,52.614524841308594,19.954992294311523,35.85207748413086,137968.0,159.24805947640002
2025-08-25,19.493175506591797,42.10689163208008,28.824819564819336,42.00090026855469,207.7633819580078,33.39103317260742,22.799999237060547,500.14495849609375,25.746849060058594,179.3701171875,38.18000030517578,14.50841236114502,34.003456115722656,32.96772766113281,52.2719841003418,20.201702117919922,36.071964263916016,138025.0,159.33585452406996
2025-08-26,19.814010620117188,41.91217803955078,28.781654357910156,42.00090026855469,206.41806030273438,33.1666374206543,22.799999237060547,497.9430847167969,25.458314895629883,181.32533264160156,37.72999954223633,14.498481750488281,34.021568298339844,32.77727127075195,51.48902893066406,20.201702117919922,35.93812942504883,137771.0,159.42369797402762
2025-08-27,20.057069778442383,42.866275787353516,29.17012596130371,42.755516052246094,206.75689697265625,33.7231330871582,22.84000015258789,502.6047668457031,25.891117095947266,181.15574645996094,38.349998474121094,14.478620529174805,34.63734436035156,33.32958984375,51.85114288330078,21.33087158203125,36.081539154052734,139206.0,159.5115898529577
2025-08-28,20.46540641784668,43.323856353759766,29.549968719482422,43.243797302246094,210.9023895263672,34.423282623291016,23.65999984741211,505.4810791015625,26.73748016357422,179.729248046875,38.58000183105469,14.518342971801758,35.35272979736328,33.986656188964844,51.704341888427734,22.175376892089844,36.15802001953125,141049.0,159.59953018755957
2025-08-29,20.79595947265625,43.674339294433594,29.48954200744629,43.33257293701172,212.16798400878906,34.548946380615234,24.93000030517578,502.5551452636719,26.785568237304688,173.75389099121094,37.869998931884766,14.448829650878906,35.64250564575195,34.12949752807617,51.33244323730469,22.649816513061523,36.00504684448242,141422.0,159.68751900454728
2025-09-01,20.50429344177246,43.245967864990234,29.178762435913086,43.13726043701172,212.16798400878906,34.825218200683594,24.25,502.5551452636719,26.699010848999023,173.75389099121094,37.970001220703125,14.220428466796875,35.416114807128906,34.32947540283203,51.4303092956543,22.089977264404297,36.148460388183594,141125.0,159.7755563306497
2025-09-02,19.852903366088867,43.323856353759766,29.437746047973633,42.57795715332031,210.6134033203125,34.232521057128906,23.610000610351562,500.9979248046875,26.3912410736084,170.36221313476562,37.9900016784668,14.01188850402832,35.27123260498047,34.2818603515625,51.146488189697266,22.327198028564453,36.024166107177734,140335.0,159.86364219261037
2025-09-03,19.7167911529541,43.12914276123047,29.256454467773438,42.09855651855469,229.8561248779297,33.93617630004883,23.440000534057617,501.22607421875,26.227739334106445,170.20262145996094,37.5099983215332,14.111193656921387,35.38895034790039,34.62468338012695,50.862667083740234,21.767356872558594,36.18669891357422,139864.0,159.9517766171876
2025-09-04,19.852903366088867,44.200069427490234,29.472274780273438,42.950828552246094,231.4904022216797,34.070884704589844,23.940000534057617,503.82470703125,26.63168716430664,171.2400665283203,37.31999969482422,14.697091102600098,35.35272979736328,35.23413848876953,50.56905746459961,22.43157386779785,35.61306381225586,140993.0,160.03995963115443
2025-09-05,20.5626277923584,45.04707336425781,29.912551879882812,44.41566848754883,234.18099975585938,34.44805145263672,23.549999237060547,490.9605407714844,27.06448745727539,166.61141967773438,36.54999923706055,14.597785949707031,35.588172912597656,36.28163146972656,50.88224411010742,23.437389373779297,36.18669891357422,142640.0,160.1281912612987
2025-09-08,20.36818504333496,44.268218994140625,29.817584991455078,43.53676223754883,233.4329071044922,34.28641891479492,22.729999542236328,494.13446044921875,26.67977523803711,167.8982696533203,36.59000015258789,14.538204193115234,35.3255615234375,35.624568939208984,50.50054931640625,23.04834747314453,35.79471206665039,141792.0,160.21647153442296
2025-09-09,20.80568504333496,44.35584259033203,28.88524627685547,43.32369613647461,239.00840759277344,33.99006652832031,23.75,494.34271240234375,26.58359718322754,170.34225463867188,37.09000015258789,14.42896842956543,35.10822677612305,35.48172378540039,50.8039436340332,23.703075408935547,35.35492706298828,141618.0,160.30480047734463
2025-09-10,21.437633514404297,44.404518127441406,28.71259307861328,43.590030670166016,238.5496063232422,34.017005920410156,24.739999771118164,496.2867126464844,26.977924346923828,176.89620971679688,37.630001068115234,14.50841236114502,35.40706253051758,35.55791091918945,49.717594146728516,24.54758071899414,35.641746520996094,142349.0,160.39317811689583
2025-09-11,21.602909088134766,45.144432067871094,28.583105087280273,44.09606170654297,239.74649047851562,34.079856872558594,25.049999237060547,496.9215087890625,27.545373916625977,176.74655151367188,37.90999984741211,14.895700454711914,35.66967010498047,36.84347915649414,50.45161437988281,25.01253318786621,35.211524963378906,143151.0,160.48160447992345
2025-09-12,21.690410614013672,44.34610366821289,28.97157859802246,43.69655990600586,240.17538452148438,33.56798553466797,25.709999084472656,505.73895263671875,27.314550399780273,177.39498901367188,38.150001525878906,14.707021713256836,35.51572799682617,36.06261444091797,49.3554801940918,25.11690902709961,35.32625198364258,142272.0,160.57007959328928
2025-09-15,21.262632369995117,44.65764617919922,28.678062438964844,43.98952865600586,250.9573516845703,34.12476348876953,26.059999465942383,511.1543884277344,27.34340476989746,177.3251495361328,37.970001220703125,14.756673812866211,35.968505859375,36.46257019042969,49.423988342285156,25.230775833129883,34.905582427978516,143547.0,160.65860348386985
2025-09-16,21.3306884765625,44.823150634765625,28.72122573852539,44.078311920166016,250.5084991455078,34.03496551513672,27.520000457763672,504.885986328125,27.622318267822266,174.46202087402344,38.470001220703125,14.776535034179688,36.49372100830078,37.23391342163086,49.600154876708984,25.316177368164062,35.15415954589844,144062.0,160.74717617855657
2025-09-17,21.262632369995117,45.4657096862793,28.91977882385254,44.37127685546875,248.8827362060547,34.51988983154297,26.920000076293945,505.8579406738281,27.958940505981445,169.88299560546875,38.2400016784668,15.17375373840332,36.89216995239258,38.18618392944336,49.815467834472656,25.809595108032227,35.09679412841797,145594.0,160.83579770425558
2025-09-18,21.48624610900879,45.51438522338867,28.833450317382812,44.362396240234375,251.37625122070312,34.56480026245117,26.549999237060547,504.3008117675781,27.881999969482422,175.81878662109375,38.88999938964844,14.925491333007812,37.42644500732422,37.995731353759766,49.649085998535156,25.62930679321289,35.11591720581055,145500.0,160.92446808788793
2025-09-19,21.019577026367188,46.23482894897461,28.798921585083008,44.70863342285156,254.0592803955078,35.02277755737305,22.139999389648438,513.7034301757812,27.814674377441406,176.2477264404297,38.060001373291016,14.50841236114502,38.22332763671875,37.75766372680664,49.423988342285156,25.52492904663086,34.75261306762695,145865.0,161.01318735638947
2025-09-22,20.912628173828125,45.90381622314453,28.557205200195312,44.255863189697266,251.87496948242188,34.51988983154297,21.1200008392334,510.25189208984375,27.660791397094727,183.17117309570312,38.18000030517578,14.806325912475586,37.77054977416992,37.26247787475586,49.27717971801758,25.297197341918945,35.479217529296875,145109.0,161.1019555367109
2025-09-23,21.515411376953125,46.54637145996094,28.747119903564453,45.22354507446289,251.00721740722656,35.067691802978516,19.700000762939453,505.0744323730469,28.064739227294922,178.0035400390625,38.58000183105469,15.044656753540039,38.03315734863281,38.652801513671875,49.06187057495117,25.553396224975586,35.08723831176758,146425.0,161.19077265581788
2025-09-24,21.495969772338867,46.56584548950195,28.747119903564453,45.08150100708008,246.4989471435547,34.83419418334961,19.719999313354492,505.98687744140625,27.68964385986328,176.54701232910156,38.90999984741211,15.17375373840332,37.638545989990234,38.614707946777344,48.88570785522461,25.486976623535156,35.26888656616211,146492.0,161.27963874069076
2025-09-25,21.18485450744629,46.09852600097656,28.28095245361328,44.87731170654297,245.1524200439453,34.555816650390625,19.670000076293945,502.8923645019531,27.603084564208984,177.26531982421875,39.150001525878906,15.024796485900879,37.128684997558594,38.32902908325195,49.16952896118164,24.727867126464844,34.75261306762695,145306.0,161.3685538183249
2025-09-26,21.495969772338867,46.770294189453125,28.747119903564453,44.69975662231445,245.90049743652344,34.726436614990234,19.299999237060547,507.28619384765625,27.795440673828125,177.7641143798828,39.2400016784668,15.124100685119629,37.52928924560547,38.662174224853516,48.396358489990234,25.050487518310547,34.723934173583984,145447.0,161.4575179157305
2025-09-29,21.505687713623047,47.55888366699219,29.09243392944336,45.12588882446289,243.4169464111328,34.924007415771484,19.40999984741211,510.4005432128906,28.082176208496094,181.41537475585938,38.90999984741211,15.541180610656738,38.51258850097656,38.64288330078125,48.1223258972168,24.993555068969727,34.87759017944336,146337.0,161.54653105993268
2025-09-30,21.476520538330078,46.984474182128906,29.843481063842773,45.152523040771484,242.46942138671875,35.08564758300781,19.420000076293945,513.7232666015625,28.208280563354492,186.13404846191406,38.130001068115234,15.858956336975098,38.31229019165039,38.05445861816406,48.83677291870117,24.756336212158203,35.08856964111328,146237.0,161.6355932779713
2025-10-01,21.320968627929688,46.55610275268555,29.775583267211914,44.87731170654297,244.26473999023438,34.45463562011719,19.420000076293945,515.4688720703125,27.98517417907715,186.79249572753906,38.38999938964844,15.630555152893066,37.911685943603516,38.56570816040039,48.82698440551758,24.7183780670166,34.32139587402344,145517.0,161.72470459690143
2025-10-02,21.15568733215332,45.99143600463867,29.062232971191406,44.300254821777344,245.0526885986328,34.07728958129883,18.8700008392334,511.53125,27.45166015625,188.43853759765625,38.29999923706055,15.78944206237793,37.82063674926758,37.40815734863281,49.032508850097656,24.243938446044922,34.64744567871094,143950.0,161.81386504379273
2025-10-03,20.980684280395508,46.53663635253906,29.396894454956055,44.38903045654297,244.71360778808594,34.328861236572266,18.200000762939453,513.1281127929688,27.587465286254883,187.1715545654297,38.2400016784668,15.78944206237793,37.87526321411133,37.62037658691406,49.619728088378906,24.357805252075195,34.906368255615234,144201.0,161.90307464573004
2025-10-06,20.815406799316406,46.371131896972656,28.877294540405273,44.060550689697266,249.7803955078125,33.93354034423828,17.8799991607666,524.256591796875,27.083051681518555,185.09654235839844,37.90999984741211,15.640485763549805,37.902584075927734,36.86797332763672,48.44529342651367,23.684097290039062,34.21590805053711,143608.0,161.99233342981302
2025-10-07,20.620960235595703,44.823150634765625,27.750030517578125,43.012969970703125,245.12252807617188,33.39449691772461,17.510000228881836,519.7039794921875,26.714445114135742,184.5977325439453,37.72999954223633,15.590832710266113,37.21062469482422,35.507850646972656,47.848289489746094,22.687772750854492,34.263858795166016,141356.0,162.08164142315619
2025-10-08,20.533462524414062,46.18614959716797,27.573896408081055,42.86204528808594,243.98545837402344,33.4573860168457,17.559999465942383,520.5669555664062,26.704744338989258,188.6580047607422,37.63999938964844,15.620624542236328,37.31988525390625,35.46926498413086,46.810882568359375,23.162212371826172,34.04329299926758,142145.0,162.1709986528892
2025-10-09,20.60151481628418,46.15694046020508,27.22162628173828,42.8886833190918,240.9034881591797,33.403480529785156,16.809999465942383,518.1369018554688,26.54953956604004,192.1097412109375,37.279998779296875,15.382292747497559,36.22732925415039,35.4113883972168,46.673858642578125,22.11844253540039,35.67353820800781,141708.0,162.26040514615653
2025-10-10,20.03762435913086,45.89407730102539,26.99264907836914,42.54244613647461,235.95635986328125,33.36753463745117,16.579999923706055,506.7903137207031,26.287633895874023,182.7222442626953,36.02000045776367,15.422015190124512,36.22732925415039,34.53357696533203,47.1632080078125,22.507484436035156,35.18446350097656,140680.0,162.34986093011767
2025-10-13,20.300125122070312,46.05958557128906,27.080717086791992,42.79102325439453,243.51669311523438,33.5023078918457,15.890000343322754,509.8551025390625,26.33613395690918,187.86990356445312,36.29999923706055,15.362432479858398,36.19091033935547,34.861549377441406,47.182777404785156,22.346174240112305,36.28727340698242,141783.0,162.43936603194706
2025-10-14,20.125125885009766,45.17363739013672,27.168787002563477,42.64897918701172,244.81332397460938,33.64604568481445,15.300000190734863,509.37896728515625,26.229433059692383,179.59971618652344,35.31999969482422,15.263127326965332,36.60972213745117,34.60110092163086,46.96746826171875,21.976110458374023,35.79820251464844,141683.0,162.52892047883415
2025-10-15,19.75567626953125,46.176414489746094,27.653156280517578,43.412471771240234,250.37884521484375,33.64604568481445,15.329999923706055,509.24017333984375,26.510738372802734,179.4001922607422,34.599998474121094,15.471667289733887,36.891963958740234,35.488555908203125,46.615142822265625,22.5169734954834,35.88450622558594,142604.0,162.61852429798336
2025-10-16,19.804290771484375,44.56028747558594,27.477020263671875,43.430233001708984,250.8077392578125,33.565189361572266,15.460000038146973,507.4349670410156,26.287633895874023,181.37545776367188,34.20000076293945,14.945353507995605,36.96479797363281,34.822967529296875,46.781517028808594,22.298730850219727,36.85306167602539,142200.0,162.70817751661409
2025-10-17,20.319568634033203,45.15416717529297,27.66196060180664,44.60209655761719,252.64297485351562,33.68199157714844,15.670000076293945,509.388916015625,26.442838668823242,182.78208923339844,36.119998931884766,15.362432479858398,37.13779067993164,35.30528259277344,46.615142822265625,22.203842163085938,38.50249099731445,143399.0,162.79788016196076
2025-10-20,20.19318199157715,45.44623947143555,28.445762634277344,44.850677490234375,255.88453674316406,34.283939361572266,15.760000228881836,512.5726928710938,26.665943145751953,182.2034912109375,35.40999984741211,15.37236213684082,37.39271926879883,35.66218948364258,46.69343566894531,22.365150451660156,37.917518615722656,144509.0,162.88763226127287
2025-10-21,19.969568252563477,45.640953063964844,28.489795684814453,44.81516647338867,249.81033325195312,33.96050262451172,15.649999618530273,513.4356079101562,26.64653968811035,180.72702026367188,35.150001525878906,15.461736679077148,37.82063674926758,36.02874755859375,46.46833419799805,21.96662139892578,38.04218292236328,144085.0,162.97743384181487
2025-10-22,20.115402221679688,46.04985046386719,28.903711318969727,44.89506912231445,251.0371551513672,34.239009857177734,15.710000038146973,516.2921142578125,26.714445114135742,179.84910583496094,36.209999084472656,15.263127326965332,38.339599609375,36.453182220458984,47.192569732666016,22.089977264404297,38.3778190612793,144873.0,163.0672849308662
2025-10-23,20.076513290405273,46.03038024902344,29.141496658325195,45.356712341308594,252.4235382080078,34.21205520629883,15.260000228881836,516.3119506835938,26.80174446105957,181.72462463378906,36.86000061035156,15.441876411437988,38.27587127685547,36.84867858886719,47.63297653198242,22.384130477905273,39.73955154418945,145721.0,163.15718555572144
2025-10-24,19.950124740600586,46.390602111816406,29.59063720703125,46.14683532714844,259.24578857421875,34.167144775390625,15.029999732971191,519.3370361328125,26.859947204589844,185.81480407714844,37.04999923706055,15.27305793762207,38.47616958618164,37.37922286987305,48.05381774902344,21.96662139892578,39.67242431640625,146172.0,163.2471357436902
2025-10-27,20.270959854125977,46.4976921081543,29.81080436706543,46.386539459228516,268.571533203125,34.45463562011719,16.0,527.1824951171875,27.07335090637207,191.03231811523438,37.0,15.451807022094727,38.740203857421875,37.92906188964844,48.063602447509766,22.194351196289062,39.960113525390625,146969.0,163.33713552209704
2025-10-28,20.37790298461914,46.68267059326172,29.766773223876953,45.1702766418457,266.77618408203125,34.571434020996094,18.5,537.6463623046875,26.811445236206055,200.54953002929688,36.43000030517578,15.69013786315918,38.785728454589844,37.78436279296875,48.41593551635742,20.837451934814453,40.58344650268555,147429.0,163.42718491828177
2025-10-29,20.63068199157715,48.250118255615234,30.259952545166016,45.987037658691406,273.8577880859375,35.34407424926758,17.049999237060547,537.130615234375,26.947250366210938,206.545166015625,36.0,15.531250953674316,38.9769287109375,38.36314010620117,48.05381774902344,21.767356872558594,40.324527740478516,148633.0,163.51728395959907
2025-10-30,21.029296875,47.821746826171875,30.541767120361328,45.9515266418457,280.7498779296875,35.29916000366211,17.3799991607666,521.4695434570312,27.024850845336914,202.4050750732422,35.77000045776367,15.878816604614258,38.96782302856445,37.851890563964844,47.65255355834961,21.824289321899414,39.7491455078125,148780.0,163.60743267341886
2025-10-31,21.291799545288086,47.5296745300293,30.770740509033203,46.013668060302734,280.46063232421875,35.433929443359375,17.8700008392334,513.5843505859375,26.665943145751953,202.00604248046875,36.029998779296875,15.809303283691406,39.45947265625,38.04481506347656,47.848289489746094,22.365150451660156,40.372467041015625,149540.0,163.69763108712604
2025-11-03,21.466800689697266,47.218135833740234,30.744319915771484,46.45756149291992,282.98406982421875,36.0250358581543,17.549999237060547,512.8107299804688,26.93754768371582,206.38552856445312,36.439998626708984,15.501459121704102,39.24095916748047,38.24738693237305,47.515533447265625,21.995088577270508,41.04375076293945,150454.0,163.78787922812072
2025-11-04,21.65152359008789,47.743865966796875,30.805965423583984,46.49306869506836,276.8200988769531,35.91717529296875,17.559999465942383,510.1327819824219,26.947250366210938,198.21510314941406,36.75,15.541180610656738,39.113494873046875,39.45316696166992,48.35721206665039,21.871732711791992,40.99580001831055,150704.0,163.87817712381798
2025-11-05,21.982080459594727,49.05817794799805,30.973291397094727,47.86025619506836,283.572509765625,36.06997299194336,17.829999923706055,503.02130126953125,27.810571670532227,194.74343872070312,37.810001373291016,15.670276641845703,39.86007308959961,40.099464416503906,47.85808181762695,22.298730850219727,41.724609375,153294.0,163.96852480164813
2025-11-06,22.225139617919922,48.89267349243164,31.307950973510742,47.345340728759766,284.0113830566406,36.06997299194336,17.239999771118164,493.04339599609375,27.587465286254883,187.6304931640625,38.459999084472656,15.51138973236084,43.19236755371094,39.6943244934082,47.61341094970703,21.53962516784668,42.10820007324219,153339.0,164.05892228905654
2025-11-07,22.254302978515625,49.25289535522461,32.003684997558594,46.78603744506836,278.10675048828125,36.105926513671875,18.25,492.76568603515625,27.810571670532227,187.70030212402344,38.849998474121094,15.531250953674316,43.07400894165039,39.44352340698242,46.605350494384766,23.465856552124023,43.15346908569336,154064.0,164.14936961350375
2025-11-10,22.147363662719727,49.85650634765625,32.10055923461914,47.158905029296875,289.3475036621094,36.348609924316406,18.770000457763672,501.87078857421875,28.188879013061523,198.5742645263672,39.22999954223633,15.700068473815918,42.50041580200195,40.58177947998047,45.7049560546875,24.272403717041016,43.5082893371582,155257.0,164.23986680246537
2025-11-11,22.81819725036621,51.01506042480469,32.435218811035156,48.215362548828125,290.5543518066406,37.049705505371094,20.299999237060547,504.5289306640625,28.489587783813477,192.69833374023438,40.29999923706055,16.20652198791504,41.72652816772461,41.720035552978516,45.55815124511719,25.306686401367188,44.141204833984375,157749.0,164.33041388343227
2025-11-12,22.166805267333984,52.251487731933594,32.276695251464844,48.153221130371094,285.96630859375,36.204803466796875,20.8799991607666,506.9688415527344,28.382883071899414,193.3367919921875,40.0099983215332,16.285964965820312,42.78266143798828,41.53675842285156,47.0457649230957,24.55706787109375,43.0479850769043,157633.0,164.42101088391036
2025-11-13,21.875137329101562,52.5727653503418,32.71703338623047,47.6738166809082,277.8474426269531,36.348609924316406,21.790000915527344,499.1828918457031,28.567188262939453,186.41339111328125,39.83000183105469,16.30582618713379,42.1999626159668,40.55284118652344,46.644500732421875,24.006717681884766,42.98086166381836,157162.0,164.5116578314208
2025-11-14,21.816802978515625,51.97888946533203,33.280662536621094,48.18873596191406,275.6929931640625,36.49242401123047,24.399999618530273,506.01666259765625,28.85819435119629,189.71546936035156,39.790000915527344,16.405132293701172,41.93593215942383,42.491737365722656,46.350894927978516,23.76949691772461,42.61644744873047,157739.0,164.60235475349984
2025-11-17,21.875137329101562,51.57972717285156,32.69941711425781,47.60279846191406,284.2806701660156,36.222774505615234,25.600000381469727,503.3486328125,28.69329261779785,186.15402221679688,39.849998474121094,14.91556167602539,41.14382553100586,41.64286804199219,47.46660232543945,23.15272331237793,42.16573715209961,156993.0,164.693101677699
2025-11-18,21.27235221862793,51.00532150268555,32.80509948730469,47.931278228759766,283.5426025390625,36.04300308227539,23.540000915527344,489.7604064941406,28.9357967376709,180.92652893066406,40.040000915527344,15.302849769592285,41.034568786621094,41.4788818359375,47.49596405029297,23.408924102783203,41.6574821472168,156522.0,164.78389863158495
2025-11-19,20.980684280395508,50.742454528808594,32.89316177368164,47.13227844238281,292.05047607421875,35.81830596923828,21.510000228881836,483.14483642578125,28.761192321777344,186.07420349121094,39.40999984741211,15.580902099609375,40.715911865234375,41.23772430419922,47.30022430419922,23.636653900146484,41.85886764526367,155381.0,164.87474564273953
2025-11-20,20.980684280395508,50.742454528808594,32.89316177368164,47.13227844238281,288.6991882324219,35.81830596923828,21.510000228881836,475.41387939453125,28.761192321777344,180.208251953125,39.40999984741211,15.580902099609375,40.715911865234375,41.23772430419922,47.30022430419922,23.636653900146484,41.85886764526367,155381.0,164.87474564273953
2025-11-21,21.389020919799805,49.85650634765625,33.104530334472656,47.01686096191406,298.8827209472656,35.9261589050293,20.700000762939453,469.1436767578125,28.324684143066406,178.45245361328125,38.79999923706055,15.223405838012695,40.615760803222656,40.55284118652344,47.28065490722656,23.579721450805664,41.44651412963867,154770.0,164.96564273875987
2025-11-24,21.23346519470215,49.8370361328125,33.70338821411133,47.647186279296875,317.75360107421875,35.791343688964844,20.799999237060547,471.0118103027344,28.470186233520508,182.11367797851562,38.540000915527344,15.143961906433105,41.40786361694336,41.44994354248047,46.95768356323242,23.551254272460938,41.41774368286133,155278.0,165.05658994725817
2025-11-25,21.359853744506836,50.40170669555664,34.011619567871094,47.74483871459961,322.60101318359375,35.87222671508789,20.1200008392334,473.9829406738281,28.63509178161621,177.39498901367188,37.52000045776367,15.322710990905762,41.435176849365234,41.9708366394043,46.781517028808594,23.570232391357422,41.197181701660156,155910.0,165.147587295862
2025-11-26,21.602909088134766,51.277915954589844,34.222984313964844,49.307334899902344,319.1200866699219,36.71712875366211,20.049999237060547,482.4393005371094,28.96489715576172,179.8291473388672,37.9900016784668,16.7229061126709,42.70982360839844,43.17662048339844,46.840240478515625,24.727867126464844,42.578094482421875,158555.0,165.23863481221412
2025-11-27,21.54457664489746,51.268184661865234,34.222984313964844,49.056617736816406,319.1200866699219,36.591304779052734,19.610000610351562,482.4393005371094,29.032798767089844,179.8291473388672,37.709999084472656,16.91158676147461,41.926822662353516,43.118743896484375,47.172996520996094,25.26873207092285,42.242454528808594,158292.0,165.32973252397244
2025-11-28,21.84596824645996,52.5727653503418,34.5504035949707,48.779685974121094,319.3494567871094,37.42720031738281,19.329999923706055,488.9082946777344,29.255905151367188,176.5769500732422,37.209999084472656,16.732837677001953,42.45489501953125,43.64928436279297,46.56620788574219,26.046815872192383,42.43424606323242,159072.0,165.42088045881025
2025-12-01,21.641801834106445,52.251487731933594,34.037139892578125,47.95878219604492,314.0732421875,37.13734436035156,18.360000610351562,483.6715087890625,28.887296676635742,179.489990234375,37.560001373291016,16.46471405029297,41.60816192626953,43.79397964477539,46.46833419799805,26.805919647216797,43.32608413696289,158611.0,165.51207864441602
2025-12-02,22.00457000732422,53.72158432006836,34.181217193603516,49.0862922668457,314.9908447265625,37.96461868286133,18.43000030517578,486.91094970703125,29.498411178588867,181.02630615234375,37.58000183105469,16.712976455688477,42.318328857421875,45.867923736572266,47.172996520996094,26.587678909301758,43.738441467285156,161092.0,165.6033271084935
2025-12-03,21.873441696166992,54.59779739379883,33.40682601928711,48.81924819946289,318.8009338378906,37.96461868286133,19.209999084472656,474.7182922363281,29.382009506225586,179.1607666015625,39.33000183105469,16.554088592529297,41.708316802978516,45.549598693847656,47.90701675415039,25.192819595336914,43.201419830322266,161755.0,165.69462587876166
2025-12-04,22.254615783691406,55.415592193603516,34.80253219604492,50.50062561035156,316.7961120605469,38.8997917175293,20.059999465942383,477.8086853027344,29.789417266845703,182.95188903808594,39.59000015258789,16.772558212280273,43.17416000366211,47.84540557861328,48.48444366455078,25.809595108032227,44.07615661621094,164456.0,165.7859749829549
2025-12-05,20.68105697631836,51.034523010253906,32.87556076049805,47.91921615600586,320.4366455078125,37.101375579833984,19.489999771118164,480.1140441894531,27.141254425048828,181.98416137695312,39.2599983215332,16.00791358947754,40.15142059326172,44.305233001708984,49.423988342285156,23.494321823120117,45.23860549926758,157369.0,165.87737444882276
2025-12-08,21.111095428466797,51.54078674316406,32.551395416259766,47.20710372924805,313.11090087890625,37.281219482421875,19.530000686645508,487.9245300292969,27.45166015625,185.11683654785156,39.349998474121094,15.69013786315918,40.49740219116211,44.39204788208008,49.31632995605469,23.589210510253906,46.27511978149414,158187.0,165.96882430413015
2025-12-09,21.00358772277832,50.820343017578125,31.96609878540039,47.31589889526367,316.4643859863281,37.20029067993164,19.510000228881836,488.918212890625,27.626264572143555,184.53817749023438,39.79999923706055,15.461736679077148,40.22426223754883,43.40813446044922,49.37505340576172,23.351991653442383,46.16856384277344,157981.0,166.06032457665728
2025-12-10,21.111095428466797,52.0178337097168,31.98410987854004,47.41480255126953,319.58831787109375,37.49306106567383,19.6200008392334,475.5430603027344,28.062776565551758,183.35096740722656,39.599998474121094,15.561041831970215,40.16963195800781,44.36310958862305,50.56905746459961,23.92131805419922,46.95322036743164,159075.0,166.15187529419964
2025-12-11,21.08177375793457,53.332149505615234,31.96609878540039,47.70162582397461,311.82342529296875,37.464542388916016,19.649999618530273,480.422119140625,27.926973342895508,180.50759887695312,38.93000030517578,15.630555152893066,40.30620193481445,45.09622573852539,48.41593551635742,23.465856552124023,47.03071212768555,159189.0,166.24347648456808
2025-12-12,21.208831787109375,53.82867431640625,32.68646240234375,48.63132858276367,308.68951416015625,37.797264099121094,19.860000610351562,475.5132751464844,27.829971313476562,174.6114044189453,39.40999984741211,15.680207252502441,40.9708366394043,45.8100471496582,48.014671325683594,23.532278060913086,47.970359802246094,160766.0,166.3351281755888
2025-12-15,21.511816024780273,54.967750549316406,32.92058563232422,49.343441009521484,307.6216125488281,38.36764907836914,20.200000762939453,471.82666015625,27.888172149658203,175.87841796875,39.5,15.729860305786133,42.901023864746094,46.07049560546875,47.67212677001953,24.291383743286133,48.12535095214844,162482.0,166.4268303951033
2025-12-16,21.218605041503906,52.09571838378906,31.155689239501953,47.16754150390625,305.97479248046875,37.37898635864258,19.6299991607666,473.3867492675781,26.830846786499023,177.3050994873047,38.54999923706055,14.637508392333984,42.054290771484375,43.697513580322266,47.877655029296875,22.56441879272461,48.37721633911133,158578.0,166.51858317096844
2025-12-17,21.062227249145508,50.38223648071289,30.59433937072754,46.4653205871582,296.1439208984375,37.046260833740234,19.549999237060547,473.1184387207031,26.41373634338379,170.54092407226562,38.56999969482422,14.448829650878906,40.93442153930664,42.06730270385742,48.7291145324707,22.62135124206543,48.24159240722656,157327.0,166.6103865310564
2025-12-18,21.1013240814209,51.36553955078125,30.33740234375,46.72247314453125,301.8727722167969,37.236392974853516,19.559999465942383,480.9289245605469,26.471939086914062,173.73345947265625,38.54999923706055,14.548133850097656,41.444278717041016,42.28740692138672,51.52817916870117,22.47901725769043,48.435340881347656,157923.0,166.70224050325487
2025-12-19,20.95471954345703,51.36064910888672,30.61336898803711,46.75214385986328,306.56365966796875,37.57862091064453,19.540000915527344,482.856689453125,26.617443084716797,180.56748962402344,38.209999084472656,14.389246940612793,41.049156188964844,42.7364387512207,51.314788818359375,22.668794631958008,48.164100646972656,158473.0,166.79414511546676
2025-12-22,20.817886352539062,50.67269515991211,29.775951385498047,45.5949592590332,309.1785888671875,37.654666900634766,19.270000457763672,481.86297607421875,25.88022232055664,183.26116943359375,39.40999984741211,14.319733619689941,40.048683166503906,42.3947868347168,51.194801330566406,22.668794631958008,47.34796905517578,158142.0,166.88610039561038
2025-12-23,21.257701873779297,51.95032501220703,30.632400512695312,46.83126449584961,313.73968505859375,38.272579193115234,19.530000686645508,483.78082275390625,26.675643920898438,188.76829528808594,40.41999816894531,14.528273582458496,41.27698516845703,43.82974624633789,51.49477005004883,23.674610137939453,47.96391296386719,160456.0,166.9781063716195
2025-12-24,21.257701873779297,51.95032501220703,30.632400512695312,46.83126449584961,313.48016357421875,38.272579193115234,19.530000686645508,484.94342041015625,26.675643920898438,188.169677734375,40.41999816894531,14.528273582458496,41.27698516845703,43.82974624633789,51.49477005004883,23.674610137939453,47.96391296386719,160456.0,167.07016307144323
2025-12-26,21.355436325073242,51.54738235473633,30.33740234375,46.801597595214844,312.9013671875,38.28493881225586,20.010000228881836,484.6354064941406,26.714445114135742,190.085205078125,40.599998474121094,14.627577781677246,41.05906295776367,43.819984436035156,51.67475128173828,23.758224487304688,48.43083572387695,160897.0,167.16227052304617
2025-12-29,21.228382110595703,51.53755187988281,29.909177780151367,46.405975341796875,312.9512634277344,38.167442321777344,19.940000534057617,484.02923583984375,26.481637954711914,187.7805938720703,41.13999938964844,14.50841236114502,40.365665435791016,43.9078369140625,51.544761657714844,23.552143096923828,48.39109802246094,160490.0,167.25442875440822
2025-12-30,21.423852920532227,51.82176971435547,30.670467376708984,46.643348693847656,313.24066162109375,38.412227630615234,19.979999542236328,484.4068603515625,26.73331642150879,187.1021728515625,41.41999816894531,14.657369613647461,40.226985931396484,42.53144454956055,51.44477462768555,24.101694107055664,48.192405700683594,161125.0,167.34663779352482
2025-12-31,21.423852920532227,51.82176971435547,30.670467376708984,46.643348693847656,312.3923034667969,38.412227630615234,19.979999542236328,480.5711669921875,26.73331642150879,186.06460571289062,41.41999816894531,14.657369613647461,40.226985931396484,42.53144454956055,51.44477462768555,24.101694107055664,48.192405700683594,161125.0,167.4388976684068
2026-01-02,21.189285278320312,51.43739318847656,29.994821548461914,46.57411575317383,314.5381164550781,38.35167694091797,19.639999389648438,469.95849609375,26.527297973632812,188.4091339111328,41.7599983215332,14.647439002990723,40.08830642700195,42.404544830322266,51.86473083496094,22.786699295043945,47.93410873413086,160539.0,167.5312084070804
2026-01-05,21.38475799560547,52.82706069946289,31.32707977294922,46.82137680053711,315.9254455566406,38.91005325317383,19.100000381469727,469.86907958984375,26.811798095703125,187.6808319091797,41.150001525878906,14.73681354522705,40.56378173828125,42.6973991394043,50.42487716674805,24.49422836303711,47.76522445678711,161870.0,167.62357003758729
2026-01-06,21.619327545166016,53.526824951171875,30.946434020996094,47.3455696105957,313.7297058105469,39.14515686035156,19.170000076293945,475.4933776855469,27.18459129333496,186.80288696289062,40.81999969482422,14.73681354522705,42.099159240722656,43.26356887817383,50.22489929199219,25.35780906677246,47.85462951660156,163664.0,167.71598258798474
2026-01-07,21.208831787109375,52.48210906982422,30.394498825073242,46.20817184448242,321.35491943359375,38.5181999206543,18.6200008392334,480.422119140625,26.782365798950195,188.66851806640625,41.06999969482422,14.558064460754395,40.60340118408203,42.91215133666992,49.9349250793457,24.111507415771484,47.38771057128906,161975.0,167.80844608634533
2026-01-08,21.32611656188965,53.61552429199219,30.93691635131836,46.9400634765625,324.80816650390625,39.11576843261719,18.639999389648438,475.0959167480469,26.998197555541992,184.60800170898438,41.83000183105469,14.73681354522705,40.28641891479492,42.53144454956055,49.564964294433594,24.91620445251465,45.41073989868164,162937.0,167.90096056075723
2026-01-09,21.36521339416504,53.930912017822266,32.116920471191406,47.08842086791992,327.9320983886719,39.03739929199219,19.0,476.258544921875,28.146013259887695,184.42843627929688,42.68000030517578,14.726882934570312,40.801513671875,42.18002700805664,50.98482131958008,24.719938278198242,45.79818344116211,163370.0,167.99352603932397
2026-01-12,21.37498664855957,53.290283203125,30.841758728027344,47.12798309326172,331.2156982421875,38.68473815917969,19.780000686645508,474.1717529296875,28.27354621887207,184.5082550048828,43.2400016784668,14.786465644836426,40.77179718017578,41.877418518066406,52.10470962524414,23.542329788208008,46.44392776489258,163150.0,168.08614255016474
2026-01-13,20.720151901245117,52.620086669921875,30.251758575439453,46.396087646484375,335.31768798828125,38.37126922607422,19.290000915527344,467.70281982421875,28.146013259887695,185.376220703125,42.79999923706055,14.210498809814453,39.84066390991211,40.87196731567383,51.50476837158203,23.18904685974121,46.09622573852539,161973.0,168.1788101214141
2026-01-14,21.01336097717285,53.714080810546875,30.1090145111084,46.494991302490234,335.1879577636719,38.7924919128418,19.440000534057617,456.4840087890625,28.09695816040039,182.7124481201172,44.06999969482422,13.60473918914795,39.95953369140625,40.920772552490234,52.16469955444336,23.444196701049805,46.70222473144531,165146.0,168.27152878122214
2026-01-15,20.97426414489746,54.28572082519531,30.02337074279785,46.32685470581055,332.1339111328125,39.12556457519531,19.6200008392334,453.7811279296875,28.8916015625,186.61331176757812,43.779998779296875,13.634531021118164,39.93972396850586,40.979347229003906,52.34468078613281,23.31662368774414,46.13595962524414,165568.0,168.36429855775455
2026-01-16,20.886302947998047,53.61552429199219,30.137563705444336,46.27740478515625,329.35931396484375,38.80229568481445,19.610000610351562,456.9609680175781,28.54823875427246,185.79522705078125,44.16999816894531,13.505435943603516,39.870384216308594,39.7298583984375,51.594757080078125,22.42360496520996,46.01674270629883,164800.0,168.45711947919244
2026-01-19,20.827659606933594,54.02946853637695,31.022563934326172,46.138938903808594,329.35931396484375,38.74351119995117,19.280000686645508,456.9609680175781,28.695392608642578,185.79522705078125,44.93000030517578,13.445852279663086,40.0684928894043,39.83723449707031,51.844730377197266,22.345096588134766,45.917396545410156,164849.0,168.5499915737325
2026-01-20,21.05245590209961,54.30542755126953,30.822723388671875,46.88072204589844,321.3748474121094,39.10597229003906,19.309999465942383,451.65460205078125,29.03875732421875,177.654296875,45.40999984741211,13.306825637817383,39.761417388916016,39.75914001464844,51.344783782958984,23.247928619384766,46.12602996826172,166277.0,168.64291486958706
2026-01-21,21.892988204956055,56.89750289916992,31.745790481567383,48.38406753540039,327.7424621582031,40.820281982421875,19.639999389648438,441.3102111816406,29.784347534179688,182.8920440673828,46.880001068115234,13.952306747436523,40.66283416748047,41.60409164428711,52.194698333740234,23.915241241455078,47.27842712402344,171817.0,168.73588939498381
2026-01-22,22.919221878051758,57.46914291381836,31.79336929321289,49.75884246826172,329.89825439453125,42.2015380859375,20.0,448.2959289550781,30.13751983642578,184.40847778320312,46.25,14.121124267578125,42.98076248168945,42.83405685424805,52.184696197509766,24.140947341918945,48.90769577026367,175589.0,168.82891517816617
2026-01-23,23.73043441772461,58.237892150878906,32.29772186279297,51.23251724243164,327.2933044433594,42.681549072265625,20.469999313354492,463.0125732421875,30.68690299987793,187.23187255859375,48.52000045776367,14.707021713256836,43.53548812866211,43.683319091796875,52.244693756103516,24.21945571899414,49.54349899291992,178859.0,168.9219922473931
2026-01-26,23.847721099853516,59.361454010009766,32.51659393310547,50.98525619506836,332.61297607421875,43.24972152709961,19.739999771118164,467.3152770996094,30.922351837158203,186.03468322753906,48.5,14.746744155883789,43.674163818359375,44.600914001464844,51.66474914550781,24.73956298828125,51.27210998535156,178721.0,169.015120630939
2026-01-27,24.13115692138672,60.81025695800781,33.734657287597656,52.46882247924805,333.90045166015625,44.39585876464844,19.520000457763672,477.5503234863281,31.452116012573242,188.07989501953125,49.0099983215332,14.945353507995605,43.18878173828125,46.56300354003906,51.2747917175293,24.88676643371582,52.354976654052734,181919.0,169.10830035709407
2026-01-28,24.825084686279297,61.322757720947266,33.32546615600586,52.38970184326172,335.3576354980469,45.395057678222656,19.030000686645508,478.59368896484375,31.981870651245117,191.0728759765625,50.5,15.044656753540039,43.73359680175781,47.81249237060547,51.75474166870117,26.49616241455078,51.23237228393555,184691.0,169.20153145416393
2026-01-29,24.922822952270508,60.090782165527344,32.573692321777344,50.8566780090332,337.5932922363281,45.20893859863281,18.719999313354492,430.76715087890625,32.03092956542969,192.06057739257812,51.5099983215332,14.776535034179688,42.32699203491211,46.98275375366211,49.35498809814453,26.69243049621582,51.72909927368164,183134.0,169.29481395046994
2026-01-30,24.649160385131836,59.08549118041992,32.878204345703125,50.451168060302734,337.3437805175781,44.57218551635742,18.670000076293945,427.5773620605469,32.315425872802734,190.68380737304688,50.9900016784668,14.657369613647461,41.990196228027344,47.23655319213867,49.32499313354492,27.0849666595459,51.38139724731445,181364.0,169.388147874349
2026-02-02,24.72735023498535,60.238616943359375,34.667236328125,50.08522415161133,343.022705078125,44.962406158447266,18.8700008392334,420.70098876953125,32.24675369262695,185.1766815185547,50.880001068115234,14.647439002990723,43.466148376464844,48.388427734375,48.71505355834961,27.55600929260254,51.609886169433594,182793.0,169.48153325415362
2026-02-03,25.108522415161133,60.33717727661133,34.63869094848633,51.094051361083984,339.0504455566406,45.21720886230469,19.290000915527344,408.6176452636719,32.3939094543457,179.91897583007812,51.5,14.965213775634766,42.23783874511719,49.442684173583984,49.08501434326172,28.262571334838867,53.64646530151367,185674.0,169.57497011825197
2026-02-04,24.531875610351562,57.36072540283203,34.19143295288086,49.5313606262207,332.3934326171875,43.72760772705078,18.920000076293945,411.5788879394531,32.28599548339844,173.78335571289062,50.25,15.163823127746582,41.26708221435547,48.86674880981445,49.5949592590332,27.693395614624023,51.0634880065918,181708.0,169.66845849502786
2026-02-05,23.88681411743164,58.129478454589844,35.45833206176758,49.46212387084961,330.6069030761719,44.60960388183594,18.8799991607666,391.1882629394531,32.403717041015625,171.47874450683594,49.150001525878906,15.084379196166992,41.217552185058594,48.87651062011719,50.42487716674805,28.556974411010742,51.86818313598633,182127.0,169.76199841288079
2026-02-06,23.77930450439453,59.400875091552734,37.10643005371094,50.006103515625,322.233154296875,45.81500244140625,18.81999969482422,398.61114501953125,32.74708557128906,184.97715759277344,50.630001068115234,15.143961906433105,41.1383056640625,49.784339904785156,50.19490051269531,29.14577865600586,51.510536193847656,182950.0,169.85558990022582
2026-02-09,24.258214950561523,59.331886291503906,36.75946044921875,50.70832443237305,323.6903381347656,47.34380340576172,18.950000762939453,410.99261474609375,33.08063888549805,189.59634399414062,51.04999923706055,15.362432479858398,41.76236343383789,49.37435531616211,51.33478546142578,29.39111328125,53.39809799194336,186241.0,169.94923298549372
2026-02-10,24.238664627075195,58.09005355834961,37.617244720458984,50.9259147644043,317.9614562988281,47.451602935791016,18.68000030517578,410.6646423339844,32.99234390258789,188.09983825683594,51.470001220703125,15.78944206237793,40.91047668457031,49.2864990234375,51.11480712890625,30.0682373046875,52.05693817138672,185929.0,170.04292769713098
2026-02-11,24.346176147460938,58.35615921020508,37.71363067626953,51.54901123046875,310.3562316894531,48.38261032104492,19.06999969482422,401.8207702636719,33.14931106567383,189.60633850097656,53.599998474121094,16.33561897277832,41.75246047973633,49.872196197509766,57.92411804199219,30.666854858398438,53.23915100097656,189699.0,170.13667406359968
2026-02-12,25.440824508666992,57.65639877319336,37.993125915527344,51.42043685913086,308.40008544921875,47.27520751953125,18.920000076293945,399.3067321777344,32.668601989746094,186.5035858154297,52.22999954223633,16.17673110961914,42.00010681152344,50.37003707885742,58.244083404541016,31.648193359375,53.67626190185547,187766.0,170.2304721133777
2026-02-13,24.854408264160156,58.730682373046875,39.323177337646484,51.034706115722656,305.1264343261719,46.814605712890625,18.799999237060547,398.7900085449219,32.1584587097168,182.38320922851562,52.560001373291016,16.127079010009766,42.257652282714844,50.21385192871094,58.334075927734375,32.030914306640625,53.44777297973633,186464.0,170.32432187495854
2026-02-17,24.854408264160156,58.730682373046875,39.323177337646484,51.034706115722656,301.43359375,46.814605712890625,18.799999237060547,394.3581237792969,32.1584587097168,184.53817749023438,52.560001373291016,16.127079010009766,42.257652282714844,50.21385192871094,58.334075927734375,32.030914306640625,53.44777297973633,186464.0,170.32432187495854
2026-02-18,25.235580444335938,59.45015335083008,39.525577545166016,50.777557373046875,302.7410888671875,47.030208587646484,18.530000686645508,397.0808410644531,32.511634826660156,187.5411376953125,53.779998779296875,15.988052368164062,42.426048278808594,50.07719039916992,57.194190979003906,31.815019607543945,53.04045867919922,186016.0,170.41822337685144
2026-02-19,25.86109161376953,60.958091735839844,39.82435607910156,51.895179748535156,302.26202392578125,47.579002380371094,18.760000228881836,396.8517761230469,33.306278228759766,187.46133422851562,54.93000030517578,16.33561897277832,44.21897888183594,51.18025588989258,57.12419891357422,33.49311447143555,51.03368377685547,188534.0,170.51217664758133
2026-02-20,26.37909507751465,61.28333282470703,40.161685943603516,52.70619583129883,314.3684997558594,48.24540328979492,18.799999237060547,395.6267395019531,33.492671966552734,189.3768768310547,55.02000045776367,16.395200729370117,44.664730072021484,51.57072448730469,56.854225158691406,32.433265686035156,51.64962387084961,190534.0,170.60618171568893
2026-02-23,26.222719192504883,59.7359733581543,38.88946533203125,52.844661712646484,310.8852233886719,46.50100326538086,19.530000686645508,382.9182434082031,33.404380798339844,191.10281372070312,53.45000076293945,16.573949813842773,43.149166107177734,50.07719039916992,56.99420928955078,31.608938217163086,51.629756927490234,188854.0,170.70023860973063
2026-02-24,26.725814819335938,60.2681884765625,38.503944396972656,53.83370590209961,310.29638671875,47.206600189208984,20.440000534057617,387.429931640625,34.189208984375,192.39979553222656,54.68000030517578,17.040681838989258,43.06001281738281,50.80931091308594,58.57405090332031,30.617788314819336,51.073421478271484,191490.0,170.79434735827857
2026-02-25,27.179128646850586,60.9088134765625,37.78109359741211,53.71501922607422,312.2925109863281,46.83420181274414,20.299999237060547,398.9831237792969,34.208831787109375,195.10345458984375,53.630001068115234,16.554088592529297,43.10953903198242,49.579345703125,58.894020080566406,29.754207611083984,49.9508171081543,191248.0,170.88850798992067
2026-02-26,26.88349151611328,61.14535140991211,38.07023620605469,54.69417190551758,306.783203125,46.71659851074219,20.239999771118164,400.0986022949219,35.12119674682617,184.45835876464844,52.34000015258789,16.514366149902344,41.158119201660156,49.24745178222656,58.9740104675293,30.09767723083496,49.05671310424805,191005.0,170.98272053326062
2026-02-27,26.558286666870117,60.3765983581543,37.453399658203125,53.26005554199219,311.15472412109375,45.84440612792969,20.68000030517578,391.15484619140625,34.53257751464844,176.77635192871094,54.4900016784668,15.858956336975098,39.91990661621094,49.5500602722168,57.994110107421875,29.695327758789062,49.37461853027344,188787.0,171.0769850169178
2026-03-02,26.558286666870117,60.20905303955078,37.14498519897461,52.95345687866211,305.9248962402344,45.019100189208984,20.520000457763672,396.9413757324219,33.4632453918457,182.0540008544922,57.279998779296875,15.640485763549805,39.325565338134766,50.49694061279297,58.05410385131836,29.292980194091797,48.37123107910156,189307.0,171.1713014695275
2026-03-03,25.461706161499023,56.6806755065918,35.323394775390625,51.74681854248047,302.9905700683594,43.509315490722656,19.540000915527344,402.2996826171875,32.42333984375,179.62965393066406,55.119998931884766,15.362432479858398,38.28547286987305,47.734397888183594,57.264183044433594,27.879850387573242,47.08967590332031,183105.0,171.2656699197407
2026-03-04,25.62967300415039,59.0263557434082,35.583621978759766,53.44797897338867,302.54150390625,44.126949310302734,19.479999542236328,403.5645751953125,32.99234390258789,182.61268615722656,55.52000045776367,15.61069393157959,38.949153900146484,49.15959548950195,56.4942626953125,28.06630516052246,47.030067443847656,185366.0,171.36009039622417
2026-03-05,24.700918197631836,56.325870513916016,34.301761627197266,52.27101135253906,300.2958679199219,42.65637969970703,18.3799991607666,409.0224304199219,31.785667419433594,182.91197204589844,56.959999084472656,15.51138973236084,37.77037811279297,45.78207015991211,55.79433059692383,26.829816818237305,46.40419387817383,180464.0,171.4545629276605
2026-03-06,24.453908920288086,55.19245147705078,34.38850784301758,52.32046890258789,297.9404296875,42.08776092529297,18.06999969482422,407.30938720703125,31.32457733154297,177.40489196777344,59.38999938964844,15.37236213684082,38.04773712158203,44.73757553100586,54.91442108154297,29.499059677124023,46.314781188964844,179365.0,171.54908754274817
2026-03-09,24.404508590698242,55.88235855102539,34.301761627197266,53.002906799316406,305.98040771484375,42.31324768066406,17.65999984741211,407.757568359375,31.815099716186523,182.2235870361328,59.70000076293945,15.829163551330566,38.19632339477539,44.659481048583984,54.79443359375,29.499059677124023,46.27504348754883,180915.0,171.64366427020136
2026-03-10,24.839242935180664,57.08476257324219,34.5234375,53.80403518676758,306.65960693359375,42.940696716308594,17.200000762939453,404.122314453125,31.736614227294922,184.33863830566406,58.900001525878906,16.931446075439453,38.394432067871094,46.11396789550781,55.59435272216797,29.037830352783203,46.88105010986328,183447.0,171.7382931387502
2026-03-11,25.036849975585938,57.38043975830078,35.949867248535156,53.70512771606445,308.31756591796875,43.028926849365234,16.469999313354492,403.245849609375,31.363819122314453,185.60574340820312,59.349998474121094,16.981098175048828,38.06754684448242,45.73326110839844,54.89442443847656,29.59719467163086,46.573081970214844,183969.0,171.83297417714053
2026-03-12,23.940128326416016,55.29100799560547,34.889686584472656,52.666629791259766,303.17388916015625,41.852474212646484,16.989999771118164,400.2380065917969,30.382780075073242,182.72235107421875,59.5,16.36540985107422,36.9085807800293,44.09330368041992,53.464569091796875,28.547161102294922,45.52001953125,179285.0,171.92770741413415
2026-03-13,23.46587371826172,54.315284729003906,34.63909149169922,51.687477111816406,301.9054870605469,41.56816864013672,16.899999618530273,393.9534912109375,29.352689743041992,179.83892822265625,57.79999923706055,16.146940231323242,36.25480270385742,42.58025360107422,53.39457702636719,28.48828125,45.90746307373047,177653.0,172.02249287850867
2026-03-16,23.614078521728516,55.093894958496094,35.169185638427734,52.27101135253906,305.1814270019531,42.15639114379883,16.829999923706055,398.33575439453125,30.06884765625,182.8021697998047,59.79999923706055,16.285964965820312,36.69065856933594,43.72236633300781,53.14460372924805,28.75324249267578,45.669036865234375,179875.0,172.1173305990575
2026-03-17,23.386829376220703,55.29100799560547,34.986061096191406,51.04459762573242,310.5347900390625,41.8720817565918,16.6200008392334,397.7979431152344,30.265056610107422,181.5150909423828,62.689998626708984,16.196590423583984,36.81943130493164,43.55641555786133,53.10460662841797,29.489246368408203,45.89752960205078,180410.0,172.21222060459013
2026-03-18,23.129940032958984,54.62081527709961,33.96443557739258,49.95664596557617,307.30877685546875,41.45051956176758,17.030000686645508,390.20867919921875,30.039417266845703,179.98858642578125,66.02999877929688,15.968191146850586,36.67084503173828,43.05857467651367,52.554664611816406,29.881784439086914,45.85779571533203,179640.0,172.30716292393166
2026-03-19,23.228744506835938,54.315284729003906,33.00062942504883,50.470951080322266,306.7494812011719,41.744632720947266,17.059999465942383,387.4498596191406,30.186573028564453,178.1527862548828,65.81999969482422,16.07742691040039,36.81943130493164,43.361183166503906,51.11480712890625,29.6658878326416,46.284976959228516,180271.0,172.40066712896393
2026-03-20,22.991615295410156,51.97946548461914,31.86334228515625,48.3049430847168,300.6270751953125,41.07136154174805,16.600000381469727,380.3287048339844,29.352689743041992,172.30613708496094,67.88999938964844,16.00791358947754,36.87886047363281,42.18002700805664,50.174903869628906,28.586414337158203,45.65909957885742,176219.0,172.49422207498816
2026-03-23,23.673358917236328,54.433555603027344,33.877689361572266,49.95664596557617,301.685791015625,42.28718566894531,18.979999542236328,381.4541931152344,30.892919540405273,175.23944091796875,65.95999908447266,16.732837677001953,38.53311538696289,45.91873550415039,51.6147575378418,30.99069595336914,47.04313659667969,181932.0,172.58782778953935
2026-03-24,23.367069244384766,54.827789306640625,34.26321029663086,49.74894714355469,290.0801696777344,42.04994583129883,19.6200008392334,371.2355651855469,30.647661209106445,174.80044555664062,67.62999725341797,16.405132293701172,38.4538688659668,45.33303451538086,51.16480255126953,30.32338523864746,47.24225997924805,182509.0,172.68148430016763
2026-03-25,23.574556350708008,55.86264419555664,35.217376708984375,51.16328430175781,290.5695495605469,42.60350036621094,19.75,369.5424499511719,31.167612075805664,178.2725067138672,67.27999877929688,16.4945068359375,39.0482063293457,46.455623626708984,51.394779205322266,31.069202423095703,47.96906661987305,185424.0,172.775191634438
2026-03-26,22.78412628173828,54.403987884521484,34.26321029663086,49.74894714355469,280.57196044921875,41.45685958862305,20.579999923706055,364.4928894042969,30.206193923950195,170.8494873046875,68.76000213623047,15.888747215270996,38.01801681518555,45.157325744628906,50.794837951660156,29.43036651611328,47.311954498291016,182733.0,172.86894981993032
2026-03-27,22.388912200927734,52.7580680847168,32.70185089111328,49.274208068847656,274.0001220703125,40.972511291503906,21.829999923706055,355.3300476074219,29.82358741760254,167.13795471191406,70.81999969482422,15.620624542236328,37.5098762512207,44.07378387451172,50.43487548828125,28.871004104614258,47.20243835449219,181557.0,172.96275888423963
2026-03-30,22.132022857666016,52.629947662353516,33.0102653503418,49.72916793823242,273.1611633300781,41.12077713012695,22.329999923706055,357.5111999511719,30.078657150268555,164.79331970214844,72.0999984741211,15.491528511047363,37.649131774902344,44.46103286743164,50.554866790771484,28.96913719177246,48.83525848388672,182514.0,173.05661885497574
2026-03-31,22.724843978881836,55.478271484375,34.099365234375,51.885284423828125,287.2037353515625,42.9791259765625,21.639999389648438,368.67596435546875,31.500152587890625,174.0022735595703,66.20999908447266,16.137008666992188,38.76319122314453,46.396697998046875,51.89472961425781,30.617788314819336,50.78667449951172,187462.0,173.15052975976357
2026-04-01,23.347307205200195,56.769378662109375,35.5739860534668,52.419368743896484,297.0215759277344,43.34321212768555,20.790000915527344,367.8791809082031,32.17353057861328,175.3491973876953,64.12999725341797,16.067495346069336,39.23069381713867,47.15713882446289,52.08470916748047,30.71592140197754,50.78667449951172,187953.0,173.244491626243
2026-04-02,23.110179901123047,56.44413757324219,34.79330062866211,52.636962890625,295.403564453125,42.8191032409668,20.790000915527344,371.9526672363281,31.688302993774414,176.98544311523438,67.7699966430664,15.988052368164062,39.56888961791992,47.078128814697266,50.84483337402344,30.814054489135742,50.08974075317383,188052.0,173.33850448206888
2026-04-06,23.149700164794922,56.87779235839844,34.72583770751953,52.42926025390625,299.6183166503906,43.00699234008789,20.510000228881836,371.3750305175781,31.46054458618164,177.23487854003906,67.30000305175781,15.819233894348145,39.51915740966797,46.554710388183594,49.5949592590332,30.872934341430664,50.398380279541016,188162.0,173.43256835491115
2026-04-07,23.159582138061523,57.370582580566406,32.94280242919922,53.220497131347656,305.08154296875,42.97732925415039,20.059999465942383,370.78741455078125,31.648691177368164,177.69383239746094,67.81999969482422,16.285964965820312,39.70814514160156,46.56459045410156,46.42528533935547,28.998577117919922,50.428253173828125,188259.0,173.52668327245465
2026-04-08,24.197019577026367,61.22419738769531,34.5041618347168,54.733734130859375,316.9268798828125,44.480445861816406,19.809999465942383,372.8191223144531,32.92612838745117,181.66476440429688,64.0999984741211,16.027772903442383,40.39448928833008,48.74715042114258,47.3351936340332,32.256622314453125,52.53896713256836,192201.0,173.62084926239928
2026-04-09,24.424266815185547,62.140785217285156,35.67036056518555,55.861244201660156,318.09539794921875,45.241886138916016,19.25,371.5642395019531,33.32223129272461,183.49058532714844,65.44999694824219,16.00791358947754,40.7724723815918,49.41870880126953,47.59516525268555,33.365535736083984,52.2701530456543,195129.0,173.71506635246
2026-04-10,24.434146881103516,61.87467956542969,34.57162857055664,56.72171401977539,316.8469543457031,45.5583381652832,19.829999923706055,369.37310791015625,33.18359375,188.1998291015625,67.6500015258789,16.315757751464844,41.180294036865234,48.39161682128906,47.155208587646484,33.13983154296875,52.64849090576172,197324.0,173.80933457036684
2026-04-13,24.453908920288086,62.87997055053711,34.880043029785156,57.166786193847656,320.91192626953125,45.32101058959961,21.0,382.8186340332031,33.42125701904297,188.87826538085938,66.80000305175781,16.127079010009766,41.44886016845703,48.2039794921875,47.795143127441406,33.38516616821289,51.81216812133789,198001.0,173.9036539438648
2026-04-14,25.076372146606445,62.3379020690918,35.07280731201172,57.5129508972168,332.49755859375,46.01322937011719,21.8700008392334,391.5233459472656,33.9857063293457,196.0618438720703,65.08000183105469,16.802350997924805,42.184932708740234,50.356910705566406,48.505069732666016,34.10154342651367,51.67278289794922,198657.0,173.99802450071397
2026-04-15,24.108095169067383,63.4023323059082,33.790950775146484,57.5129508972168,336.70233154296875,46.5175666809082,19.600000381469727,409.5602722167969,34.27288055419922,198.41647338867188,63.189998626708984,16.842071533203125,39.787723541259766,51.29511260986328,47.82514572143555,33.19871139526367,49.74127197265625,197738.0,174.09244626868954
2026-04-16,23.989532470703125,63.41218185424805,32.97171401977539,57.0678825378418,335.6036682128906,46.45823287963867,19.649999618530273,418.56378173828125,34.0748291015625,197.8976593017578,64.25,16.474645614624023,39.04170608520508,50.14951705932617,47.52517318725586,32.011287689208984,48.18810272216797,196819.0,174.18691927558172
2026-04-17,24.108095169067383,62.68285369873047,33.83913803100586,56.72171401977539,341.2566833496094,46.28023147583008,19.610000610351562,421.0835876464844,34.45112609863281,201.2200469970703,61.65999984741211,16.434921264648438,39.817562103271484,50.50504684448242,47.925132751464844,32.2271842956543,48.43701171875,195734.0,174.2814435491958
2026-04-20,23.989532470703125,63.2052116394043,33.31868362426758,56.84040069580078,337.0019836425781,45.85500717163086,19.56999969482422,416.38262939453125,34.094635009765625,201.59918212890625,61.630001068115234,16.355478286743164,39.23069381713867,51.334617614746094,47.795143127441406,32.11923599243164,48.26774978637695,196132.0,174.37601911735223
2026-04-21,23.989532470703125,63.2052116394043,33.31868362426758,56.84040069580078,331.8783264160156,45.85500717163086,19.56999969482422,422.4480285644531,34.094635009765625,199.42417907714844,61.630001068115234,16.355478286743164,39.23069381713867,51.334617614746094,47.795143127441406,32.11923599243164,48.26774978637695,196132.0,174.37601911735223
2026-04-22,23.120059967041016,61.135494232177734,32.89461135864258,55.3172721862793,338.8996276855469,44.52988815307617,18.690000534057617,431.1726989746094,33.34203338623047,202.03819274902344,62.70000076293945,16.11714744567871,38.434940338134766,49.87299346923828,47.34518814086914,31.942594528198242,46.9833984375,192889.0,174.47064600788644
2026-04-23,22.724843978881836,60.08092498779297,32.383792877197266,54.89198303222656,338.47015380859375,43.6893310546875,18.280000686645508,414.0719909667969,32.53002166748047,199.18470764160156,62.720001220703125,15.809303283691406,37.659080505371094,48.77677536010742,46.68525695800781,31.108457565307617,48.068626403808594,191378.0,174.5653242486491
2026-04-24,22.428436279296875,60.002079010009766,31.5549259185791,54.68428421020508,343.9732971191406,43.877220153808594,18.100000381469727,422.90618896484375,32.41119384765625,207.79502868652344,62.630001068115234,15.70999813079834,38.50457000732422,48.67802047729492,45.6353645324707,30.70610809326172,47.590728759765625,190745.0,174.66005386750587
2026-04-27,22.240707397460938,59.637413024902344,29.10686492919922,53.70512771606445,349.90594482421875,43.501441955566406,18.15999984741211,423.1053771972656,32.17353057861328,216.1160125732422,64.3499984741211,15.491528511047363,38.22605514526367,47.720062255859375,45.2953987121582,28.04667854309082,47.97901916503906,189579.0,174.75483489233764
2026-04-28,22.270349502563477,59.31217575073242,28.67315101623535,53.14137268066406,349.3466491699219,43.61021423339844,18.09000015258789,427.5174865722656,31.925966262817383,212.68385314941406,64.4000015258789,15.481597900390625,38.22605514526367,46.72260284423828,45.44538497924805,27.948543548583984,47.08296203613281,188619.0,174.8496673510403
2026-04-29,21.45027732849121,57.72539138793945,28.25871467590332,51.410545349121094,349.5064697265625,42.39387512207031,17.389999389648438,422.746826171875,31.252588272094727,208.77279663085938,66.37999725341797,15.470000267028809,37.53971862792969,44.63880157470703,44.81544876098633,26.839632034301758,43.906925201416016,184750.0,174.94455127152503
2026-04-30,21.94429588317871,58.48428726196289,28.9719295501709,52.24134063720703,384.3232421875,42.710323333740234,17.43000030517578,406.1341552734375,31.411029815673828,199.11488342285156,66.41000366210938,15.729999542236328,38.16637420654297,45.33998489379883,43.84000015258789,27.57563591003418,44.66360092163086,187318.0,175.03797166190404
2026-05-01,21.94429588317871,58.48428726196289,28.9719295501709,52.24134063720703,385.2121887207031,42.710323333740234,17.43000030517578,412.76727294921875,31.411029815673828,197.99742126464844,66.41000366210938,15.729999542236328,38.16637420654297,45.33998489379883,43.84000015258789,27.57563591003418,44.66360092163086,187318.0,175.03797166190404
2026-05-04,21.647884368896484,57.27202606201172,28.1334228515625,51.905067443847656,382.7751770019531,41.94676208496094,18.0,411.9505615234375,30.9158992767334,198.02734375,70.16000366210938,16.239999771118164,37.69887161254883,44.421531677246094,42.58000183105469,27.418621063232422,44.16579055786133,185600.0,175.1314419387715
2026-05-05,21.657766342163086,57.10447311401367,28.38401222229004,52.45893478393555,387.9487609863281,42.00611877441406,17.649999618530273,409.7196044921875,31.0743408203125,196.05186462402344,69.5,16.290000915527344,38.52446365356445,45.330108642578125,42.400001525878906,28.184064865112305,43.34938049316406,186754.0,175.2249621287668
2026-05-06,21.80596923828125,58.16890335083008,30.340532302856445,53.45786666870117,397.546875,41.3333854675293,17.790000915527344,412.2891845703125,32.07450485229492,207.3560333251953,66.54000091552734,16.690000534057617,40.1358642578125,47.058380126953125,43.0099983215332,30.96125602722168,44.743247985839844,187691.0,175.3185322585436
2026-05-07,21.430517196655273,56.37514877319336,30.10921859741211,51.628135681152344,397.4969177246094,40.353965759277344,17.010000228881836,419.07171630859375,31.104049682617188,211.01766967773438,64.4000015258789,16.290000915527344,37.53971862792969,45.77452087402344,43.29999923706055,29.65607452392578,44.11600875854492,183218.0,175.41215235476966
2026-05-08,21.539199829101562,57.804237365722656,30.138134002685547,52.15232849121094,400.3034362792969,40.818939208984375,17.260000228881836,413.44451904296875,31.490249633789062,214.709228515625,63.27000045776367,16.93000030517578,38.106693267822266,49.26069259643555,43.70000076293945,29.63644790649414,45.32071304321289,184108.0,175.5058224441271
2026-05-11,21.282312393188477,56.138607025146484,29.43455696105957,51.23251724243164,388.15850830078125,39.89888381958008,16.84000015258789,410.99444580078125,30.70794677734375,218.93955993652344,63.630001068115234,16.18000030517578,35.77911376953125,46.43620300292969,43.130001068115234,28.75324249267578,43.96666717529297,181909.0,175.59954255331226
2026-05-12,21.064943313598633,56.17803192138672,29.309261322021484,49.93687057495117,386.8701171875,39.44380187988281,16.889999389648438,406.1241760253906,30.371257781982422,220.27650451660156,64.62999725341797,15.75,35.789058685302734,45.50787353515625,42.68000030517578,29.057458877563477,43.200035095214844,180342.0,175.69331270903575
2026-05-13,20.511642456054688,54.137882232666016,29.463470458984375,48.51264190673828,402.1211853027344,39.20636749267578,16.93000030517578,403.57452392578125,29.024503707885742,225.3149871826172,65.44999694824219,15.289999961853027,34.59542465209961,42.59450149536133,43.0,28.547161102294922,43.12038803100586,177098.0,175.78713293802238
2026-05-14,20.511642456054688,54.59124755859375,29.49238395690918,48.54231643676758,400.5731201171875,39.9681396484375,17.420000076293945,407.7774658203125,29.598854064941406,235.202392578125,67.29000091552734,15.270000457763672,34.56558609008789,43.39444351196289,42.619998931884766,29.263538360595703,43.528594970703125,178366.0,175.8810032670113
2026-05-15,20.452360153198242,53.714080810546875,29.27071189880371,47.929107666015625,396.2884216308594,39.2756233215332,17.420000076293945,420.2170715332031,29.182945251464844,224.80616760253906,68.80000305175781,14.970000267028809,34.65510940551758,42.44636154174805,41.70000076293945,28.576602935791016,42.94117736816406,177284.0,175.97492372275588
2026-05-18,20.175710678100586,53.39869689941406,28.9171142578125,47.741188049316406,396.4482421875,39.196468353271484,16.809999465942383,421.83056640625,29.46021842956543,221.81300354003906,68.81999969482422,14.899999618530273,34.585479736328125,42.43648910522461,41.970001220703125,28.655109405517578,42.154632568359375,176976.0,176.06889433202383
2026-05-19,19.98798370361328,52.30470275878906,28.279743194580078,47.09830856323242,387.1797180175781,38.36545181274414,16.5,415.7352600097656,28.83635711669922,220.1068878173828,69.31999969482422,14.609999656677246,33.91903305053711,41.567413330078125,41.04999923706055,28.47846794128418,41.63690948486328,174279.0,176.16291512159714
2026-05-20,20.452360153198242,53.41840744018555,30.691953659057617,48.16647720336914,388.4281921386719,39.245933532714844,17.670000076293945,419.36053466796875,29.816713333129883,222.9603729248047,68.62999725341797,15.020000457763672,34.80431365966797,43.91786575317383,42.20000076293945,30.55890655517578,42.39358139038086,177356.0,176.25698611827207
2026-05-21,20.570924758911133,53.58595657348633,30.593896865844727,47.95878219604492,387.1797180175781,39.691123962402344,17.299999237060547,418.3025207519531,29.836517333984375,219.0093994140625,68.0,14.670000076293945,34.40643310546875,43.493202209472656,42.2599983215332,31.785579681396484,42.28406524658203,177650.0,176.35110734885924
2026-05-22,20.689489364624023,53.15230178833008,29.936912536621094,47.3851318359375,382.49554443359375,39.008506774902344,16.600000381469727,417.7835388183594,29.31167984008789,214.83892822265625,68.4000015258789,14.210000038146973,33.88919448852539,42.811767578125,41.70000076293945,30.3430118560791,42.54292678833008,176210.0,176.44527884018356
2026-05-25,21.390995025634766,55.093894958496094,31.260684967041016,48.41373825073242,382.49554443359375,39.88899230957031,16.239999771118164,417.7835388183594,30.093984603881836,214.83892822265625,64.30999755859375,14.359999656677246,34.32685852050781,44.342525482177734,41.40999984741211,31.834646224975586,43.12038803100586,177359.0,176.53950061908418
2026-05-26,20.85745620727539,54.69966125488281,31.456802368164062,47.93899917602539,388.398193359375,39.63177490234375,16.360000610351562,415.248291015625,29.70778465270996,214.37001037597656,64.75,14.25,34.81425857543945,43.15742492675781,41.68000030517578,32.04072952270508,43.24981689453125,176589.0,176.63377271241478
2026-05-27,20.817934036254883,54.197017669677734,30.86845588684082,47.711517333984375,388.3482360839844,39.88899230957031,16.290000915527344,411.8946228027344,29.489927291870117,212.1151580810547,62.97999954223633,14.050000190734863,34.217445373535156,42.28834915161133,42.09000015258789,32.28606414794922,43.25977325439453,175744.0,176.72809514704323
2026-05-28,20.36343765258789,53.516963958740234,31.554859161376953,47.86976623535156,389.64666748046875,39.57241439819336,16.290000915527344,426.18768310546875,29.628562927246094,213.76138305664062,62.970001220703125,13.850000381469727,34.287071228027344,42.28834915161133,41.689998626708984,32.08979797363281,43.528594970703125,175063.0,176.82246794985176
2026-05-29,20.057146072387695,52.97489929199219,31.11359977722168,47.47414779663086,379.8687744140625,39.61198425292969,16.010000228881836,449.3940124511719,29.49983024597168,210.6584930419922,62.25,13.720000267028809,33.83945846557617,41.49828338623047,41.90999984741211,32.07998275756836,43.906925201416016,173788.0,176.91689114773698
2026-06-01,19.83977699279785,51.98931884765625,30.711565017700195,47.395023345947266,375.9037170410156,38.95694351196289,15.829999923706055,459.6546936035156,29.01460075378418,223.8483428955078,62.81999969482422,13.920000076293945,33.69025421142578,40.826725006103516,40.650001525878906,31.981849670410156,42.81174087524414,172198.0,177.01136476760988
2026-06-02,19.79128074645996,52.48210906982422,30.721370697021484,48.01811981201172,361.4017028808594,39.1548957824707,15.850000381469727,440.48077392578125,29.133434295654297,222.3118438720703,61.97999954223633,14.1899995803833,34.0682373046875,41.31064224243164,40.43000030517578,32.76691818237305,41.81612014770508,174198.0,177.1058888363958
2026-06-03,19.433069229125977,49.978736877441406,28.877893447875977,46.633460998535156,358.54522705078125,38.3234977722168,15.779999732971191,426.53704833984375,28.370933532714844,214.26025390625,62.59000015258789,13.890000343322754,32.934288024902344,39.937896728515625,41.220001220703125,30.814054489135742,41.597084045410156,170331.0,177.20046338103444
2026-06-04,19.433069229125977,49.978736877441406,28.877893447875977,46.633460998535156,371.7289123535156,38.3234977722168,15.779999732971191,427.2456970214844,28.370933532714844,218.4156036376953,62.59000015258789,13.890000343322754,32.934288024902344,39.937896728515625,41.220001220703125,30.814054489135742,41.597084045410156,170331.0,177.20046338103444
2026-06-05,19.07485580444336,49.91960144042969,28.14246368408203,45.99058151245117,368.07342529296875,38.432369232177734,15.760000228881836,415.8870849609375,28.073856353759766,204.87075805664062,61.119998931884766,13.9399995803833,32.586143493652344,40.07616424560547,41.7400016784668,29.60700798034668,42.27410888671875,169019.0,177.2950884284799
2026-06-08,19.005203247070312,49.77176284790039,28.426828384399414,45.70375442504883,363.0766296386719,38.12554931640625,15.529999732971191,410.9663391113281,27.9055118560791,208.40679931640625,62.540000915527344,13.520000457763672,32.54636001586914,39.67124938964844,41.970001220703125,29.4401798248291,43.80736541748047,168669.0,177.38976400570073
2026-06-09,19.015153884887695,50.11671447753906,29.613323211669922,46.168609619140625,364.0260314941406,38.81837844848633,15.479999542236328,402.6520080566406,28.24220085144043,207.95730590820312,61.79999923706055,13.489999771118164,33.16306686401367,40.34280776977539,42.04999923706055,31.108457565307617,43.14030075073242,169813.0,177.48449013967976
2026-06-10,18.905698776245117,48.49051284790039,29.711380004882812,45.44660568237305,356.1510925292969,38.95694351196289,15.899999618530273,396.61334228515625,27.776777267456055,200.19598388671875,62.880001068115234,13.300000190734863,32.3275260925293,38.6342887878418,41.45000076293945,31.579500198364258,42.20441436767578,168619.0,177.57926685741435
2026-06-11,19.313663482666016,49.752052307128906,31.260684967041016,46.56422805786133,357.5401611328125,40.085269927978516,16.0,389.6065673828125,28.222394943237305,204.64100646972656,62.04999923706055,13.489999771118164,33.85935592651367,40.29343032836914,41.290000915527344,32.6491584777832,42.16458511352539,171497.0,177.67409418591623
2026-06-12,19.363414764404297,49.66334915161133,31.48621940612793,46.88072204589844,359.4489440917969,40.184242248535156,15.989999771118164,390.00579833984375,28.162979125976562,204.96066284179688,61.34000015258789,13.359999656677246,33.89914321899414,40.194671630859375,41.52000045776367,33.522552490234375,42.4234504699707,171133.0,177.7689721522115
2026-06-15,19.29376220703125,50.14628601074219,32.4373779296875,46.494991302490234,369.1127624511719,39.986297607421875,15.779999732971191,399.0088806152344,27.974830627441406,212.21253967285156,57.099998474121094,13.270000457763672,33.62062454223633,40.145294189453125,42.59000015258789,33.3262825012207,42.59270477294922,170415.0,177.8639007833408
2026-06-16,19.303712844848633,49.96887969970703,32.06475830078125,45.65430450439453,373.01025390625,40.03578186035156,15.960000038146973,393.0899963378906,27.806486129760742,207.1781768798828,56.849998474121094,13.029999732971191,33.89914321899414,40.45144271850586,42.93000030517578,33.15945816040039,42.64249038696289,169649.0,177.95888010635912
2026-06-17,19.313663482666016,49.66334915161133,31.260684967041016,45.199344635009766,363.55633544921875,40.382198333740234,15.5,378.1980285644531,27.657947540283203,204.42124938964844,56.7400016784668,12.449999809265137,32.94423294067383,40.036659240722656,42.22999954223633,32.3253173828125,43.608238220214844,168454.0,178.05391014833592
2026-06-18,19.433069229125977,50.11671447753906,32.08436965942383,44.99164581298828,367.7935791015625,40.075374603271484,15.449999809265137,378.6871032714844,27.925317764282227,210.4545135498047,56.970001220703125,12.329999923706055,33.07354736328125,39.59224319458008,43.58000183105469,32.92393493652344,45.609439849853516,168278.0,178.14744364787595
2026-06-19,19.3236141204834,49.90974426269531,32.62368392944336,44.94219207763672,367.7935791015625,39.817588806152344,15.279999732971191,378.6871032714844,27.7470703125,210.4545135498047,57.20000076293945,12.449999809265137,33.421688079833984,39.62187194824219,43.22999954223633,33.345909118652344,44.96228790283203,168576.0,178.2410262814986
2026-06-22,19.482820510864258,51.45710372924805,33.21202850341797,45.56528854370117,349.45538330078125,40.88618469238281,15.289999961853027,366.6497802734375,28.36103057861328,208.41677856445312,56.68000030517578,12.470000267028809,33.65047073364258,40.31317901611328,42.040000915527344,33.75807571411133,45.156307220458984,170370.0,178.33465807501452
2026-06-23,19.761430740356445,52.038597106933594,33.66309356689453,46.148826599121094,345.90765380859375,40.996036529541016,16.799999237060547,373.23736572265625,28.469959259033203,199.81640625,56.099998474121094,12.899999618530273,34.15776062011719,41.261260986328125,41.95000076293945,34.34687805175781,45.615352630615234,171259.0,178.42833905424789
2026-06-24,19.6320743560791,52.88619613647461,34.280853271484375,45.89167785644531,345.0682067871094,40.91614532470703,16.139999389648438,364.7733154296875,28.568986892700195,198.77757263183594,54.099998474121094,12.979999542236328,33.91903305053711,41.24150848388672,42.20000076293945,35.4852294921875,46.513492584228516,170507.0,178.52206924503648
2026-06-25,19.95048713684082,53.516963958740234,34.035709381103516,46.386199951171875,343.48919677734375,41.64518737792969,16.649999618530273,352.1670227050781,29.20275115966797,195.52122497558594,53.939998626708984,13.449999809265137,34.36664581298828,41.82418441772461,42.0,35.41653823852539,46.40372085571289,171990.0,178.61584867323157
2026-06-26,20.23904800415039,53.87177658081055,34.427940368652344,47.07852554321289,337.17327880859375,42.184478759765625,17.100000381469727,372.2691955566406,29.61865997314453,192.31480407714844,53.290000915527344,13.6899995803833,34.709999084472656,42.56487274169922,40.11000061035156,36.162353515625,46.802894592285156,173295.0,178.70967736469808
2026-06-29,20.15944480895996,53.72393798828125,34.6730842590332,47.40491485595703,353.4228210449219,42.354251861572266,17.700000762939453,367.8774719238281,29.301776885986328,194.7520751953125,53.150001525878906,13.609999656677246,34.68000030517578,42.25,39.68000030517578,36.211421966552734,46.693119049072266,173205.0,178.80355534531455
2026-06-30,19.811182022094727,53.309993743896484,34.378910064697266,47.47414779663086,357.14044189453125,42.12455749511719,18.030000686645508,372.319091796875,28.984895706176758,199.86634826660156,52.150001525878906,13.430000305175781,34.709999084472656,41.540000915527344,39.75,35.867950439453125,46.812870025634766,172024.0,178.897482640973
2026-07-01,19.6320743560791,53.221290588378906,34.11415481567383,46.89060974121094,360.97796630859375,42.402488708496094,18.0,383.5579528808594,28.8799991607666,197.35916137695312,52.400001525878906,13.170000076293945,35.02000045776367,41.08000183105469,40.59000015258789,36.7119026184082,46.164215087890625,171689.0,178.99145927757914
2026-07-02,19.90073585510254,53.75350570678711,34.04551696777344,47.8598747253418,359.6788024902344,42.43246841430664,16.940000534057617,389.7562561035156,29.190000534057617,194.61224365234375,52.56999969482422,13.449999809265137,35.529998779296875,41.25,40.779998779296875,36.62358474731445,46.164215087890625,172788.0,179.08548528105223
2026-07-03,19.880834579467773,55.034759521484375,34.251434326171875,48.03790283203125,359.6788024902344,42.70222854614258,16.780000686645508,389.7562561035156,29.350000381469727,194.61224365234375,52.959999084472656,13.630000114440918,35.75,41.45000076293945,40.79999923706055,36.30955505371094,46.38376235961914,174266.0,179.17956067732524
2026-07-06,19.671876907348633,54.58139419555664,33.14338684082031,47.20710372924805,366.2245788574219,42.52238845825195,16.40999984741211,386.0133056640625,28.8700008392334,195.33143615722656,53.56999969482422,13.5,35.0,40.31999969482422,40.720001220703125,35.92683410644531,46.164215087890625,172448.0,179.2736854923446
2026-07-07,19.6320743560791,53.76335906982422,33.339500427246094,48.02801513671875,366.7942199707031,42.39250183105469,15.729999542236328,388.109375,28.6200008392334,196.7098846435547,56.22999954223633,13.5,34.83000183105469,39.09000015258789,40.91999816894531,34.34687805175781,45.7750244140625,172021.0,179.36785975207061
2026-07-08,19.433069229125977,53.17201614379883,30.721370697021484,48.06757354736328,361.6875305175781,41.85297775268555,15.380000114440918,382.6197204589844,28.510000228881836,203.891845703125,56.41999816894531,13.25,34.08000183105469,38.84000015258789,40.83000183105469,32.600093841552734,45.256099700927734,170654.0,179.46208348247697
2026-07-09,19.90073585510254,54.87706756591797,32.06475830078125,49.55113983154297,358.65948486328125,42.5523567199707,15.40999984741211,383.6377868652344,28.979999542236328,202.5533447265625,55.61000061035156,13.75,35.150001525878906,39.400001525878906,41.029998779296875,33.84639358520508,45.645294189453125,172742.0,179.55635670955112
2026-07-10,20.47785758972168,57.88308334350586,33.5454216003418,51.54901123046875,356.9505615234375,44.26084518432617,15.550000190734863,384.37640380859375,30.290000915527344,210.72421264648438,55.45000076293945,14.359999656677246,36.02000045776367,41.099998474121094,41.54999923706055,34.70016098022461,46.4136962890625,177866.0,179.65067945929422
2026-07-13,20.139543533325195,56.69053268432617,32.47659683227539,50.40171813964844,352.2835693359375,43.481536865234375,15.720000267028809,390.2553405761719,29.75,203.30250549316406,57.20000076293945,14.109999656677246,35.560001373291016,40.20000076293945,41.4900016784668,33.9052734375,44.29808807373047,175739.0,179.74505175772097
2026-07-14,20.487808227539062,57.11433410644531,32.93746566772461,51.07426834106445,359.2790832519531,43.5914421081543,16.09000015258789,384.20672607421875,29.6200008392334,211.5632781982422,57.56999969482422,14.130000114440918,36.04999923706055,40.540000915527344,41.11000061035156,33.95433807373047,44.108482360839844,176641.0,179.8394736308598
2026-07-15,20.44800567626953,56.21745681762695,32.094173431396484,50.35226821899414,370.6817626953125,43.101871490478516,15.399999618530273,394.8866271972656,29.739999771118164,212.26248168945312,57.5,14.069999694824219,36.0099983215332,40.349998474121094,41.47999954223633,32.42345428466797,44.168357849121094,176011.0,179.93394510475287
2026-07-16,20.656963348388672,55.77394485473633,30.682147979736328,49.52146911621094,354.2322998046875,42.512393951416016,15.289999961853027,400.3463439941406,29.219999313354492,207.16818237304688,56.790000915527344,13.930000305175781,35.869998931884766,38.86000061035156,41.70000076293945,31.883716583251953,43.39995193481445,173825.0,180.02846620545586
2026-07-17,20.388303756713867,55.36985778808594,30.07419204711914,48.710453033447266,346.5472412109375,41.92291259765625,15.029999732971191,393.08001708984375,28.530000686645508,202.58331298828125,57.849998474121094,13.699999809265137,35.779998779296875,38.22999954223633,41.93000030517578,31.079017639160156,43.5396614074707,173714.0,180.12303695903822
2026-07-20,20.06989288330078,55.034759521484375,29.603517532348633,48.94782638549805,351.7638854980469,42.26261520385742,14.520000457763672,401.53411865234375,28.31999969482422,203.05279541015625,57.689998626708984,13.569999694824219,35.45000076293945,37.4900016784668,41.88999938964844,30.04861068725586,43.04069900512695,173371.0,180.21765739158317
2026-07-21,20.7763671875,54.571537017822266,29.368179321289062,48.48297119140625,346.927001953125,42.492408752441406,15.109999656677246,397.00262451171875,28.350000381469727,207.0583038330078,58.18000030517578,13.239999771118164,33.91999816894531,36.54999923706055,41.630001068115234,29.086896896362305,42.38206481933594,173326.0,180.31232752918754
2026-07-22,20.985326766967773,56.1977424621582,29.613323211669922,49.72916793823242,341.8702392578125,42.86208724975586,16.030000686645508,389.6065673828125,28.969999313354492,211.82298278808594,59.77000045776367,13.640000343322754,34.4900016784668,37.13999938964844,42.65999984741211,28.831748962402344,46.64322280883789,177548.0,180.40704739796192
2026-07-23,20.826120376586914,55.48812484741211,29.04458999633789,49.45223617553711,317.4859313964844,42.52238845825195,15.59000015258789,380.8630065917969,28.43000030517578,208.5266571044922,60.540000915527344,13.960000038146973,33.66999816894531,37.13999938964844,42.43000030517578,28.910255432128906,45.575435638427734,176724.0,180.50181702403052
2026-07-24,20.248998641967773,53.881629943847656,28.779834747314453,48.463191986083984,319.53460693359375,42.06278991699219,14.84000015258789,380.9828186035156,28.040000915527344,206.6088104248047,58.81999969482422,13.569999694824219,33.380001068115234,36.88999938964844,41.84000015258789,29.19484519958496,45.894775390625,174042.0,180.59663643353144
2026-07-27,20.39825439453125,54.748939514160156,29.799631118774414,49.0961799621582,326.3502197265625,42.65226745605469,15.890000343322754,388.368896484375,28.559999465942383,196.2903594970703,55.709999084472656,13.800000190734863,33.599998474121094,37.720001220703125,41.869998931884766,30.215438842773438,46.30392837524414,175335.0,180.6915056526163
2026-07-28,20.72661590576172,55.034759521484375,29.51526641845703,49.254425048828125,333.4956359863281,42.822120666503906,16.299999237060547,392.61090087890625,28.790000915527344,196.789794921875,56.77000045776367,14.079999923706055,34.31999969482422,38.369998931884766,43.099998474121094,29.499059677124023,46.60330581665039,176565.0,180.7864247074507
2026-07-29,20.676864624023438,53.87177658081055,28.289548873901367,47.929107666015625,336.49371337890625,41.78303909301758,16.65999984741211,389.8061828613281,27.540000915527344,189.79762268066406,58.40999984741211,13.949999809265137,33.849998474121094,37.439998626708984,42.29999923706055,28.547161102294922,45.54549789428711,173885.0,180.88139362421379
2026-07-30,21.084829330444336,55.80350875854492,29.809436798095703,49.06650924682617,333.4456787109375,42.70222854614258,17.959999084472656,450.2524108886719,28.229999542236328,194.82199096679688,59.959999084472656,14.279999732971191,34.41999816894531,38.22999954223633,42.72999954223633,29.489246368408203,46.72305679321289,177159.0,180.9764124290985
2026-07-31,21.244035720825195,55.98091506958008,29.50545883178711,49.264320373535156,355.9012451171875,42.85209274291992,17.540000915527344,463.8468017578125,28.1299991607666,200.52561950683594,60.849998474121094,14.4399995803833,34.63999938964844,37.61000061035156,43.31999969482422,29.764022827148438,47.102272033691406,177999.0,181.07148114831165
2026-08-03,21.164432525634766,56.29629898071289,30.839040756225586,49.64015197753906,373.27008056640625,43.1501350402832,17.700000762939453,486.73370361328125,28.719999313354492,206.40904235839844,58.5,14.15999984741211,34.060001373291016,38.099998474121094,43.099998474121094,31.098644256591797,48.10020065307617,178000.0,181.16659980807367
2026-08-04,20.885822296142578,55.931636810302734,31.133211135864258,49.778621673583984,377.40740966796875,42.08062744140625,16.93000030517578,491.884033203125,29.06999969482422,211.70310974121094,58.45000076293945,14.119999885559082,34.400001525878906,39.09000015258789,43.02000045776367,31.265472412109375,49.06818771362305,177895.0,181.26176843461886
2026-08-05,20.945524215698242,55.99077224731445,31.40777015686035,49.68960952758789,362.1971740722656,42.360504150390625,16.770000457763672,486.5440673828125,28.700000762939453,218.9749755859375,59.20000076293945,13.989999771118164,34.45000076293945,39.20000076293945,42.84000015258789,32.825801849365234,48.69895553588867,177726.0,181.35698705419523
2026-08-06,20.179346084594727,55.38956832885742,30.9174861907959,48.91815185546875,357.52020263671875,41.81075668334961,16.459999084472656,498.9207458496094,27.8799991607666,218.7452392578125,58.61000061035156,13.710000038146973,34.060001373291016,38.15999984741211,41.970001220703125,32.482330322265625,48.29978561401367,175546.0,181.45067607370743
2026-08-07,19.960437774658203,53.132591247558594,30.75078773498535,46.366416931152344,354.0723876953125,40.73125076293945,16.06999969482422,499.0505065917969,27.790000915527344,223.70968627929688,57.45000076293945,13.59000015258789,33.91999816894531,37.81999969482422,41.70000076293945,33.00244140625,48.020362854003906,172513.0,181.54441349296712
2026-08-10,19.930587768554688,53.08331298828125,31.074377059936523,45.81254959106445,357.29034423828125,40.40140151977539,15.9399995803833,505.109130859375,28.030000686645508,217.3068389892578,61.2400016784668,13.220000267028809,33.970001220703125,36.29999923706055,41.290000915527344,32.2271842956543,47.53137969970703,172180.0,181.63819933697764
2026-08-11,19.184309005737305,50.130001068115234,30.88806915283203,45.13999938964844,343.5791320800781,38.9820556640625,16.15999984741211,502.86334228515625,27.1299991607666,217.25689697265625,59.25,12.960000038146973,33.16999816894531,34.709999084472656,40.380001068115234,31.79539680480957,47.261940002441406,167875.0,181.73203363075513
2026-08-12,18.905698776245117,49.599998474121094,30.270307540893555,44.4900016784668,343.3193359375,38.41231918334961,16.579999923706055,491.5047302246094,27.260000228881836,223.8395233154297,59.13999938964844,12.960000038146973,32.4900016784668,34.099998474121094,41.45000076293945,32.806175231933594,47.541358947753906,167491.0,181.82591639932878
2026-08-13,18.119619369506836,50.2400016784668,31.770586013793945,43.95000076293945,346.13751220703125,38.29237365722656,16.350000381469727,495.9463806152344,27.3700008392334,225.04818725585938,59.06999969482422,13.550000190734863,34.540000915527344,34.060001373291016,41.5,33.46366882324219,47.401649475097656,167101.0,181.91984766774067
2026-08-14,18.288774490356445,51.0,31.133211135864258,43.79999923706055,345.67779541015625,38.9820556640625,16.360000610351562,494.4691467285156,26.729999542236328,224.90834045410156,58.630001068115234,13.670000076293945,33.65999984741211,33.5099983215332,42.029998779296875,33.66999816894531,47.401649475097656,166934.0,182.01382746104585
2026-08-17,17.860910415649414,50.0,32.31999969482422,43.689998626708984,343.7790222167969,38.362342834472656,16.100000381469727,479.44744873046875,26.729999542236328,224.7584991455078,61.58000183105469,13.630000114440918,33.09000015258789,33.43000030517578,40.58000183105469,33.540000915527344,47.8906364440918,166784.0,182.10785580431224
2026-08-18,17.711654663085938,50.220001220703125,31.049999237060547,43.66999816894531,343.9789123535156,38.172428131103516,16.079999923706055,480.72503662109375,26.3799991607666,219.49440002441406,61.5,13.260000228881836,32.810001373291016,32.470001220703125,41.15999984741211,32.279998779296875,48.3696403503418,166335.0,182.20193272262074
2026-08-19,17.990264892578125,50.5099983215332,31.450000762939453,44.290000915527344,344.4985656738281,38.35234451293945,17.309999465942383,483.3999938964844,26.489999771118164,217.31683349609375,61.529998779296875,13.75,33.650001525878906,32.5099983215332,43.06999969482422,32.04999923706055,48.4095573425293,167830.0,182.29605824106528
2026-08-20,17.950464248657227,49.86000061035156,29.950000762939453,43.709999084472656,340.451171875,37.492740631103516,18.270000457763672,481.1499938964844,26.350000381469727,216.60763549804688,62.040000915527344,13.890000343322754,33.75,32.029998779296875,44.15999984741211,30.889999389648438,48.29978561401367,167927.0,182.39023238475264
2026-08-21,18.33852767944336,51.849998474121094,29.899999618530273,44.7599983215332,344.5985107421875,38.582237243652344,19.540000915527344,483.239990234375,26.860000610351562,214.48001098632812,62.849998474121094,14.25,34.25,33.91999816894531,44.970001220703125,31.139999389648438,49.16798400878906,171032.0,182.48445517880262
2026-08-24,18.5076847076416,52.599998474121094,30.309999465942383,45.41999816894531,347.83642578125,38.712181091308594,18.459999084472656,487.30999755859375,26.940000534057617,208.24697875976562,61.619998931884766,14.239999771118164,34.52000045776367,33.70000076293945,46.31999969482422,31.020000457763672,48.96839904785156,171907.0,182.57872664834798
2026-08-25,19.472869873046875,54.20000076293945,32.58000183105469,47.2400016784668,346.73712158203125,39.421852111816406,18.309999465942383,491.7099914550781,27.520000457763672,212.81187438964844,60.880001068115234,14.529999732971191,36.06999969482422,35.650001525878906,46.34000015258789,33.43000030517578,49.47734451293945,174577.0,182.67304681853454
2026-08-26,19.423118591308594,54.06999969482422,31.989999771118164,47.56999969482422,341.7803039550781,39.43185043334961,18.559999465942383,496.3699951171875,27.420000076293945,209.4256591796875,60.7599983215332,14.59000015258789,35.29999923706055,35.400001525878906,46.150001525878906,32.060001373291016,50.31560134887695,174586.0,182.767415714521
2026-08-27,19.87088394165039,53.7400016784668,32.849998474121094,47.5,340.4311828613281,39.082008361816406,18.760000228881836,505.05999755859375,27.420000076293945,227.7251739501953,61.09000015258789,14.8100004196167,35.310001373291016,35.060001373291016,46.400001525878906,33.38999938964844,50.14595413208008,175135.0,182.86183336147917
2026-08-28,20.06989288330078,53.58000183105469,32.720001220703125,47.369998931884766,346.36737060546875,39.171966552734375,18.239999771118164,513.530029296875,27.3799991607666,217.3068389892578,60.540000915527344,14.880000114440918,35.439998626708984,34.810001373291016,45.9900016784668,32.75,49.87651443481445,175665.0,182.9562997845937
2026-08-31,20.637062072753906,54.709999084472656,32.599998474121094,48.0,339.13201904296875,39.5018196105957,18.260000228881836,507.2900085449219,27.920000076293945,220.53323364257812,62.68000030517578,15.079999923706055,35.18000030517578,35.06999969482422,45.29999923706055,33.099998474121094,50.046165466308594,177419.0,183.05081500906243
2026-09-01,21.10472869873047,55.970001220703125,32.29999923706055,48.779998779296875,334.8047790527344,39.880001068115234,18.299999237060547,501.0199890136719,28.350000381469727,217.1969757080078,63.9900016784668,15.300000190734863,35.68000030517578,34.63999938964844,45.7599983215332,33.099998474121094,49.59709548950195,179723.0,183.14537906009613
2026-09-02,22.260000228881836,57.68000030517578,33.65999984741211,51.150001525878906,336.9034423828125,41.40999984741211,18.5,496.82000732421875,29.43000030517578,224.1591796875,64.41000366210938,14.65999984741211,37.130001068115234,36.36000061035156,46.75,34.25,50.73473358154297,185205.0,183.2399919629186
2026-09-03,22.450000762939453,58.810001373291016,32.79999923706055,51.369998931884766,342.260009765625,41.91999816894531,18.3700008392334,510.1199951171875,30.350000381469727,228.1946563720703,61.5,14.8100004196167,37.38999938964844,36.75,46.790000915527344,33.619998931884766,51.95220947265625,185188.0,183.33465374276668
2026-09-04,22.520000457763672,59.2400016784668,33.209999084472656,51.43000030517578,338.4599914550781,41.91999816894531,17.690000534057617,499.70001220703125,30.18000030517578,230.10252380371094,60.189998626708984,14.550000190734863,37.130001068115234,36.63999938964844,46.88999938964844,34.630001068115234,51.632869720458984,185147.0,183.4293644248902
2026-09-08,22.600000381469727,60.529998779296875,33.4900016784668,51.4900016784668,338.3599853515625,42.43000030517578,17.56999969482422,493.95001220703125,30.34000015258789,225.47769165039062,62.0,14.550000190734863,37.459999084472656,36.849998474121094,47.029998779296875,35.15999984741211,52.54098892211914,187367.0,183.52412403455213
2026-09-09,22.18000030517578,59.060001373291016,32.27000045776367,50.459999084472656,330.6499938964844,41.59000015258789,17.15999984741211,491.6499938964844,29.8700008392334,223.4199981689453,62.52000045776367,14.5,36.93000030517578,35.720001220703125,47.22999954223633,33.040000915527344,51.58297348022461,185629.0,183.6189325970284
2026-09-10,22.799999237060547,60.45000076293945,32.380001068115234,51.810001373291016,332.6000061035156,42.349998474121094,16.940000534057617,492.44000244140625,30.389999389648438,218.36000061035156,64.19000244140625,14.949999809265137,38.060001373291016,36.810001373291016,48.099998474121094,33.099998474121094,52.06197738647461,188269.0,183.71379013760804
2026-09-11,22.489999771118164,60.81999969482422,31.81999969482422,51.61000061035156,338.5,42.72999954223633,17.09000015258789,495.6300048828125,30.06999969482422,218.2899932861328,64.19000244140625,14.829999923706055,37.61000061035156,35.79999923706055,47.810001373291016,32.11000061035156,51.38338851928711,187207.0,183.80869668159315
2026-09-14,22.1200008392334,60.47999954223633,30.799999237060547,51.349998474121094,349.3900146484375,42.349998474121094,17.209999084472656,505.4100036621094,29.829999923706055,210.9600067138672,63.90999984741211,14.539999961853027,37.04999923706055,35.59000015258789,47.29999923706055,31.479999542236328,50.63494110107422,185501.0,183.9036522542989
2026-09-15,22.040000915527344,60.20000076293945,31.25,51.529998779296875,344.9800109863281,42.66999816894531,17.350000381469727,497.1199951171875,30.190000534057617,212.1699981689453,65.68000030517578,14.699999809265137,36.939998626708984,35.68000030517578,47.560001373291016,31.149999618530273,50.77465057373047,186503.0,183.99865688105345
2026-09-16,22.709999084472656,60.83000183105469,30.469999313354492,52.209999084472656,342.8699951171875,42.619998931884766,17.010000228881836,490.29998779296875,30.059999465942383,213.89999389648438,62.58000183105469,14.850000381469727,37.279998779296875,36.439998626708984,46.70000076293945,30.780000686645508,51.17382049560547,185548.0,184.09371058719825
2026-09-17,22.780000686645508,61.13999938964844,28.899999618530273,52.11000061035156,347.3299865722656,42.58000183105469,16.670000076293945,497.75,29.6200008392334,219.33999633789062,63.290000915527344,14.9399995803833,37.130001068115234,36.70000076293945,47.400001525878906,29.25,50.974239349365234,185992.0,184.1872081009313
2026-09-18,23.200000762939453,61.400001525878906,29.049999237060547,52.08000183105469,349.5400085449219,42.33000183105469,16.850000381469727,493.7799987792969,30.649999618530273,222.27000427246094,63.2400016784668,14.970000267028809,37.22999954223633,36.20000076293945,47.9900016784668,30.1200008392334,51.672786712646484,185229.0,184.28075310018158
2026-09-21,22.989999771118164,63.5,29.040000915527344,52.810001373291016,354.9700012207031,43.08000183105469,16.84000015258789,501.6099853515625,31.520000457763672,227.3800048828125,61.04999923706055,15.40999984741211,38.119998931884766,37.439998626708984,47.25,29.239999771118164,51.08000183105469,186596.0,184.3743456090661
2026-09-22,22.489999771118164,62.95000076293945,28.270000457763672,52.83000183105469,357.9200134277344,42.790000915527344,16.93000030517578,495.4649963378906,31.43000030517578,228.75999450683594,60.4900016784668,15.460000038146973,37.68000030517578,37.189998626708984,48.06999969482422,28.690000534057617,51.470001220703125,185927.671875,184.3743456090661
